source,label,n_doms_A,n_doms_B,len_A,len_B,n_crosslinks_domain,n_crosslinks_total
PDB_contact,1,9,5,349,272,238,683
PDB_contact,1,7,5,345,270,151,643
PDB_contact,1,3,3,293,277,528,626
PDB_contact,1,5,8,251,350,221,538
PDB_contact,1,4,4,256,206,235,455
PDB_contact,1,3,10,319,312,135,436
PDB_contact,1,3,3,266,247,187,398
PDB_contact,1,4,10,336,322,112,424
PDB_contact,1,3,6,257,203,61,407
PDB_contact,1,5,5,309,327,116,387
PDB_contact,1,2,2,333,328,298,380
PDB_contact,1,2,3,333,315,295,377
PDB_contact,1,2,3,304,271,257,374
PDB_contact,1,5,10,232,152,83,330
PDB_contact,1,3,3,327,319,204,365
PDB_contact,1,7,1,324,108,357,363
PDB_contact,1,9,10,86,347,97,349
PDB_contact,1,8,3,321,282,127,342
PDB_contact,1,4,4,303,301,151,341
PDB_contact,1,2,4,185,339,181,317
PDB_contact,1,3,3,350,270,148,313
PDB_contact,1,7,3,350,213,160,312
PDB_contact,1,2,2,156,166,151,311
PDB_contact,1,4,4,331,314,132,311
PDB_contact,1,6,5,210,299,209,307
PDB_contact,1,4,3,344,292,119,306
PDB_contact,1,3,3,350,350,190,301
PDB_contact,1,1,2,316,251,172,298
PDB_contact,1,4,3,272,342,143,294
PDB_contact,1,1,1,269,247,293,293
PDB_contact,1,5,10,240,347,72,276
PDB_contact,1,2,7,324,330,125,291
PDB_contact,1,3,2,302,320,289,289
PDB_contact,1,2,3,333,255,275,275
PDB_contact,1,5,2,310,330,186,288
PDB_contact,1,3,4,322,339,168,283
PDB_contact,1,4,2,324,213,112,283
PDB_contact,1,3,2,219,332,202,282
PDB_contact,1,2,10,321,347,117,276
PDB_contact,1,7,3,341,181,84,276
PDB_contact,1,5,2,265,330,189,269
PDB_contact,1,2,1,215,270,137,239
PDB_contact,1,3,2,194,252,168,267
PDB_contact,1,3,4,301,290,82,266
PDB_contact,1,3,3,324,265,87,265
PDB_contact,1,3,3,329,333,126,265
PDB_contact,1,2,3,308,345,115,265
PDB_contact,1,2,2,272,276,140,264
PDB_contact,1,5,5,79,134,133,264
PDB_contact,1,2,3,295,263,115,263
PDB_contact,1,2,4,283,275,163,263
PDB_contact,1,4,4,350,334,181,181
PDB_contact,1,5,6,327,310,142,262
PDB_contact,1,2,2,273,342,173,262
PDB_contact,1,2,1,201,310,241,261
PDB_contact,1,3,4,350,329,215,259
PDB_contact,1,5,4,330,350,210,258
PDB_contact,1,1,1,348,339,258,258
PDB_contact,1,4,3,350,293,95,257
PDB_contact,1,3,3,350,342,88,257
PDB_contact,1,7,8,275,350,123,254
PDB_contact,1,1,1,272,286,254,254
PDB_contact,1,2,2,268,211,178,253
PDB_contact,1,2,3,299,149,192,252
PDB_contact,1,1,2,281,320,251,251
PDB_contact,1,4,3,332,320,148,250
PDB_contact,1,2,2,273,322,247,247
PDB_contact,1,2,3,295,329,100,245
PDB_contact,1,1,1,272,299,245,245
PDB_contact,1,5,6,299,344,150,241
PDB_contact,1,2,7,325,344,106,241
PDB_contact,1,6,2,306,262,223,238
PDB_contact,1,3,4,324,286,233,237
PDB_contact,1,1,1,327,334,237,237
PDB_contact,1,3,9,201,241,91,194
PDB_contact,1,1,4,297,350,182,236
PDB_contact,1,1,1,310,324,230,230
PDB_contact,1,3,4,322,318,154,234
PDB_contact,1,3,4,210,212,56,56
PDB_contact,1,2,5,318,250,90,230
PDB_contact,1,2,2,283,293,201,229
PDB_contact,1,4,6,283,319,126,229
PDB_contact,1,6,3,341,123,109,228
PDB_contact,1,1,1,205,205,227,227
PDB_contact,1,3,3,342,225,159,227
PDB_contact,1,2,4,301,218,79,224
PDB_contact,1,3,3,350,348,184,223
PDB_contact,1,1,3,249,350,198,222
PDB_contact,1,2,1,323,308,220,220
PDB_contact,1,2,3,276,310,107,219
PDB_contact,1,2,3,303,265,103,216
PDB_contact,1,4,2,350,348,168,216
PDB_contact,1,10,3,323,348,75,215
PDB_contact,1,10,2,347,215,91,215
PDB_contact,1,3,10,317,312,143,215
PDB_contact,1,4,5,331,293,123,215
PDB_contact,1,1,1,140,315,160,160
PDB_contact,1,2,2,312,269,112,214
PDB_contact,1,2,1,200,227,135,214
PDB_contact,1,1,1,140,176,160,160
PDB_contact,1,3,4,324,329,132,212
PDB_contact,1,2,2,167,256,189,212
PDB_contact,1,7,3,338,335,42,211
PDB_contact,1,1,10,343,224,105,209
PDB_contact,1,3,3,246,180,70,209
PDB_contact,1,1,1,254,261,209,209
PDB_contact,1,3,2,324,295,91,207
PDB_contact,1,6,4,269,309,73,207
PDB_contact,1,3,3,322,337,118,206
PDB_contact,1,2,4,274,350,93,206
PDB_contact,1,2,3,295,329,144,203
PDB_contact,1,2,2,325,321,165,178
PDB_contact,1,2,3,236,245,80,177
PDB_contact,1,5,4,342,350,125,162
PDB_contact,1,3,3,340,324,93,201
PDB_contact,1,3,3,275,270,80,201
PDB_contact,1,2,3,341,346,201,201
PDB_contact,1,3,2,289,170,195,200
PDB_contact,1,6,2,178,92,137,200
PDB_contact,1,4,1,344,247,124,199
PDB_contact,1,3,5,298,323,84,199
PDB_contact,1,1,2,186,316,198,198
PDB_contact,1,3,4,292,337,197,197
PDB_contact,1,8,2,285,328,91,195
PDB_contact,1,2,3,312,345,116,195
PDB_contact,1,1,4,322,329,80,91
PDB_contact,1,2,2,253,246,107,193
PDB_contact,1,4,5,249,350,83,194
PDB_contact,1,3,2,345,269,102,194
PDB_contact,1,2,2,312,249,92,193
PDB_contact,1,3,2,302,271,77,193
PDB_contact,1,3,3,247,263,58,191
PDB_contact,1,1,4,280,350,141,191
PDB_contact,1,1,1,254,266,174,174
PDB_contact,1,2,1,349,180,190,190
PDB_contact,1,2,2,272,342,155,190
PDB_contact,1,2,2,274,276,132,189
PDB_contact,1,2,2,274,246,109,186
PDB_contact,1,2,1,319,306,189,189
PDB_contact,1,3,3,324,271,111,189
PDB_contact,1,1,3,218,340,182,189
PDB_contact,1,2,1,202,306,188,188
PDB_contact,1,2,2,253,274,100,186
PDB_contact,1,1,3,88,124,187,187
PDB_contact,1,2,3,336,324,156,187
PDB_contact,1,2,4,325,347,142,187
PDB_contact,1,2,1,264,334,112,187
PDB_contact,1,4,5,249,350,82,186
PDB_contact,1,3,2,302,255,112,186
PDB_contact,1,6,5,206,281,157,185
PDB_contact,1,2,4,335,309,113,185
PDB_contact,1,2,2,253,245,116,184
PDB_contact,1,2,1,336,218,184,184
PDB_contact,1,6,1,314,102,128,183
PDB_contact,1,1,4,100,286,90,183
PDB_contact,1,1,4,81,344,154,183
PDB_contact,1,5,4,178,236,57,182
PDB_contact,1,1,1,118,226,182,182
PDB_contact,1,3,5,301,294,28,28
PDB_contact,1,1,1,212,206,181,181
PDB_contact,1,1,1,318,115,181,181
PDB_contact,1,1,1,258,260,180,180
PDB_contact,1,10,7,329,250,52,148
PDB_contact,1,2,2,274,259,115,178
PDB_contact,1,3,3,194,159,180,180
PDB_contact,1,2,5,329,98,104,180
PDB_contact,1,2,3,244,316,179,179
PDB_contact,1,6,1,341,216,121,179
PDB_contact,1,2,2,246,258,109,176
PDB_contact,1,2,1,99,109,121,121
PDB_contact,1,2,1,333,340,178,178
PDB_contact,1,2,2,263,339,94,178
PDB_contact,1,1,3,346,316,111,178
PDB_contact,1,2,2,273,277,127,177
PDB_contact,1,2,2,274,245,109,176
PDB_contact,1,8,4,326,339,92,176
PDB_contact,1,3,3,350,350,116,176
PDB_contact,1,2,4,324,243,124,176
PDB_contact,1,3,4,260,315,84,175
PDB_contact,1,2,2,349,336,175,175
PDB_contact,1,1,5,235,350,157,175
PDB_contact,1,6,2,341,250,92,174
PDB_contact,1,3,1,334,308,130,174
PDB_contact,1,1,1,103,136,174,174
PDB_contact,1,1,3,192,284,118,174
PDB_contact,1,1,2,249,256,174,174
PDB_contact,1,1,1,161,256,174,174
PDB_contact,1,1,1,126,130,173,173
PDB_contact,1,1,1,130,126,173,173
PDB_contact,1,1,1,126,130,173,173
PDB_contact,1,1,1,130,126,173,173
PDB_contact,1,4,5,191,335,154,173
PDB_contact,1,11,4,335,299,120,167
PDB_contact,1,6,5,308,327,120,172
PDB_contact,1,2,2,246,259,106,171
PDB_contact,1,2,5,329,246,128,172
PDB_contact,1,1,1,103,136,171,171
PDB_contact,1,1,3,260,130,139,171
PDB_contact,1,1,1,126,130,171,171
PDB_contact,1,2,2,252,245,105,170
PDB_contact,1,1,3,158,316,84,164
PDB_contact,1,1,1,130,126,170,170
PDB_contact,1,1,3,213,324,109,170
PDB_contact,1,3,3,350,301,64,170
PDB_contact,1,1,1,98,174,170,170
PDB_contact,1,2,2,246,252,110,170
PDB_contact,1,1,1,201,216,126,126
PDB_contact,1,6,1,350,125,127,127
PDB_contact,1,1,3,108,266,166,169
PDB_contact,1,2,6,313,216,95,95
PDB_contact,1,2,2,333,325,169,169
PDB_contact,1,1,1,130,127,169,169
PDB_contact,1,2,2,289,279,167,169
PDB_contact,1,1,1,126,128,167,167
PDB_contact,1,1,1,129,126,168,168
PDB_contact,1,1,2,149,92,121,168
PDB_contact,1,1,2,207,137,168,168
PDB_contact,1,6,3,216,236,62,168
PDB_contact,1,1,1,103,136,167,167
PDB_contact,1,2,1,210,268,167,167
PDB_contact,1,2,8,301,292,97,167
PDB_contact,1,4,5,236,177,54,167
PDB_contact,1,1,1,130,126,167,167
PDB_contact,1,3,4,239,216,64,166
PDB_contact,1,1,1,199,183,166,166
PDB_contact,1,2,2,322,347,148,166
PDB_contact,1,1,1,275,315,166,166
PDB_contact,1,1,1,130,126,165,165
PDB_contact,1,4,4,331,280,123,123
PDB_contact,1,1,1,130,153,165,165
PDB_contact,1,2,2,246,252,109,164
PDB_contact,1,1,1,126,143,165,165
PDB_contact,1,6,1,350,86,102,164
PDB_contact,1,2,3,303,247,66,164
PDB_contact,1,7,3,250,72,92,145
PDB_contact,1,3,6,30,341,50,164
PDB_contact,1,4,1,350,166,101,164
PDB_contact,1,1,1,224,202,164,164
PDB_contact,1,1,3,167,306,93,164
PDB_contact,1,1,1,130,126,164,164
PDB_contact,1,4,4,337,337,95,164
PDB_contact,1,3,6,350,350,93,164
PDB_contact,1,2,3,333,303,56,164
PDB_contact,1,1,1,126,128,163,163
PDB_contact,1,1,1,71,340,162,162
PDB_contact,1,1,9,210,266,85,163
PDB_contact,1,2,1,114,264,87,163
PDB_contact,1,1,1,126,130,163,163
PDB_contact,1,8,4,338,343,83,163
PDB_contact,1,1,1,128,126,162,162
PDB_contact,1,1,1,178,196,162,162
PDB_contact,1,6,10,304,220,50,162
PDB_contact,1,2,2,292,345,130,162
PDB_contact,1,2,3,336,327,161,162
PDB_contact,1,2,3,350,295,105,162
PDB_contact,1,1,1,126,130,162,162
PDB_contact,1,1,1,116,138,161,161
PDB_contact,1,1,4,245,336,147,161
PDB_contact,1,2,2,253,246,107,161
PDB_contact,1,1,4,81,346,157,161
PDB_contact,1,1,1,128,126,161,161
PDB_contact,1,3,1,258,140,161,161
PDB_contact,1,2,2,250,246,95,159
PDB_contact,1,8,4,324,326,63,160
PDB_contact,1,1,2,70,256,158,160
PDB_contact,1,3,2,113,156,105,160
PDB_contact,1,1,1,205,277,159,159
PDB_contact,1,1,4,108,277,136,159
PDB_contact,1,6,7,338,342,111,159
PDB_contact,1,6,4,300,338,91,159
PDB_contact,1,1,1,197,224,159,159
PDB_contact,1,2,1,345,346,159,159
PDB_contact,1,2,2,230,336,115,158
PDB_contact,1,7,2,333,256,62,158
PDB_contact,1,7,2,333,328,81,158
PDB_contact,1,5,1,321,182,96,104
PDB_contact,1,1,1,130,126,158,158
PDB_contact,1,2,1,324,340,158,158
PDB_contact,1,1,1,126,130,158,158
PDB_contact,1,2,2,250,258,96,156
PDB_contact,1,6,4,297,297,68,157
PDB_contact,1,1,1,130,154,157,157
PDB_contact,1,4,1,290,149,156,156
PDB_contact,1,2,1,345,328,156,156
PDB_contact,1,3,3,349,183,79,156
PDB_contact,1,2,2,185,295,107,155
PDB_contact,1,1,1,200,198,155,155
PDB_contact,1,1,1,116,129,155,155
PDB_contact,1,7,2,324,303,122,155
PDB_contact,1,1,3,170,338,105,155
PDB_contact,1,2,1,313,261,144,155
PDB_contact,1,1,1,201,323,154,154
PDB_contact,1,4,1,323,195,144,154
PDB_contact,1,4,6,247,287,83,154
PDB_contact,1,6,3,341,221,66,154
PDB_contact,1,2,2,246,274,97,153
PDB_contact,1,1,4,163,329,145,154
PDB_contact,1,1,3,149,322,87,153
PDB_contact,1,1,4,330,72,132,153
PDB_contact,1,3,3,339,343,82,153
PDB_contact,1,1,1,126,130,153,153
PDB_contact,1,1,1,140,103,152,152
PDB_contact,1,4,5,245,279,71,152
PDB_contact,1,2,3,334,327,151,152
PDB_contact,1,4,2,336,185,151,152
PDB_contact,1,1,1,161,335,152,152
PDB_contact,1,6,4,341,350,83,152
PDB_contact,1,2,2,334,348,73,151
PDB_contact,1,4,1,280,149,67,87
PDB_contact,1,5,4,312,292,86,151
PDB_contact,1,1,2,346,156,93,150
PDB_contact,1,1,1,130,126,151,151
PDB_contact,1,5,4,350,248,100,145
PDB_contact,1,9,4,350,283,58,150
PDB_contact,1,4,7,320,326,88,148
PDB_contact,1,6,7,341,247,75,149
PDB_contact,1,9,4,314,286,93,149
PDB_contact,1,4,2,334,333,101,149
PDB_contact,1,1,4,108,274,127,149
PDB_contact,1,1,1,288,264,149,149
PDB_contact,1,1,2,349,347,132,149
PDB_contact,1,1,1,126,115,149,149
PDB_contact,1,2,1,296,342,148,148
PDB_contact,1,1,1,199,195,148,148
PDB_contact,1,1,3,154,335,148,148
PDB_contact,1,3,3,344,237,79,148
PDB_contact,1,3,1,197,308,147,147
PDB_contact,1,4,1,336,163,147,147
PDB_contact,1,2,1,303,316,146,147
PDB_contact,1,1,3,251,130,147,147
PDB_contact,1,2,1,333,124,92,147
PDB_contact,1,2,3,321,332,141,146
PDB_contact,1,9,1,295,329,60,62
PDB_contact,1,10,1,322,229,30,44
PDB_contact,1,1,7,272,350,146,146
PDB_contact,1,3,4,307,219,71,145
PDB_contact,1,6,10,350,224,37,101
PDB_contact,1,1,1,126,128,145,145
PDB_contact,1,1,10,341,224,64,145
PDB_contact,1,9,1,266,127,62,145
PDB_contact,1,2,2,274,252,94,144
PDB_contact,1,1,1,279,206,144,144
PDB_contact,1,4,1,215,128,108,141
PDB_contact,1,4,3,215,302,107,140
PDB_contact,1,4,4,340,329,81,144
PDB_contact,1,4,4,337,251,38,69
PDB_contact,1,2,2,238,328,55,144
PDB_contact,1,7,1,345,150,108,144
PDB_contact,1,1,3,336,103,144,144
PDB_contact,1,9,1,349,150,119,144
PDB_contact,1,10,1,237,215,144,144
PDB_contact,1,3,3,344,237,77,144
PDB_contact,1,4,2,336,265,60,143
PDB_contact,1,7,3,267,333,110,143
PDB_contact,1,1,1,126,128,143,143
PDB_contact,1,4,2,350,300,143,143
PDB_contact,1,4,5,329,134,85,143
PDB_contact,1,4,1,291,113,143,143
PDB_contact,1,3,1,332,204,138,142
PDB_contact,1,5,5,348,337,62,142
PDB_contact,1,1,3,115,325,87,127
PDB_contact,1,5,1,256,279,138,140
PDB_contact,1,1,1,81,138,140,140
PDB_contact,1,2,4,335,280,79,140
PDB_contact,1,9,1,213,213,76,140
PDB_contact,1,1,1,280,328,140,140
PDB_contact,1,6,4,341,204,86,140
PDB_contact,1,5,1,256,303,140,140
PDB_contact,1,1,5,229,340,139,139
PDB_contact,1,1,1,275,117,139,139
PDB_contact,1,4,3,331,177,67,139
PDB_contact,1,5,1,321,204,97,124
PDB_contact,1,3,1,335,183,80,139
PDB_contact,1,4,1,280,149,77,77
PDB_contact,1,6,2,313,331,33,94
PDB_contact,1,1,2,89,333,90,138
PDB_contact,1,1,5,303,254,137,138
PDB_contact,1,1,3,216,319,88,138
PDB_contact,1,1,1,333,304,138,138
PDB_contact,1,1,1,346,339,138,138
PDB_contact,1,4,2,235,347,82,137
PDB_contact,1,3,3,311,308,82,137
PDB_contact,1,1,1,196,216,137,137
PDB_contact,1,1,2,210,349,109,137
PDB_contact,1,2,4,166,346,65,136
PDB_contact,1,1,1,303,292,136,136
PDB_contact,1,3,2,201,277,76,136
PDB_contact,1,8,4,326,329,100,136
PDB_contact,1,1,1,210,145,136,136
PDB_contact,1,5,10,44,350,89,135
PDB_contact,1,1,3,149,322,84,135
PDB_contact,1,7,3,267,329,135,135
PDB_contact,1,2,3,244,338,84,135
PDB_contact,1,2,7,316,194,135,135
PDB_contact,1,2,1,333,341,135,135
PDB_contact,1,1,7,108,338,97,134
PDB_contact,1,6,2,341,242,86,134
PDB_contact,1,5,7,350,345,79,134
PDB_contact,1,2,1,324,163,134,134
PDB_contact,1,1,1,113,142,134,134
PDB_contact,1,1,1,119,247,134,134
PDB_contact,1,3,1,141,149,118,134
PDB_contact,1,1,1,333,293,134,134
PDB_contact,1,2,2,348,306,57,97
PDB_contact,1,3,2,343,323,72,133
PDB_contact,1,1,3,149,341,68,75
PDB_contact,1,3,3,346,311,81,133
PDB_contact,1,1,1,295,83,132,132
PDB_contact,1,6,6,206,315,50,132
PDB_contact,1,4,2,348,321,89,132
PDB_contact,1,1,3,178,338,99,132
PDB_contact,1,4,2,350,300,129,129
PDB_contact,1,2,1,349,148,129,131
PDB_contact,1,4,10,348,346,39,131
PDB_contact,1,2,1,337,229,112,112
PDB_contact,1,1,3,177,325,78,111
PDB_contact,1,4,4,299,348,112,131
PDB_contact,1,1,1,346,133,131,131
PDB_contact,1,2,1,295,195,131,131
PDB_contact,1,3,5,302,245,103,131
PDB_contact,1,12,4,345,259,72,130
PDB_contact,1,8,3,350,280,17,17
PDB_contact,1,5,8,137,310,34,130
PDB_contact,1,1,4,149,318,56,90
PDB_contact,1,4,2,350,347,125,130
PDB_contact,1,1,1,340,67,130,130
PDB_contact,1,6,2,296,338,77,130
PDB_contact,1,1,1,128,311,129,129
PDB_contact,1,10,1,224,112,55,129
PDB_contact,1,1,1,300,168,129,129
PDB_contact,1,1,6,184,350,99,129
PDB_contact,1,2,2,324,303,84,129
PDB_contact,1,1,2,148,270,84,128
PDB_contact,1,1,4,243,337,128,128
PDB_contact,1,3,4,324,193,71,128
PDB_contact,1,4,5,237,323,85,88
PDB_contact,1,1,2,128,333,79,128
PDB_contact,1,2,1,249,235,72,128
PDB_contact,1,1,4,344,344,57,127
PDB_contact,1,3,3,297,339,79,127
PDB_contact,1,1,1,326,336,127,127
PDB_contact,1,2,4,286,349,127,127
PDB_contact,1,1,1,192,211,127,127
PDB_contact,1,7,1,344,216,77,127
PDB_contact,1,3,3,329,345,97,127
PDB_contact,1,3,3,309,347,74,127
PDB_contact,1,10,4,343,321,73,126
PDB_contact,1,3,3,297,296,73,126
PDB_contact,1,2,1,329,258,125,125
PDB_contact,1,1,5,251,202,63,125
PDB_contact,1,1,2,223,231,91,125
PDB_contact,1,1,4,202,286,72,74
PDB_contact,1,3,8,202,286,34,125
PDB_contact,1,1,2,141,333,87,124
PDB_contact,1,5,1,268,117,115,124
PDB_contact,1,3,5,350,327,53,122
PDB_contact,1,2,3,294,146,92,124
PDB_contact,1,8,1,317,329,93,124
PDB_contact,1,5,2,268,334,62,124
PDB_contact,1,11,2,335,338,58,124
PDB_contact,1,3,3,308,309,72,123
PDB_contact,1,1,1,330,317,123,123
PDB_contact,1,5,2,300,350,66,123
PDB_contact,1,7,1,31,127,36,123
PDB_contact,1,3,3,347,309,74,123
PDB_contact,1,1,1,103,136,123,123
PDB_contact,1,2,1,237,226,89,123
PDB_contact,1,1,2,324,346,122,122
PDB_contact,1,4,3,266,284,59,122
PDB_contact,1,10,5,347,220,63,122
PDB_contact,1,1,1,206,215,122,122
PDB_contact,1,1,2,148,270,80,122
PDB_contact,1,1,3,217,205,68,122
PDB_contact,1,2,4,323,338,121,122
PDB_contact,1,1,3,300,344,94,122
PDB_contact,1,1,11,108,315,102,122
PDB_contact,1,1,2,159,342,65,65
PDB_contact,1,1,5,333,306,76,76
PDB_contact,1,1,2,165,330,122,122
PDB_contact,1,6,4,265,230,52,121
PDB_contact,1,1,7,269,275,96,121
PDB_contact,1,3,3,302,276,100,121
PDB_contact,1,1,1,148,204,121,121
PDB_contact,1,1,5,346,270,93,121
PDB_contact,1,1,3,229,322,96,120
PDB_contact,1,5,4,350,247,92,120
PDB_contact,1,6,3,320,335,46,46
PDB_contact,1,1,5,303,256,120,120
PDB_contact,1,4,1,350,108,79,120
PDB_contact,1,5,1,278,67,68,120
PDB_contact,1,1,1,129,186,120,120
PDB_contact,1,1,1,246,341,120,120
PDB_contact,1,1,2,340,300,83,83
PDB_contact,1,1,1,126,330,90,90
PDB_contact,1,1,1,210,298,119,119
PDB_contact,1,3,1,206,85,61,119
PDB_contact,1,1,1,281,205,119,119
PDB_contact,1,4,2,85,299,70,118
PDB_contact,1,4,6,297,350,88,119
PDB_contact,1,2,2,204,265,55,119
PDB_contact,1,2,9,313,232,44,103
PDB_contact,1,2,1,325,347,119,119
PDB_contact,1,1,4,218,286,92,119
PDB_contact,1,1,1,138,192,118,118
PDB_contact,1,1,1,93,114,115,115
PDB_contact,1,1,1,85,190,118,118
PDB_contact,1,10,1,224,73,57,118
PDB_contact,1,2,2,273,344,110,118
PDB_contact,1,4,2,350,267,118,118
PDB_contact,1,1,1,155,205,118,118
PDB_contact,1,1,2,180,330,78,118
PDB_contact,1,1,8,218,345,53,117
PDB_contact,1,4,3,339,277,105,117
PDB_contact,1,2,5,320,270,46,117
PDB_contact,1,1,2,205,320,117,117
PDB_contact,1,2,4,222,286,90,117
PDB_contact,1,1,3,180,328,91,113
PDB_contact,1,2,3,336,130,99,117
PDB_contact,1,1,1,296,190,116,116
PDB_contact,1,2,1,324,113,116,116
PDB_contact,1,1,7,218,344,52,116
PDB_contact,1,3,1,180,265,80,116
PDB_contact,1,2,1,342,163,116,116
PDB_contact,1,1,1,223,185,116,116
PDB_contact,1,1,3,156,227,63,116
PDB_contact,1,1,7,241,305,96,116
PDB_contact,1,3,4,349,350,80,116
PDB_contact,1,1,4,309,144,52,81
PDB_contact,1,4,9,193,203,90,116
PDB_contact,1,2,1,204,274,63,116
PDB_contact,1,1,2,340,323,115,115
PDB_contact,1,3,1,343,350,115,115
PDB_contact,1,1,3,163,84,110,115
PDB_contact,1,2,7,345,350,96,115
PDB_contact,1,2,4,265,332,65,115
PDB_contact,1,1,2,339,99,62,115
PDB_contact,1,2,3,299,221,87,115
PDB_contact,1,11,1,255,299,115,115
PDB_contact,1,1,1,280,169,114,114
PDB_contact,1,6,6,350,350,98,114
PDB_contact,1,3,4,349,318,99,114
PDB_contact,1,2,1,256,251,86,114
PDB_contact,1,2,1,331,93,86,86
PDB_contact,1,3,1,278,64,82,113
PDB_contact,1,1,2,252,252,89,113
PDB_contact,1,4,1,321,292,91,91
PDB_contact,1,2,2,294,229,113,113
PDB_contact,1,3,4,319,180,38,86
PDB_contact,1,1,2,147,324,113,113
PDB_contact,1,1,4,175,250,112,113
PDB_contact,1,4,1,331,149,58,58
PDB_contact,1,1,1,137,250,112,112
PDB_contact,1,5,5,312,277,58,112
PDB_contact,1,1,1,196,223,112,112
PDB_contact,1,2,1,241,298,79,112
PDB_contact,1,1,3,121,275,85,112
PDB_contact,1,1,4,309,276,89,112
PDB_contact,1,1,5,275,272,88,112
PDB_contact,1,1,4,247,348,90,112
PDB_contact,1,3,2,306,313,76,112
PDB_contact,1,4,3,325,243,73,112
PDB_contact,1,1,1,248,261,111,111
PDB_contact,1,1,2,159,258,72,72
PDB_contact,1,1,4,208,270,111,111
PDB_contact,1,1,5,133,340,111,111
PDB_contact,1,1,1,207,182,111,111
PDB_contact,1,3,1,341,306,77,111
PDB_contact,1,4,5,297,350,87,111
PDB_contact,1,2,4,217,286,87,111
PDB_contact,1,3,4,302,326,59,111
PDB_contact,1,3,6,320,280,5,5
PDB_contact,1,11,7,335,334,72,111
PDB_contact,1,1,1,234,246,110,110
PDB_contact,1,1,1,344,339,110,110
PDB_contact,1,2,1,285,334,100,110
PDB_contact,1,2,2,337,281,110,110
PDB_contact,1,2,2,281,216,95,110
PDB_contact,1,2,1,281,166,110,110
PDB_contact,1,5,3,321,308,41,110
PDB_contact,1,3,4,233,349,110,110
PDB_contact,1,1,1,222,222,110,110
PDB_contact,1,3,4,341,348,98,110
PDB_contact,1,3,5,255,326,42,110
PDB_contact,1,2,2,31,322,66,91
PDB_contact,1,2,3,153,213,92,110
PDB_contact,1,1,4,229,326,58,110
PDB_contact,1,2,5,261,252,77,110
PDB_contact,1,2,1,323,340,109,109
PDB_contact,1,1,1,264,239,109,109
PDB_contact,1,1,1,206,296,109,109
PDB_contact,1,1,1,166,296,109,109
PDB_contact,1,1,2,175,333,72,109
PDB_contact,1,1,3,227,301,109,109
PDB_contact,1,2,1,168,265,98,109
PDB_contact,1,1,1,249,239,109,109
PDB_contact,1,3,2,345,273,80,109
PDB_contact,1,2,10,320,323,45,109
PDB_contact,1,7,2,324,320,64,109
PDB_contact,1,1,5,67,266,67,109
PDB_contact,1,1,4,84,277,109,109
PDB_contact,1,1,3,175,306,87,109
PDB_contact,1,1,2,297,294,93,109
PDB_contact,1,1,1,255,246,108,108
PDB_contact,1,3,2,255,170,63,74
PDB_contact,1,1,1,86,118,108,108
PDB_contact,1,4,3,108,350,108,108
PDB_contact,1,6,2,344,335,108,108
PDB_contact,1,1,3,68,341,66,108
PDB_contact,1,2,1,208,218,108,108
PDB_contact,1,7,1,324,210,79,108
PDB_contact,1,3,2,214,298,73,108
PDB_contact,1,1,3,257,180,72,108
PDB_contact,1,1,2,213,349,108,108
PDB_contact,1,3,3,326,307,72,108
PDB_contact,1,2,3,90,328,50,107
PDB_contact,1,1,1,92,257,107,107
PDB_contact,1,1,8,218,350,57,107
PDB_contact,1,3,3,197,334,72,107
PDB_contact,1,2,6,166,280,64,107
PDB_contact,1,3,1,298,326,107,107
PDB_contact,1,4,2,281,228,54,107
PDB_contact,1,8,1,289,350,107,107
PDB_contact,1,4,1,189,251,63,107
PDB_contact,1,5,2,321,270,99,107
PDB_contact,1,1,1,297,261,107,107
PDB_contact,1,1,1,210,161,107,107
PDB_contact,1,3,1,247,322,107,107
PDB_contact,1,2,2,305,304,54,107
PDB_contact,1,1,2,149,92,85,107
PDB_contact,1,1,2,136,233,98,107
PDB_contact,1,3,4,306,318,101,107
PDB_contact,1,2,4,230,286,87,107
PDB_contact,1,1,1,172,144,107,107
PDB_contact,1,1,2,283,172,98,103
PDB_contact,1,1,2,323,338,106,106
PDB_contact,1,4,1,178,309,88,106
PDB_contact,1,1,1,124,125,106,106
PDB_contact,1,5,3,307,348,47,106
PDB_contact,1,3,1,345,282,106,106
PDB_contact,1,2,1,168,257,91,106
PDB_contact,1,1,3,163,329,82,106
PDB_contact,1,1,2,107,329,106,106
PDB_contact,1,2,4,303,350,73,106
PDB_contact,1,1,1,153,250,105,105
PDB_contact,1,1,2,313,291,105,105
PDB_contact,1,2,2,338,300,90,92
PDB_contact,1,2,2,233,216,105,105
PDB_contact,1,1,1,171,207,105,105
PDB_contact,1,3,1,304,182,93,105
PDB_contact,1,2,10,244,336,89,105
PDB_contact,1,1,10,144,323,92,104
PDB_contact,1,5,1,332,160,56,104
PDB_contact,1,10,3,350,308,46,104
PDB_contact,1,1,2,176,323,74,104
PDB_contact,1,3,3,301,307,104,104
PDB_contact,1,1,6,189,299,104,104
PDB_contact,1,1,2,331,215,60,73
PDB_contact,1,1,4,262,318,92,104
PDB_contact,1,1,3,212,332,104,104
PDB_contact,1,3,2,327,304,104,104
PDB_contact,1,6,6,314,237,33,81
PDB_contact,1,2,2,317,306,82,104
PDB_contact,1,3,3,339,305,33,104
PDB_contact,1,1,4,103,286,84,104
PDB_contact,1,4,4,339,247,98,104
PDB_contact,1,1,1,263,255,103,103
PDB_contact,1,6,1,206,86,103,103
PDB_contact,1,1,2,124,307,82,90
PDB_contact,1,1,2,149,316,103,103
PDB_contact,1,3,7,326,285,42,103
PDB_contact,1,2,1,330,128,103,103
PDB_contact,1,3,3,327,340,79,103
PDB_contact,1,5,3,341,179,31,103
PDB_contact,1,2,2,31,349,66,96
PDB_contact,1,4,3,343,349,53,53
PDB_contact,1,1,6,149,225,44,103
PDB_contact,1,1,5,149,304,48,59
PDB_contact,1,3,1,246,79,96,103
PDB_contact,1,3,2,336,280,67,103
PDB_contact,1,1,1,248,241,102,102
PDB_contact,1,1,1,211,148,102,102
PDB_contact,1,1,2,288,210,102,102
PDB_contact,1,1,2,270,304,102,102
PDB_contact,1,1,6,313,283,56,102
PDB_contact,1,1,1,171,310,102,102
PDB_contact,1,7,2,220,338,102,102
PDB_contact,1,1,2,295,252,80,102
PDB_contact,1,3,1,350,146,57,102
PDB_contact,1,6,3,341,280,67,102
PDB_contact,1,1,1,183,173,102,102
PDB_contact,1,1,1,234,261,101,101
PDB_contact,1,2,10,297,152,54,101
PDB_contact,1,1,6,340,300,70,70
PDB_contact,1,3,2,323,31,59,84
PDB_contact,1,5,1,116,309,101,101
PDB_contact,1,1,1,293,83,100,100
PDB_contact,1,6,1,337,215,44,100
PDB_contact,1,3,4,84,281,71,100
PDB_contact,1,1,3,270,301,100,100
PDB_contact,1,6,1,350,230,100,100
PDB_contact,1,1,6,135,269,51,100
PDB_contact,1,2,1,102,265,89,89
PDB_contact,1,3,6,181,317,100,100
PDB_contact,1,10,1,312,184,100,100
PDB_contact,1,1,1,277,141,100,100
PDB_contact,1,10,2,350,256,99,100
PDB_contact,1,2,4,328,325,76,100
PDB_contact,1,1,1,142,172,100,100
PDB_contact,1,2,1,347,319,96,96
PDB_contact,1,1,2,308,292,93,99
PDB_contact,1,2,1,273,298,99,99
PDB_contact,1,4,2,350,348,47,99
PDB_contact,1,1,1,298,198,99,99
PDB_contact,1,1,2,176,326,72,99
PDB_contact,1,2,2,31,330,58,99
PDB_contact,1,1,4,165,329,50,99
PDB_contact,1,1,1,70,318,99,99
PDB_contact,1,1,1,340,128,99,99
PDB_contact,1,1,3,310,106,93,99
PDB_contact,1,1,4,323,344,87,98
PDB_contact,1,7,1,350,305,98,98
PDB_contact,1,1,6,222,343,42,98
PDB_contact,1,8,3,222,280,37,98
PDB_contact,1,5,2,337,183,98,98
PDB_contact,1,2,5,271,350,43,98
PDB_contact,1,2,6,322,300,98,98
PDB_contact,1,2,1,229,216,50,98
PDB_contact,1,1,2,107,329,98,98
PDB_contact,1,1,2,99,329,98,98
PDB_contact,1,7,7,350,350,95,95
PDB_contact,1,2,1,350,325,95,98
PDB_contact,1,2,1,160,153,52,98
PDB_contact,1,1,1,115,174,98,98
PDB_contact,1,1,1,264,116,98,98
PDB_contact,1,5,4,350,112,93,98
PDB_contact,1,8,2,324,161,63,66
PDB_contact,1,2,4,277,336,28,97
PDB_contact,1,1,1,135,295,97,97
PDB_contact,1,2,1,334,119,97,97
PDB_contact,1,8,1,350,305,62,97
PDB_contact,1,1,1,216,250,97,97
PDB_contact,1,2,1,338,242,97,97
PDB_contact,1,1,4,163,350,92,97
PDB_contact,1,1,6,189,299,96,97
PDB_contact,1,3,8,206,244,55,97
PDB_contact,1,2,12,276,349,97,97
PDB_contact,1,1,9,261,252,53,97
PDB_contact,1,1,1,172,153,97,97
PDB_contact,1,1,3,217,329,69,97
PDB_contact,1,1,1,288,300,96,96
PDB_contact,1,3,2,213,152,79,96
PDB_contact,1,1,2,170,326,74,96
PDB_contact,1,2,1,323,146,96,96
PDB_contact,1,3,2,251,314,82,96
PDB_contact,1,5,1,242,185,67,96
PDB_contact,1,1,4,163,350,96,96
PDB_contact,1,1,1,127,109,57,57
PDB_contact,1,7,3,350,30,52,96
PDB_contact,1,3,3,306,214,78,96
PDB_contact,1,11,6,325,296,85,96
PDB_contact,1,4,4,324,227,63,96
PDB_contact,1,4,1,172,251,50,95
PDB_contact,1,3,1,251,314,95,95
PDB_contact,1,2,1,283,255,79,95
PDB_contact,1,5,2,232,215,46,95
PDB_contact,1,3,6,253,350,65,95
PDB_contact,1,1,4,229,213,50,50
PDB_contact,1,10,1,348,184,54,95
PDB_contact,1,5,4,268,317,54,95
PDB_contact,1,2,1,313,63,59,95
PDB_contact,1,1,3,205,257,95,95
PDB_contact,1,7,3,217,225,95,95
PDB_contact,1,2,6,249,296,95,95
PDB_contact,1,3,2,309,165,44,94
PDB_contact,1,4,1,169,251,53,94
PDB_contact,1,1,1,194,87,94,94
PDB_contact,1,1,3,176,322,75,94
PDB_contact,1,2,3,230,274,47,94
PDB_contact,1,1,6,330,350,68,68
PDB_contact,1,4,2,326,161,88,88
PDB_contact,1,2,3,115,325,38,72
PDB_contact,1,1,7,149,163,48,94
PDB_contact,1,3,3,345,186,94,94
PDB_contact,1,5,1,309,75,39,93
PDB_contact,1,6,1,240,334,51,93
PDB_contact,1,1,2,260,149,55,93
PDB_contact,1,1,1,226,68,93,93
PDB_contact,1,2,2,321,177,93,93
PDB_contact,1,1,4,167,207,93,93
PDB_contact,1,2,1,330,81,93,93
PDB_contact,1,1,1,347,98,93,93
PDB_contact,1,2,1,350,340,60,60
PDB_contact,1,6,3,350,296,50,91
PDB_contact,1,1,4,193,248,90,92
PDB_contact,1,1,1,215,332,92,92
PDB_contact,1,1,1,327,119,90,90
PDB_contact,1,2,3,156,172,42,92
PDB_contact,1,4,1,337,242,58,92
PDB_contact,1,2,1,300,333,82,82
PDB_contact,1,2,2,297,324,48,92
PDB_contact,1,1,2,330,303,92,92
PDB_contact,1,9,1,203,125,56,92
PDB_contact,1,1,1,327,264,92,92
PDB_contact,1,1,3,327,156,78,92
PDB_contact,1,1,1,272,276,92,92
PDB_contact,1,1,1,293,291,92,92
PDB_contact,1,3,3,331,317,92,92
PDB_contact,1,4,1,178,309,74,92
PDB_contact,1,8,8,323,316,86,92
PDB_contact,1,3,1,343,70,86,91
PDB_contact,1,2,2,342,295,91,91
PDB_contact,1,1,4,167,344,91,91
PDB_contact,1,1,1,173,130,91,91
PDB_contact,1,3,3,342,347,46,87
PDB_contact,1,1,1,92,76,91,91
PDB_contact,1,2,3,281,292,84,91
PDB_contact,1,1,1,253,175,91,91
PDB_contact,1,2,1,328,340,63,63
PDB_contact,1,4,5,169,208,83,91
PDB_contact,1,10,1,346,301,55,91
PDB_contact,1,5,2,249,341,47,91
PDB_contact,1,2,3,188,306,57,91
PDB_contact,1,4,3,326,275,56,91
PDB_contact,1,2,2,164,347,91,91
PDB_contact,1,1,2,329,347,91,91
PDB_contact,1,2,1,327,119,91,91
PDB_contact,1,2,1,323,340,61,61
PDB_contact,1,12,3,220,341,58,91
PDB_contact,1,3,2,343,333,48,69
PDB_contact,1,2,2,346,131,89,91
PDB_contact,1,2,5,190,213,27,91
PDB_contact,1,2,2,332,300,78,78
PDB_contact,1,3,3,344,202,54,91
PDB_contact,1,4,3,329,302,37,82
PDB_contact,1,1,1,323,167,90,90
PDB_contact,1,1,4,201,344,60,90
PDB_contact,1,2,6,179,243,90,90
PDB_contact,1,1,3,225,297,90,90
PDB_contact,1,2,1,324,340,61,61
PDB_contact,1,4,4,275,336,90,90
PDB_contact,1,9,1,315,259,89,89
PDB_contact,1,10,3,350,318,81,84
PDB_contact,1,2,5,318,254,72,72
PDB_contact,1,3,1,324,301,59,90
PDB_contact,1,1,1,340,234,90,90
PDB_contact,1,2,2,315,300,80,80
PDB_contact,1,1,3,186,108,48,90
PDB_contact,1,1,3,99,198,46,90
PDB_contact,1,1,1,264,113,90,90
PDB_contact,1,2,4,316,277,90,90
PDB_contact,1,1,5,149,304,46,57
PDB_contact,1,1,2,134,347,90,90
PDB_contact,1,6,2,296,250,90,90
PDB_contact,1,1,1,241,277,89,89
PDB_contact,1,2,1,138,324,89,89
PDB_contact,1,3,1,287,350,89,89
PDB_contact,1,1,1,153,137,89,89
PDB_contact,1,1,1,153,306,89,89
PDB_contact,1,2,4,337,336,89,89
PDB_contact,1,2,10,337,152,74,89
PDB_contact,1,2,1,334,119,87,87
PDB_contact,1,2,7,268,113,89,89
PDB_contact,1,1,8,229,338,89,89
PDB_contact,1,2,1,347,309,83,83
PDB_contact,1,6,4,350,171,53,53
PDB_contact,1,1,1,270,121,89,89
PDB_contact,1,3,2,328,296,50,89
PDB_contact,1,8,8,323,316,81,89
PDB_contact,1,1,1,263,241,88,88
PDB_contact,1,1,1,256,267,88,88
PDB_contact,1,1,2,218,292,76,88
PDB_contact,1,10,6,350,171,42,88
PDB_contact,1,2,6,101,350,38,88
PDB_contact,1,2,1,233,166,88,88
PDB_contact,1,1,1,333,119,82,82
PDB_contact,1,4,1,287,261,83,88
PDB_contact,1,1,1,300,349,88,88
PDB_contact,1,1,1,312,199,88,88
PDB_contact,1,1,1,76,339,82,82
PDB_contact,1,1,1,314,323,88,88
PDB_contact,1,1,2,112,267,71,88
PDB_contact,1,3,1,350,216,86,88
PDB_contact,1,2,2,347,317,77,77
PDB_contact,1,4,1,330,334,65,88
PDB_contact,1,1,3,208,337,79,88
PDB_contact,1,2,1,330,123,48,48
PDB_contact,1,1,1,204,69,87,87
PDB_contact,1,1,1,188,296,87,87
PDB_contact,1,1,1,131,110,87,87
PDB_contact,1,3,1,342,314,86,86
PDB_contact,1,4,1,350,180,87,87
PDB_contact,1,5,3,244,313,87,87
PDB_contact,1,6,4,350,190,48,48
PDB_contact,1,1,10,258,224,59,87
PDB_contact,1,8,1,324,185,68,87
PDB_contact,1,4,4,237,233,79,87
PDB_contact,1,2,1,331,119,86,86
PDB_contact,1,3,5,320,328,50,63
PDB_contact,1,1,2,107,329,87,87
PDB_contact,1,2,2,300,328,77,79
PDB_contact,1,3,6,292,327,87,87
PDB_contact,1,1,1,210,213,87,87
PDB_contact,1,1,1,175,264,87,87
PDB_contact,1,1,1,276,235,87,87
PDB_contact,1,1,1,261,109,87,87
PDB_contact,1,1,3,37,321,54,87
PDB_contact,1,4,1,334,329,87,87
PDB_contact,1,2,1,329,137,86,86
PDB_contact,1,2,7,249,350,54,86
PDB_contact,1,2,1,323,340,58,58
PDB_contact,1,2,1,300,335,75,75
PDB_contact,1,1,1,281,125,86,86
PDB_contact,1,4,4,344,318,84,86
PDB_contact,1,1,2,137,311,86,86
PDB_contact,1,1,4,153,263,42,86
PDB_contact,1,1,2,339,311,86,86
PDB_contact,1,2,2,191,187,80,80
PDB_contact,1,4,4,350,350,62,86
PDB_contact,1,4,3,350,284,42,86
PDB_contact,1,3,1,346,329,74,86
PDB_contact,1,3,4,290,286,68,86
PDB_contact,1,4,2,197,330,73,86
PDB_contact,1,10,3,220,292,63,85
PDB_contact,1,1,4,330,350,68,85
PDB_contact,1,3,1,350,153,44,85
PDB_contact,1,4,5,189,208,81,85
PDB_contact,1,2,1,192,295,85,85
PDB_contact,1,1,4,183,318,85,85
PDB_contact,1,2,1,300,349,74,74
PDB_contact,1,2,2,305,345,80,83
PDB_contact,1,2,2,31,324,51,72
PDB_contact,1,2,1,349,113,58,85
PDB_contact,1,1,1,213,318,85,85
PDB_contact,1,2,10,258,349,68,85
PDB_contact,1,1,1,169,150,85,85
PDB_contact,1,1,7,229,326,83,85
PDB_contact,1,3,4,302,115,64,85
PDB_contact,1,3,3,343,31,41,84
PDB_contact,1,1,1,151,115,84,84
PDB_contact,1,1,2,71,170,84,84
PDB_contact,1,1,1,205,215,84,84
PDB_contact,1,1,1,145,234,84,84
PDB_contact,1,2,3,288,134,45,84
PDB_contact,1,5,2,281,91,71,84
PDB_contact,1,2,3,266,332,48,84
PDB_contact,1,5,3,309,350,45,84
PDB_contact,1,2,3,348,327,51,84
PDB_contact,1,2,1,324,340,57,57
PDB_contact,1,3,1,204,341,81,84
PDB_contact,1,7,2,343,320,84,84
PDB_contact,1,1,1,297,131,84,84
PDB_contact,1,3,1,183,294,58,84
PDB_contact,1,2,2,252,300,52,80
PDB_contact,1,2,3,333,333,84,84
PDB_contact,1,1,2,165,322,84,84
PDB_contact,1,1,1,165,340,84,84
PDB_contact,1,5,1,310,125,53,84
PDB_contact,1,8,2,273,347,35,84
PDB_contact,1,2,1,350,274,84,84
PDB_contact,1,1,1,81,334,84,84
PDB_contact,1,2,2,274,208,54,54
PDB_contact,1,6,2,199,331,69,84
PDB_contact,1,7,6,329,296,84,84
PDB_contact,1,2,2,329,252,83,83
PDB_contact,1,1,6,272,343,39,83
PDB_contact,1,1,1,119,341,79,79
PDB_contact,1,2,4,306,306,58,83
PDB_contact,1,1,3,97,323,76,83
PDB_contact,1,1,1,146,174,83,83
PDB_contact,1,1,4,189,331,83,83
PDB_contact,1,9,1,295,289,44,83
PDB_contact,1,2,2,284,343,83,83
PDB_contact,1,1,1,168,51,83,83
PDB_contact,1,1,1,108,256,83,83
PDB_contact,1,1,1,346,323,83,83
PDB_contact,1,1,1,346,309,83,83
PDB_contact,1,2,3,323,327,54,83
PDB_contact,1,1,1,335,119,83,83
PDB_contact,1,1,7,261,330,80,83
PDB_contact,1,1,1,303,295,83,83
PDB_contact,1,2,1,349,318,70,83
PDB_contact,1,3,1,274,179,31,83
PDB_contact,1,2,3,316,312,45,83
PDB_contact,1,3,2,216,344,47,47
PDB_contact,1,3,1,337,219,73,83
PDB_contact,1,1,3,189,337,74,83
PDB_contact,1,1,3,269,216,83,83
PDB_contact,1,2,3,278,210,64,83
PDB_contact,1,1,1,339,300,82,82
PDB_contact,1,1,1,306,206,82,82
PDB_contact,1,2,4,345,350,82,82
PDB_contact,1,2,1,256,306,82,82
PDB_contact,1,1,1,103,69,82,82
PDB_contact,1,7,1,31,204,46,82
PDB_contact,1,1,1,323,309,82,82
PDB_contact,1,2,6,273,300,82,82
PDB_contact,1,1,3,333,339,82,82
PDB_contact,1,3,4,206,326,44,82
PDB_contact,1,1,2,261,325,82,82
PDB_contact,1,1,1,275,67,82,82
PDB_contact,1,1,2,243,312,82,82
PDB_contact,1,3,2,327,306,58,82
PDB_contact,1,1,3,105,274,82,82
PDB_contact,1,2,5,256,297,82,82
PDB_contact,1,1,3,209,345,82,82
PDB_contact,1,1,1,169,80,82,82
PDB_contact,1,1,1,261,83,82,82
PDB_contact,1,1,2,148,327,56,82
PDB_contact,1,1,1,180,179,82,82
PDB_contact,1,1,4,334,259,70,82
PDB_contact,1,3,3,255,30,37,81
PDB_contact,1,1,1,112,118,81,81
PDB_contact,1,1,1,137,216,81,81
PDB_contact,1,1,2,323,335,81,81
PDB_contact,1,1,1,151,252,81,81
PDB_contact,1,1,2,99,254,63,81
PDB_contact,1,2,2,324,31,62,69
PDB_contact,1,9,4,327,340,58,81
PDB_contact,1,1,7,263,305,48,81
PDB_contact,1,1,3,112,345,53,81
PDB_contact,1,3,8,269,270,22,81
PDB_contact,1,1,1,211,178,81,81
PDB_contact,1,3,2,350,300,69,69
PDB_contact,1,2,2,300,330,69,69
PDB_contact,1,4,3,312,310,30,81
PDB_contact,1,2,2,270,300,55,69
PDB_contact,1,2,6,31,320,50,77
PDB_contact,1,2,1,350,111,75,81
PDB_contact,1,1,1,84,172,81,81
PDB_contact,1,2,1,200,129,60,81
PDB_contact,1,1,1,209,125,81,81
PDB_contact,1,1,1,161,102,80,80
PDB_contact,1,1,1,261,251,80,80
PDB_contact,1,1,1,240,126,80,80
PDB_contact,1,1,1,229,243,80,80
PDB_contact,1,3,1,293,204,47,80
PDB_contact,1,1,4,301,347,55,80
PDB_contact,1,11,2,335,297,64,73
PDB_contact,1,1,1,210,297,80,80
PDB_contact,1,1,1,134,163,80,80
PDB_contact,1,2,2,31,330,55,74
PDB_contact,1,3,2,318,256,49,58
PDB_contact,1,4,3,281,309,75,80
PDB_contact,1,2,3,306,332,56,80
PDB_contact,1,1,4,155,344,61,80
PDB_contact,1,2,1,215,274,58,80
PDB_contact,1,1,1,189,106,80,80
PDB_contact,1,2,1,321,76,80,80
PDB_contact,1,1,1,298,346,80,80
PDB_contact,1,3,1,321,113,80,80
PDB_contact,1,2,2,31,327,48,64
PDB_contact,1,1,2,193,211,79,79
PDB_contact,1,1,3,155,311,79,79
PDB_contact,1,1,1,91,99,79,79
PDB_contact,1,1,1,226,229,79,79
PDB_contact,1,1,1,216,185,79,79
PDB_contact,1,1,1,331,270,79,79
PDB_contact,1,1,1,135,300,79,79
PDB_contact,1,2,2,328,31,66,73
PDB_contact,1,1,7,340,289,63,79
PDB_contact,1,2,2,316,300,69,69
PDB_contact,1,1,1,291,272,79,79
PDB_contact,1,1,3,223,302,79,79
PDB_contact,1,1,3,170,322,71,79
PDB_contact,1,2,3,214,302,51,79
PDB_contact,1,2,2,349,31,58,74
PDB_contact,1,1,1,205,149,78,78
PDB_contact,1,1,2,340,347,46,46
PDB_contact,1,2,2,336,332,78,78
PDB_contact,1,2,2,257,300,37,68
PDB_contact,1,2,1,299,101,78,78
PDB_contact,1,4,5,172,208,72,78
PDB_contact,1,1,1,125,214,78,78
PDB_contact,1,1,4,302,316,56,78
PDB_contact,1,1,2,189,331,78,78
PDB_contact,1,3,2,328,300,59,65
PDB_contact,1,3,10,327,152,50,78
PDB_contact,1,1,1,168,298,78,78
PDB_contact,1,1,2,93,321,78,78
PDB_contact,1,3,4,272,350,41,78
PDB_contact,1,2,1,216,291,78,78
PDB_contact,1,5,5,337,328,78,78
PDB_contact,1,2,1,343,184,78,78
PDB_contact,1,2,3,127,329,74,78
PDB_contact,1,2,1,249,245,61,78
PDB_contact,1,3,6,272,241,78,78
PDB_contact,1,2,2,347,31,61,72
PDB_contact,1,2,1,31,291,53,71
PDB_contact,1,3,5,243,257,28,78
PDB_contact,1,4,2,330,333,40,57
PDB_contact,1,6,3,242,350,56,78
PDB_contact,1,1,1,297,346,78,78
PDB_contact,1,2,3,300,325,72,72
PDB_contact,1,1,1,348,292,77,77
PDB_contact,1,4,9,280,244,24,77
PDB_contact,1,2,2,233,312,77,77
PDB_contact,1,2,2,342,31,52,73
PDB_contact,1,2,1,300,320,67,67
PDB_contact,1,1,4,266,275,77,77
PDB_contact,1,2,3,168,345,77,77
PDB_contact,1,5,5,332,337,72,77
PDB_contact,1,2,2,31,247,33,68
PDB_contact,1,5,3,350,206,39,77
PDB_contact,1,4,10,288,264,77,77
PDB_contact,1,1,10,136,264,77,77
PDB_contact,1,2,2,31,337,54,63
PDB_contact,1,2,2,314,306,60,77
PDB_contact,1,8,3,341,306,34,77
PDB_contact,1,1,1,128,172,77,77
PDB_contact,1,1,1,227,75,77,77
PDB_contact,1,2,1,347,98,77,77
PDB_contact,1,1,5,212,350,77,77
PDB_contact,1,1,2,166,345,77,77
PDB_contact,1,1,3,317,228,27,27
PDB_contact,1,1,1,178,140,77,77
PDB_contact,1,1,1,180,148,76,76
PDB_contact,1,1,1,128,106,76,76
PDB_contact,1,3,3,342,349,43,76
PDB_contact,1,2,2,333,300,68,68
PDB_contact,1,2,1,276,195,76,76
PDB_contact,1,3,1,275,307,76,76
PDB_contact,1,2,1,300,330,75,75
PDB_contact,1,4,2,304,320,39,39
PDB_contact,1,1,10,142,152,35,76
PDB_contact,1,1,2,330,31,51,63
PDB_contact,1,5,3,182,321,50,76
PDB_contact,1,4,1,324,135,49,75
PDB_contact,1,1,2,240,312,76,76
PDB_contact,1,1,2,216,302,48,48
PDB_contact,1,5,1,263,205,49,76
PDB_contact,1,2,2,300,334,69,69
PDB_contact,1,1,2,128,333,76,76
PDB_contact,1,1,6,346,350,45,76
PDB_contact,1,1,1,136,149,76,76
PDB_contact,1,2,3,278,245,60,76
PDB_contact,1,5,1,350,300,38,75
PDB_contact,1,1,1,213,112,75,75
PDB_contact,1,4,6,250,350,47,47
PDB_contact,1,1,1,267,325,75,75
PDB_contact,1,2,1,345,323,75,75
PDB_contact,1,1,1,119,118,75,75
PDB_contact,1,4,4,350,274,45,75
PDB_contact,1,3,2,305,266,75,75
PDB_contact,1,1,1,310,229,75,75
PDB_contact,1,1,2,97,350,75,75
PDB_contact,1,1,2,123,270,75,75
PDB_contact,1,1,4,260,270,75,75
PDB_contact,1,2,4,328,198,49,75
PDB_contact,1,1,5,58,91,30,75
PDB_contact,1,1,3,315,339,73,75
PDB_contact,1,1,2,330,300,70,70
PDB_contact,1,2,4,160,189,38,38
PDB_contact,1,1,4,159,300,43,75
PDB_contact,1,2,2,338,31,60,71
PDB_contact,1,4,1,281,217,53,75
PDB_contact,1,2,2,258,300,44,72
PDB_contact,1,4,7,279,229,75,75
PDB_contact,1,1,2,300,31,55,70
PDB_contact,1,1,3,207,237,75,75
PDB_contact,1,2,6,268,258,46,75
PDB_contact,1,2,2,272,31,52,67
PDB_contact,1,1,1,222,296,74,74
PDB_contact,1,1,5,103,347,74,74
PDB_contact,1,2,1,144,171,39,74
PDB_contact,1,1,2,334,300,67,67
PDB_contact,1,4,3,198,328,72,74
PDB_contact,1,2,2,317,347,74,74
PDB_contact,1,1,1,198,112,74,74
PDB_contact,1,2,3,66,311,44,74
PDB_contact,1,2,2,31,349,55,68
PDB_contact,1,4,2,304,203,44,44
PDB_contact,1,4,10,280,242,24,74
PDB_contact,1,4,1,350,293,74,74
PDB_contact,1,1,1,211,134,74,74
PDB_contact,1,2,2,324,31,55,68
PDB_contact,1,2,2,328,300,69,69
PDB_contact,1,1,4,121,334,73,74
PDB_contact,1,2,1,328,340,58,58
PDB_contact,1,1,1,263,141,74,74
PDB_contact,1,1,2,270,319,74,74
PDB_contact,1,1,1,142,280,74,74
PDB_contact,1,1,1,261,340,74,74
PDB_contact,1,2,1,31,317,52,73
PDB_contact,1,5,1,90,58,34,74
PDB_contact,1,2,2,31,324,49,68
PDB_contact,1,2,2,345,346,74,74
PDB_contact,1,1,5,293,271,24,74
PDB_contact,1,2,2,339,31,50,67
PDB_contact,1,8,3,270,299,66,74
PDB_contact,1,9,4,341,276,48,71
PDB_contact,1,2,4,279,291,41,74
PDB_contact,1,5,6,173,350,50,50
PDB_contact,1,1,1,241,264,73,73
PDB_contact,1,1,1,264,151,73,73
PDB_contact,1,1,1,79,247,73,73
PDB_contact,1,2,1,31,188,73,73
PDB_contact,1,1,1,158,311,73,73
PDB_contact,1,1,1,92,86,73,73
PDB_contact,1,2,3,321,214,34,73
PDB_contact,1,2,2,336,31,58,70
PDB_contact,1,1,4,103,294,73,73
PDB_contact,1,2,3,31,344,51,65
PDB_contact,1,1,1,99,350,73,73
PDB_contact,1,2,5,333,266,58,58
PDB_contact,1,3,1,251,211,73,73
PDB_contact,1,2,2,331,300,62,67
PDB_contact,1,2,1,289,55,73,73
PDB_contact,1,2,1,31,346,62,71
PDB_contact,1,3,1,260,201,73,73
PDB_contact,1,1,1,310,289,73,73
PDB_contact,1,1,1,91,325,73,73
PDB_contact,1,5,2,242,335,62,73
PDB_contact,1,2,6,211,203,38,73
PDB_contact,1,3,3,246,243,58,73
PDB_contact,1,1,1,187,296,72,72
PDB_contact,1,1,4,309,350,67,72
PDB_contact,1,2,3,31,330,45,69
PDB_contact,1,2,1,31,342,59,65
PDB_contact,1,2,3,312,333,72,72
PDB_contact,1,1,4,95,294,72,72
PDB_contact,1,1,2,243,281,72,72
PDB_contact,1,2,1,283,288,37,72
PDB_contact,1,4,1,348,99,64,72
PDB_contact,1,2,2,328,300,61,61
PDB_contact,1,3,1,327,245,16,16
PDB_contact,1,2,1,31,334,57,66
PDB_contact,1,4,5,300,215,41,72
PDB_contact,1,2,2,342,323,2,2
PDB_contact,1,2,1,338,77,72,72
PDB_contact,1,2,1,329,114,72,72
PDB_contact,1,1,2,345,31,55,68
PDB_contact,1,2,1,31,337,27,37
PDB_contact,1,2,1,300,337,63,63
PDB_contact,1,2,1,321,247,72,72
PDB_contact,1,1,1,210,124,72,72
PDB_contact,1,1,2,112,48,54,72
PDB_contact,1,1,3,101,238,41,72
PDB_contact,1,1,1,293,245,72,72
PDB_contact,1,1,1,272,195,72,72
PDB_contact,1,3,9,248,350,52,72
PDB_contact,1,2,2,31,328,48,68
PDB_contact,1,5,3,350,315,72,72
PDB_contact,1,3,2,343,31,55,64
PDB_contact,1,1,1,269,180,71,71
PDB_contact,1,1,1,188,175,71,71
PDB_contact,1,1,1,128,206,71,71
PDB_contact,1,4,2,348,296,71,71
PDB_contact,1,3,3,346,265,49,71
PDB_contact,1,2,3,322,333,50,71
PDB_contact,1,2,2,347,31,53,64
PDB_contact,1,2,1,258,226,71,71
PDB_contact,1,3,2,67,152,48,71
PDB_contact,1,11,2,350,339,71,71
PDB_contact,1,1,3,154,319,47,71
PDB_contact,1,2,2,340,31,52,69
PDB_contact,1,1,2,297,336,58,71
PDB_contact,1,2,3,31,335,47,70
PDB_contact,1,5,1,232,142,71,71
PDB_contact,1,4,1,334,229,70,70
PDB_contact,1,1,4,112,350,71,71
PDB_contact,1,2,3,349,217,40,71
PDB_contact,1,2,3,333,329,71,71
PDB_contact,1,3,1,260,136,71,71
PDB_contact,1,1,2,323,300,58,58
PDB_contact,1,2,2,31,334,54,63
PDB_contact,1,1,1,106,144,71,71
PDB_contact,1,1,3,112,323,32,59
PDB_contact,1,1,4,137,128,58,71
PDB_contact,1,1,1,261,129,71,71
PDB_contact,1,2,2,31,328,41,67
PDB_contact,1,3,2,344,300,50,50
PDB_contact,1,4,5,329,315,40,40
PDB_contact,1,5,2,335,323,68,71
PDB_contact,1,1,1,311,296,70,70
PDB_contact,1,1,5,192,220,62,70
PDB_contact,1,10,2,170,81,47,70
PDB_contact,1,2,1,31,330,48,61
PDB_contact,1,2,1,336,116,70,70
PDB_contact,1,4,2,331,280,19,19
PDB_contact,1,2,4,147,350,70,70
PDB_contact,1,2,2,349,300,64,64
PDB_contact,1,3,1,302,147,70,70
PDB_contact,1,2,1,233,144,70,70
PDB_contact,1,2,1,335,349,70,70
PDB_contact,1,2,2,185,273,39,70
PDB_contact,1,1,1,159,169,70,70
PDB_contact,1,9,5,315,293,53,70
PDB_contact,1,10,1,323,312,33,70
PDB_contact,1,1,2,332,300,62,62
PDB_contact,1,2,3,31,344,46,62
PDB_contact,1,2,4,31,334,48,62
PDB_contact,1,1,1,346,67,70,70
PDB_contact,1,7,1,345,133,64,70
PDB_contact,1,4,1,145,112,67,67
PDB_contact,1,5,1,350,160,70,70
PDB_contact,1,1,2,326,257,70,70
PDB_contact,1,1,4,243,214,70,70
PDB_contact,1,2,2,31,340,53,65
PDB_contact,1,2,2,183,130,67,70
PDB_contact,1,1,1,291,245,70,70
PDB_contact,1,1,1,266,304,70,70
PDB_contact,1,8,1,257,192,70,70
PDB_contact,1,2,1,256,335,44,70
PDB_contact,1,1,4,339,238,70,70
PDB_contact,1,1,6,310,350,39,69
PDB_contact,1,1,1,249,157,69,69
PDB_contact,1,3,4,283,203,69,69
PDB_contact,1,2,1,178,106,68,69
PDB_contact,1,6,2,189,198,35,69
PDB_contact,1,2,1,295,246,69,69
PDB_contact,1,1,4,149,185,69,69
PDB_contact,1,1,6,281,199,69,69
PDB_contact,1,2,2,350,31,53,64
PDB_contact,1,2,1,346,101,69,69
PDB_contact,1,2,1,252,323,69,69
PDB_contact,1,3,1,48,153,69,69
PDB_contact,1,2,2,31,333,60,66
PDB_contact,1,1,4,330,324,41,41
PDB_contact,1,1,1,245,140,69,69
PDB_contact,1,2,2,233,281,69,69
PDB_contact,1,4,1,310,301,32,69
PDB_contact,1,1,3,121,326,69,69
PDB_contact,1,4,3,283,260,50,69
PDB_contact,1,3,5,317,293,69,69
PDB_contact,1,2,1,350,106,69,69
PDB_contact,1,3,2,332,31,55,60
PDB_contact,1,2,4,336,331,69,69
PDB_contact,1,4,3,223,316,69,69
PDB_contact,1,3,4,327,338,64,69
PDB_contact,1,4,4,142,242,62,69
PDB_contact,1,2,1,329,114,69,69
PDB_contact,1,1,3,182,338,44,69
PDB_contact,1,1,2,129,299,69,69
PDB_contact,1,1,1,186,137,69,69
PDB_contact,1,4,2,350,278,55,60
PDB_contact,1,2,1,240,299,66,66
PDB_contact,1,1,1,91,233,69,69
PDB_contact,1,2,1,340,216,69,69
PDB_contact,1,2,1,31,309,54,68
PDB_contact,1,1,2,339,55,69,69
PDB_contact,1,2,2,31,329,49,60
PDB_contact,1,2,1,318,188,57,68
PDB_contact,1,5,6,281,315,37,37
PDB_contact,1,1,1,123,161,68,68
PDB_contact,1,1,2,206,349,57,68
PDB_contact,1,1,1,128,167,68,68
PDB_contact,1,1,1,125,142,68,68
PDB_contact,1,1,1,128,279,68,68
PDB_contact,1,2,4,223,310,56,68
PDB_contact,1,1,1,288,268,68,68
PDB_contact,1,1,4,75,108,68,68
PDB_contact,1,2,2,295,295,62,68
PDB_contact,1,2,3,300,330,67,67
PDB_contact,1,2,2,344,31,57,62
PDB_contact,1,3,2,74,348,65,68
PDB_contact,1,3,2,285,173,66,68
PDB_contact,1,3,2,322,300,63,63
PDB_contact,1,1,1,297,306,68,68
PDB_contact,1,2,2,31,350,51,59
PDB_contact,1,2,2,345,304,67,68
PDB_contact,1,2,1,267,309,68,68
PDB_contact,1,4,3,313,302,60,60
PDB_contact,1,2,1,300,339,61,61
PDB_contact,1,2,2,346,244,42,68
PDB_contact,1,1,3,112,143,53,68
PDB_contact,1,1,2,189,299,41,68
PDB_contact,1,3,5,302,324,21,21
PDB_contact,1,2,2,339,31,47,67
PDB_contact,1,1,1,310,156,68,68
PDB_contact,1,2,1,31,291,49,65
PDB_contact,1,3,6,90,192,60,68
PDB_contact,1,1,1,112,288,68,68
PDB_contact,1,1,1,128,212,67,67
PDB_contact,1,1,1,76,126,67,67
PDB_contact,1,2,1,179,313,67,67
PDB_contact,1,1,5,150,345,45,67
PDB_contact,1,1,2,350,31,43,57
PDB_contact,1,1,4,330,310,67,67
PDB_contact,1,1,1,225,255,67,67
PDB_contact,1,1,4,340,313,67,67
PDB_contact,1,4,10,350,235,67,67
PDB_contact,1,10,4,224,350,41,67
PDB_contact,1,1,2,350,31,51,59
PDB_contact,1,1,3,103,277,52,67
PDB_contact,1,1,2,346,31,52,62
PDB_contact,1,2,2,258,31,30,62
PDB_contact,1,1,4,91,350,43,65
PDB_contact,1,3,4,297,322,42,67
PDB_contact,1,1,5,297,350,67,67
PDB_contact,1,1,3,136,260,67,67
PDB_contact,1,1,1,267,323,67,67
PDB_contact,1,1,4,137,344,66,67
PDB_contact,1,4,1,283,336,67,67
PDB_contact,1,1,2,206,295,62,67
PDB_contact,1,1,2,142,254,48,67
PDB_contact,1,5,5,327,311,26,67
PDB_contact,1,8,5,304,339,28,28
PDB_contact,1,3,1,343,324,58,66
PDB_contact,1,4,1,344,180,66,66
PDB_contact,1,4,1,344,269,41,66
PDB_contact,1,1,2,350,31,52,59
PDB_contact,1,2,1,321,305,66,66
PDB_contact,1,6,2,350,312,66,66
PDB_contact,1,1,1,161,124,66,66
PDB_contact,1,2,2,31,323,54,63
PDB_contact,1,1,2,174,237,43,66
PDB_contact,1,4,11,280,235,26,66
PDB_contact,1,2,1,340,318,56,56
PDB_contact,1,2,7,347,304,38,66
PDB_contact,1,1,2,97,350,63,63
PDB_contact,1,2,1,180,163,58,66
PDB_contact,1,1,1,298,51,66,66
PDB_contact,1,1,2,305,343,66,66
PDB_contact,1,1,1,288,263,66,66
PDB_contact,1,4,2,350,278,52,57
PDB_contact,1,2,3,344,350,43,66
PDB_contact,1,3,3,302,350,42,66
PDB_contact,1,2,3,256,287,66,66
PDB_contact,1,2,3,114,306,66,66
PDB_contact,1,1,4,192,315,66,66
PDB_contact,1,1,1,204,146,65,65
PDB_contact,1,3,3,322,244,46,65
PDB_contact,1,2,1,338,296,65,65
PDB_contact,1,2,2,262,333,18,47
PDB_contact,1,2,2,320,31,45,56
PDB_contact,1,3,1,278,217,65,65
PDB_contact,1,1,2,349,31,51,64
PDB_contact,1,2,2,31,342,46,55
PDB_contact,1,1,2,199,327,65,65
PDB_contact,1,2,2,31,349,52,62
PDB_contact,1,4,1,275,255,64,65
PDB_contact,1,1,3,229,280,61,61
PDB_contact,1,2,1,31,350,53,61
PDB_contact,1,3,1,284,211,65,65
PDB_contact,1,2,1,320,168,59,65
PDB_contact,1,12,4,238,280,24,65
PDB_contact,1,9,1,349,117,65,65
PDB_contact,1,2,4,31,334,48,54
PDB_contact,1,1,1,148,133,65,65
PDB_contact,1,4,3,281,331,50,65
PDB_contact,1,1,1,129,179,65,65
PDB_contact,1,1,1,189,172,65,65
PDB_contact,1,3,2,168,303,63,65
PDB_contact,1,1,4,156,112,65,65
PDB_contact,1,1,1,240,123,65,65
PDB_contact,1,1,1,183,185,65,65
PDB_contact,1,1,2,86,330,33,33
PDB_contact,1,2,5,243,294,44,44
PDB_contact,1,11,2,335,136,45,65
PDB_contact,1,1,2,112,115,60,65
PDB_contact,1,1,2,309,31,58,64
PDB_contact,1,1,3,70,328,64,64
PDB_contact,1,1,1,263,205,64,64
PDB_contact,1,2,3,276,328,63,64
PDB_contact,1,1,1,204,266,64,64
PDB_contact,1,6,1,350,110,31,63
PDB_contact,1,2,1,321,282,64,64
PDB_contact,1,2,1,53,242,52,64
PDB_contact,1,1,8,149,294,64,64
PDB_contact,1,3,2,346,303,49,64
PDB_contact,1,1,4,208,350,60,64
PDB_contact,1,1,1,347,338,64,64
PDB_contact,1,1,2,177,278,64,64
PDB_contact,1,6,2,252,291,63,64
PDB_contact,1,2,2,212,31,35,57
PDB_contact,1,4,4,324,310,34,64
PDB_contact,1,9,4,344,329,32,64
PDB_contact,1,2,1,315,225,64,64
PDB_contact,1,1,3,96,122,49,64
PDB_contact,1,2,3,281,345,55,64
PDB_contact,1,1,1,226,256,64,64
PDB_contact,1,8,3,270,344,48,64
PDB_contact,1,10,1,220,323,22,64
PDB_contact,1,2,2,333,31,52,60
PDB_contact,1,3,1,349,217,54,64
PDB_contact,1,3,1,170,199,48,64
PDB_contact,1,5,1,350,110,64,64
PDB_contact,1,2,1,339,87,64,64
PDB_contact,1,6,2,320,300,45,51
PDB_contact,1,3,1,290,163,62,64
PDB_contact,1,1,2,82,215,61,64
PDB_contact,1,1,1,128,179,64,64
PDB_contact,1,2,1,349,144,57,64
PDB_contact,1,3,3,344,346,64,64
PDB_contact,1,1,1,227,86,64,64
PDB_contact,1,2,1,200,169,51,64
PDB_contact,1,2,1,31,338,50,64
PDB_contact,1,1,3,114,315,64,64
PDB_contact,1,2,2,334,327,64,64
PDB_contact,1,2,7,305,334,41,64
PDB_contact,1,1,1,241,263,63,63
PDB_contact,1,1,1,211,123,63,63
PDB_contact,1,1,1,243,165,63,63
PDB_contact,1,1,1,215,176,63,63
PDB_contact,1,1,1,147,142,63,63
PDB_contact,1,10,1,320,326,59,63
PDB_contact,1,2,1,337,229,40,63
PDB_contact,1,2,2,324,31,49,59
PDB_contact,1,1,3,163,229,63,63
PDB_contact,1,3,1,302,147,63,63
PDB_contact,1,4,3,215,326,57,63
PDB_contact,1,2,1,273,198,63,63
PDB_contact,1,3,3,320,309,63,63
PDB_contact,1,2,2,326,300,62,62
PDB_contact,1,1,2,154,255,63,63
PDB_contact,1,1,1,183,261,63,63
PDB_contact,1,1,2,267,342,63,63
PDB_contact,1,3,10,341,293,52,63
PDB_contact,1,1,4,260,350,54,63
PDB_contact,1,1,2,160,202,63,63
PDB_contact,1,1,4,128,336,63,63
PDB_contact,1,1,1,256,94,63,63
PDB_contact,1,3,1,170,199,63,63
PDB_contact,1,11,1,211,281,59,63
PDB_contact,1,2,1,31,317,48,56
PDB_contact,1,3,5,315,350,45,63
PDB_contact,1,1,4,340,243,9,9
PDB_contact,1,1,3,170,330,58,63
PDB_contact,1,2,3,126,311,33,63
PDB_contact,1,2,1,342,341,63,63
PDB_contact,1,5,5,253,272,27,63
PDB_contact,1,2,2,333,31,54,61
PDB_contact,1,2,2,341,300,56,56
PDB_contact,1,3,1,289,96,63,63
PDB_contact,1,2,2,339,264,63,63
PDB_contact,1,3,3,303,338,49,49
PDB_contact,1,6,3,127,303,25,40
PDB_contact,1,1,6,149,156,34,63
PDB_contact,1,2,1,318,137,54,62
PDB_contact,1,1,1,148,188,62,62
PDB_contact,1,1,1,205,142,62,62
PDB_contact,1,1,1,261,112,62,62
PDB_contact,1,2,3,347,300,53,53
PDB_contact,1,2,2,324,31,54,60
PDB_contact,1,2,2,31,272,48,61
PDB_contact,1,1,2,95,344,62,62
PDB_contact,1,1,2,254,349,62,62
PDB_contact,1,1,6,98,249,62,62
PDB_contact,1,3,1,322,202,56,62
PDB_contact,1,4,6,292,240,21,32
PDB_contact,1,3,11,341,347,54,62
PDB_contact,1,2,1,318,300,55,62
PDB_contact,1,1,2,156,293,62,62
PDB_contact,1,1,4,256,335,62,62
PDB_contact,1,2,2,324,31,55,58
PDB_contact,1,3,1,277,301,36,62
PDB_contact,1,1,3,178,344,62,62
PDB_contact,1,1,1,168,153,62,62
PDB_contact,1,3,2,346,313,33,62
PDB_contact,1,1,1,92,339,62,62
PDB_contact,1,1,4,309,303,62,62
PDB_contact,1,2,1,342,173,62,62
PDB_contact,1,2,1,285,327,52,62
PDB_contact,1,2,2,31,329,53,59
PDB_contact,1,1,2,318,286,62,62
PDB_contact,1,2,2,31,320,46,53
PDB_contact,1,2,2,345,244,33,62
PDB_contact,1,1,1,264,128,62,62
PDB_contact,1,2,1,200,69,57,62
PDB_contact,1,2,2,349,31,48,56
PDB_contact,1,2,2,328,300,52,52
PDB_contact,1,1,1,110,288,61,61
PDB_contact,1,3,3,322,334,61,61
PDB_contact,1,1,2,86,329,58,58
PDB_contact,1,2,3,300,316,58,58
PDB_contact,1,2,2,254,31,36,57
PDB_contact,1,2,1,258,229,61,61
PDB_contact,1,1,2,98,201,53,61
PDB_contact,1,2,2,302,256,61,61
PDB_contact,1,10,2,323,312,52,61
PDB_contact,1,2,1,336,176,61,61
PDB_contact,1,1,4,260,348,57,61
PDB_contact,1,2,1,320,73,61,61
PDB_contact,1,4,4,299,235,50,61
PDB_contact,1,1,11,277,350,55,61
PDB_contact,1,1,1,123,122,61,61
PDB_contact,1,2,2,223,323,5,5
PDB_contact,1,1,4,344,283,54,61
PDB_contact,1,1,1,318,174,61,61
PDB_contact,1,4,2,350,302,47,61
PDB_contact,1,5,1,349,333,23,23
PDB_contact,1,4,3,279,201,61,61
PDB_contact,1,2,1,156,113,61,61
PDB_contact,1,7,3,217,342,36,61
PDB_contact,1,7,1,350,288,61,61
PDB_contact,1,4,2,266,160,51,61
PDB_contact,1,2,1,201,181,34,61
PDB_contact,1,1,1,317,335,61,61
PDB_contact,1,5,1,350,335,61,61
PDB_contact,1,1,1,179,226,59,59
PDB_contact,1,1,2,136,144,61,61
PDB_contact,1,1,1,203,215,60,60
PDB_contact,1,2,1,226,276,54,54
PDB_contact,1,3,9,341,288,56,60
PDB_contact,1,2,2,321,300,47,47
PDB_contact,1,2,1,31,349,51,60
PDB_contact,1,2,2,31,335,44,53
PDB_contact,1,3,3,196,31,60,60
PDB_contact,1,1,3,269,289,55,55
PDB_contact,1,3,3,335,152,32,60
PDB_contact,1,1,2,189,334,60,60
PDB_contact,1,1,4,162,350,60,60
PDB_contact,1,1,4,142,287,60,60
PDB_contact,1,3,1,306,202,60,60
PDB_contact,1,1,1,333,113,60,60
PDB_contact,1,1,2,205,320,60,60
PDB_contact,1,1,2,243,298,60,60
PDB_contact,1,2,5,334,217,60,60
PDB_contact,1,2,2,330,300,53,53
PDB_contact,1,1,3,112,181,60,60
PDB_contact,1,1,6,243,350,60,60
PDB_contact,1,2,1,259,142,60,60
PDB_contact,1,1,8,172,248,55,60
PDB_contact,1,1,2,317,176,60,60
PDB_contact,1,1,2,155,232,60,60
PDB_contact,1,1,2,347,160,42,60
PDB_contact,1,3,2,302,334,60,60
PDB_contact,1,1,1,315,154,60,60
PDB_contact,1,4,3,315,315,60,60
PDB_contact,1,1,3,101,199,60,60
PDB_contact,1,1,3,113,245,44,60
PDB_contact,1,2,3,156,321,30,60
PDB_contact,1,1,2,297,319,49,60
PDB_contact,1,1,3,57,345,60,60
PDB_contact,1,2,1,336,335,60,60
PDB_contact,1,2,1,335,237,60,60
PDB_contact,1,1,3,112,203,60,60
PDB_contact,1,1,3,149,232,39,60
PDB_contact,1,1,1,152,145,59,59
PDB_contact,1,1,1,178,332,59,59
PDB_contact,1,1,1,187,190,59,59
PDB_contact,1,1,1,125,205,59,59
PDB_contact,1,5,2,328,300,50,50
PDB_contact,1,2,2,31,319,50,55
PDB_contact,1,2,5,297,347,59,59
PDB_contact,1,3,1,266,81,34,59
PDB_contact,1,2,2,336,31,45,56
PDB_contact,1,4,2,275,319,59,59
PDB_contact,1,3,10,221,293,52,59
PDB_contact,1,2,2,324,31,49,52
PDB_contact,1,4,1,350,112,59,59
PDB_contact,1,1,4,74,350,59,59
PDB_contact,1,1,3,117,340,34,59
PDB_contact,1,1,4,298,262,59,59
PDB_contact,1,3,2,324,342,59,59
PDB_contact,1,2,2,330,323,2,2
PDB_contact,1,3,1,350,108,59,59
PDB_contact,1,1,1,70,172,59,59
PDB_contact,1,3,1,156,264,59,59
PDB_contact,1,1,4,247,216,59,59
PDB_contact,1,1,7,152,315,44,59
PDB_contact,1,7,2,350,336,59,59
PDB_contact,1,1,3,168,346,59,59
PDB_contact,1,2,3,31,343,49,52
PDB_contact,1,1,1,247,180,58,58
PDB_contact,1,1,1,70,234,58,58
PDB_contact,1,1,1,292,145,58,58
PDB_contact,1,1,2,305,342,37,58
PDB_contact,1,2,2,153,31,16,33
PDB_contact,1,2,1,223,118,58,58
PDB_contact,1,3,3,325,140,55,58
PDB_contact,1,2,1,321,116,58,58
PDB_contact,1,1,1,254,296,58,58
PDB_contact,1,3,3,287,301,33,58
PDB_contact,1,1,1,110,261,58,58
PDB_contact,1,1,2,266,312,55,58
PDB_contact,1,1,2,148,348,58,58
PDB_contact,1,1,1,226,94,58,58
PDB_contact,1,2,2,331,349,46,58
PDB_contact,1,3,1,269,292,58,58
PDB_contact,1,5,3,297,268,58,58
PDB_contact,1,1,1,140,171,38,38
PDB_contact,1,1,4,261,321,58,58
PDB_contact,1,1,3,254,330,52,58
PDB_contact,1,2,1,323,339,5,5
PDB_contact,1,1,2,342,31,45,55
PDB_contact,1,1,2,350,232,58,58
PDB_contact,1,1,2,82,350,50,58
PDB_contact,1,1,7,286,350,58,58
PDB_contact,1,1,5,215,350,58,58
PDB_contact,1,1,1,235,275,58,58
PDB_contact,1,4,2,337,212,57,58
PDB_contact,1,2,1,300,291,13,13
PDB_contact,1,2,2,347,302,58,58
PDB_contact,1,3,1,315,251,58,58
PDB_contact,1,1,1,180,169,58,58
PDB_contact,1,1,1,91,350,58,58
PDB_contact,1,2,4,31,264,45,56
PDB_contact,1,2,1,287,149,58,58
PDB_contact,1,2,6,146,350,36,57
PDB_contact,1,3,6,343,313,42,57
PDB_contact,1,1,1,160,176,57,57
PDB_contact,1,1,2,113,329,57,57
PDB_contact,1,1,1,149,142,57,57
PDB_contact,1,1,1,118,242,57,57
PDB_contact,1,2,2,321,296,39,57
PDB_contact,1,1,5,181,215,57,57
PDB_contact,1,1,5,116,350,49,57
PDB_contact,1,2,2,330,31,49,52
PDB_contact,1,1,4,155,304,57,57
PDB_contact,1,1,1,99,161,57,57
PDB_contact,1,2,1,297,275,57,57
PDB_contact,1,3,2,197,336,38,57
PDB_contact,1,2,1,62,226,29,57
PDB_contact,1,2,2,340,31,49,53
PDB_contact,1,3,1,181,71,31,57
PDB_contact,1,1,1,87,118,57,57
PDB_contact,1,3,1,167,196,41,57
PDB_contact,1,1,1,328,189,57,57
PDB_contact,1,1,8,269,350,57,57
PDB_contact,1,1,1,233,184,57,57
PDB_contact,1,2,4,31,332,42,49
PDB_contact,1,1,3,168,333,57,57
PDB_contact,1,1,1,350,211,57,57
PDB_contact,1,2,2,235,217,57,57
PDB_contact,1,1,1,190,182,57,57
PDB_contact,1,1,1,325,63,57,57
PDB_contact,1,3,4,293,283,30,36
PDB_contact,1,1,1,106,347,57,57
PDB_contact,1,1,1,318,144,57,57
PDB_contact,1,1,1,76,119,57,57
PDB_contact,1,2,2,258,31,23,54
PDB_contact,1,6,2,295,347,48,48
PDB_contact,1,1,2,51,302,57,57
PDB_contact,1,2,1,249,276,57,57
PDB_contact,1,2,1,335,142,57,57
PDB_contact,1,2,2,319,171,57,57
PDB_contact,1,1,2,309,242,57,57
PDB_contact,1,2,6,130,313,40,56
PDB_contact,1,1,1,84,151,56,56
PDB_contact,1,1,1,297,160,56,56
PDB_contact,1,3,1,168,309,43,56
PDB_contact,1,1,1,216,306,56,56
PDB_contact,1,1,1,147,142,56,56
PDB_contact,1,4,2,350,334,55,56
PDB_contact,1,3,2,323,31,49,56
PDB_contact,1,1,2,115,258,42,55
PDB_contact,1,2,2,269,31,33,47
PDB_contact,1,3,2,291,347,50,50
PDB_contact,1,2,2,321,322,38,38
PDB_contact,1,3,4,253,350,40,56
PDB_contact,1,1,2,196,342,56,56
PDB_contact,1,3,4,281,189,31,56
PDB_contact,1,1,2,343,187,56,56
PDB_contact,1,1,3,116,336,55,56
PDB_contact,1,11,2,350,320,41,56
PDB_contact,1,1,2,183,328,29,54
PDB_contact,1,1,2,108,338,56,56
PDB_contact,1,1,4,151,310,56,56
PDB_contact,1,1,2,129,212,37,56
PDB_contact,1,1,1,206,177,56,56
PDB_contact,1,1,2,105,328,56,56
PDB_contact,1,2,1,289,74,56,56
PDB_contact,1,2,7,30,194,41,56
PDB_contact,1,1,1,325,196,56,56
PDB_contact,1,1,4,189,350,54,56
PDB_contact,1,1,5,261,183,56,56
PDB_contact,1,1,3,327,345,38,56
PDB_contact,1,2,2,316,300,51,51
PDB_contact,1,1,3,103,199,55,55
PDB_contact,1,2,2,240,252,56,56
PDB_contact,1,1,1,184,346,56,56
PDB_contact,1,6,2,309,300,49,49
PDB_contact,1,8,3,31,157,48,56
PDB_contact,1,1,1,205,201,55,55
PDB_contact,1,1,1,208,158,55,55
PDB_contact,1,1,1,175,338,55,55
PDB_contact,1,1,5,138,350,39,55
PDB_contact,1,2,2,161,31,19,32
PDB_contact,1,1,6,136,343,55,55
PDB_contact,1,2,1,321,123,55,55
PDB_contact,1,1,3,162,328,55,55
PDB_contact,1,3,1,251,167,53,53
PDB_contact,1,2,3,346,292,55,55
PDB_contact,1,2,10,346,312,35,55
PDB_contact,1,9,3,154,324,22,55
PDB_contact,1,1,1,246,255,55,55
PDB_contact,1,2,1,281,129,35,55
PDB_contact,1,4,1,325,180,55,55
PDB_contact,1,4,4,315,62,55,55
PDB_contact,1,1,1,282,280,55,55
PDB_contact,1,10,3,312,247,41,55
PDB_contact,1,2,3,297,301,53,53
PDB_contact,1,2,3,31,323,45,53
PDB_contact,1,1,1,85,314,55,55
PDB_contact,1,5,7,236,312,30,34
PDB_contact,1,4,2,120,287,50,55
PDB_contact,1,2,2,31,322,40,49
PDB_contact,1,1,6,195,349,16,16
PDB_contact,1,2,1,291,116,41,55
PDB_contact,1,1,1,119,347,55,55
PDB_contact,1,3,1,214,142,49,55
PDB_contact,1,2,2,316,347,53,53
PDB_contact,1,3,1,113,113,55,55
PDB_contact,1,1,3,309,251,55,55
PDB_contact,1,1,6,104,350,55,55
PDB_contact,1,1,5,140,333,32,55
PDB_contact,1,1,2,248,318,54,54
PDB_contact,1,3,6,31,315,27,51
PDB_contact,1,2,7,347,273,47,47
PDB_contact,1,2,2,252,31,26,48
PDB_contact,1,4,3,315,325,54,54
PDB_contact,1,2,4,147,30,54,54
PDB_contact,1,3,11,227,347,49,54
PDB_contact,1,6,4,247,318,4,4
PDB_contact,1,3,4,292,337,54,54
PDB_contact,1,2,1,296,242,39,54
PDB_contact,1,4,4,350,299,34,54
PDB_contact,1,2,1,256,180,54,54
PDB_contact,1,3,2,130,149,41,54
PDB_contact,1,1,1,103,256,54,54
PDB_contact,1,4,2,334,114,54,54
PDB_contact,1,1,3,194,278,51,54
PDB_contact,1,2,5,301,230,31,54
PDB_contact,1,2,1,342,287,54,54
PDB_contact,1,1,3,165,230,54,54
PDB_contact,1,1,10,229,330,54,54
PDB_contact,1,2,2,215,31,32,52
PDB_contact,1,1,1,210,113,54,54
PDB_contact,1,1,3,108,350,54,54
PDB_contact,1,2,6,331,259,54,54
PDB_contact,1,7,1,305,270,34,54
PDB_contact,1,3,3,325,315,54,54
PDB_contact,1,1,5,220,252,54,54
PDB_contact,1,4,3,334,275,54,54
PDB_contact,1,1,2,241,277,53,53
PDB_contact,1,1,1,119,56,53,53
PDB_contact,1,1,2,182,329,50,50
PDB_contact,1,1,2,256,81,53,53
PDB_contact,1,1,1,128,201,53,53
PDB_contact,1,1,1,91,161,53,53
PDB_contact,1,1,2,195,242,53,53
PDB_contact,1,1,5,212,324,53,53
PDB_contact,1,2,2,161,31,20,33
PDB_contact,1,1,3,317,218,53,53
PDB_contact,1,2,2,31,350,44,48
PDB_contact,1,4,2,334,340,53,53
PDB_contact,1,3,4,269,322,33,45
PDB_contact,1,3,1,302,238,53,53
PDB_contact,1,5,9,350,330,41,41
PDB_contact,1,1,1,254,296,53,53
PDB_contact,1,2,6,257,300,33,42
PDB_contact,1,1,1,179,325,53,53
PDB_contact,1,4,1,298,293,53,53
PDB_contact,1,1,1,189,153,53,53
PDB_contact,1,1,3,249,306,53,53
PDB_contact,1,2,1,201,247,48,52
PDB_contact,1,3,1,214,239,48,53
PDB_contact,1,2,1,200,327,53,53
PDB_contact,1,4,2,330,31,40,46
PDB_contact,1,8,1,304,270,53,53
PDB_contact,1,3,8,251,226,48,48
PDB_contact,1,2,1,329,81,53,53
PDB_contact,1,2,3,157,345,42,53
PDB_contact,1,2,1,273,263,52,52
PDB_contact,1,1,1,166,311,52,52
PDB_contact,1,2,2,31,336,46,51
PDB_contact,1,1,1,219,236,52,52
PDB_contact,1,1,2,225,160,52,52
PDB_contact,1,1,5,200,284,52,52
PDB_contact,1,3,10,350,312,52,52
PDB_contact,1,10,1,312,199,52,52
PDB_contact,1,2,4,31,312,39,44
PDB_contact,1,1,2,115,110,52,52
PDB_contact,1,2,2,321,31,41,49
PDB_contact,1,2,4,308,345,31,52
PDB_contact,1,2,1,277,117,45,45
PDB_contact,1,6,4,329,214,29,52
PDB_contact,1,1,2,138,349,52,52
PDB_contact,1,1,1,98,105,52,52
PDB_contact,1,1,3,129,108,32,52
PDB_contact,1,1,1,156,179,52,52
PDB_contact,1,1,3,128,221,51,52
PDB_contact,1,2,2,211,335,45,52
PDB_contact,1,2,4,321,276,52,52
PDB_contact,1,2,1,333,108,52,52
PDB_contact,1,2,10,343,289,52,52
PDB_contact,1,2,2,274,31,25,45
PDB_contact,1,2,2,192,308,42,52
PDB_contact,1,1,6,350,313,51,51
PDB_contact,1,1,1,203,176,51,51
PDB_contact,1,1,1,204,125,51,51
PDB_contact,1,1,1,153,216,51,51
PDB_contact,1,1,1,240,119,51,51
PDB_contact,1,1,4,136,260,47,47
PDB_contact,1,3,3,350,324,51,51
PDB_contact,1,1,1,161,125,51,51
PDB_contact,1,2,1,335,117,45,45
PDB_contact,1,1,2,101,265,34,45
PDB_contact,1,1,1,272,153,51,51
PDB_contact,1,3,7,318,343,42,51
PDB_contact,1,5,6,285,259,33,51
PDB_contact,1,1,3,243,292,51,51
PDB_contact,1,2,1,230,261,51,51
PDB_contact,1,4,1,173,101,33,45
PDB_contact,1,3,1,322,273,35,51
PDB_contact,1,2,4,252,350,51,51
PDB_contact,1,1,1,161,68,51,51
PDB_contact,1,1,1,288,241,51,51
PDB_contact,1,2,13,256,350,51,51
PDB_contact,1,5,9,253,349,19,51
PDB_contact,1,10,1,75,200,51,51
PDB_contact,1,2,2,316,31,42,49
PDB_contact,1,1,2,233,345,51,51
PDB_contact,1,1,1,148,243,51,51
PDB_contact,1,1,3,172,221,50,51
PDB_contact,1,2,4,316,274,51,51
PDB_contact,1,5,1,218,245,45,51
PDB_contact,1,2,1,343,296,51,51
PDB_contact,1,1,1,227,169,51,51
PDB_contact,1,9,1,341,112,51,51
PDB_contact,1,3,7,324,178,50,50
PDB_contact,1,1,1,263,133,50,50
PDB_contact,1,1,1,205,123,50,50
PDB_contact,1,2,4,122,348,50,50
PDB_contact,1,1,1,123,349,50,50
PDB_contact,1,2,4,317,324,34,50
PDB_contact,1,1,4,79,174,43,50
PDB_contact,1,3,1,241,248,50,50
PDB_contact,1,3,4,350,310,50,50
PDB_contact,1,1,1,241,239,50,50
PDB_contact,1,1,2,200,315,50,50
PDB_contact,1,4,1,307,273,50,50
PDB_contact,1,4,4,307,325,26,41
PDB_contact,1,4,2,326,188,40,50
PDB_contact,1,3,1,137,213,50,50
PDB_contact,1,5,3,350,350,38,50
PDB_contact,1,1,3,129,324,50,50
PDB_contact,1,6,2,300,344,50,50
PDB_contact,1,2,1,295,183,50,50
PDB_contact,1,1,1,263,264,50,50
PDB_contact,1,1,3,183,256,50,50
PDB_contact,1,1,2,248,323,50,50
PDB_contact,1,4,3,301,330,50,50
PDB_contact,1,2,1,204,199,50,50
PDB_contact,1,1,5,208,323,49,50
PDB_contact,1,1,4,179,350,50,50
PDB_contact,1,1,1,119,172,50,50
PDB_contact,1,6,4,283,232,31,50
PDB_contact,1,3,2,344,31,26,28
PDB_contact,1,1,4,83,317,50,50
PDB_contact,1,2,1,339,287,50,50
PDB_contact,1,4,2,247,234,50,50
PDB_contact,1,3,5,88,294,50,50
PDB_contact,1,1,1,317,218,50,50
PDB_contact,1,1,1,335,251,50,50
PDB_contact,1,1,6,215,203,47,50
PDB_contact,1,4,1,281,345,50,50
PDB_contact,1,1,1,344,180,49,49
PDB_contact,1,8,12,323,348,35,49
PDB_contact,1,1,3,75,350,49,49
PDB_contact,1,1,2,161,291,49,49
PDB_contact,1,1,6,103,247,44,49
PDB_contact,1,1,1,147,81,49,49
PDB_contact,1,3,4,292,318,44,49
PDB_contact,1,5,1,256,95,49,49
PDB_contact,1,4,1,275,105,49,49
PDB_contact,1,1,2,255,293,48,49
PDB_contact,1,3,2,348,273,27,49
PDB_contact,1,2,2,180,348,49,49
PDB_contact,1,5,4,280,74,49,49
PDB_contact,1,4,3,310,348,38,49
PDB_contact,1,5,2,331,176,42,49
PDB_contact,1,2,3,313,289,49,49
PDB_contact,1,1,1,248,123,49,49
PDB_contact,1,2,1,174,132,49,49
PDB_contact,1,1,5,280,96,49,49
PDB_contact,1,2,3,300,222,35,44
PDB_contact,1,2,1,229,192,49,49
PDB_contact,1,2,1,276,238,49,49
PDB_contact,1,1,1,136,204,49,49
PDB_contact,1,1,1,82,325,49,49
PDB_contact,1,1,1,249,108,49,49
PDB_contact,1,11,1,286,285,49,49
PDB_contact,1,2,1,316,108,47,49
PDB_contact,1,1,5,200,242,48,48
PDB_contact,1,2,1,298,112,49,49
PDB_contact,1,2,2,258,31,23,40
PDB_contact,1,2,1,58,277,49,49
PDB_contact,1,2,2,333,336,34,49
PDB_contact,1,1,3,156,280,47,47
PDB_contact,1,1,6,261,330,49,49
PDB_contact,1,2,2,31,214,25,48
PDB_contact,1,1,1,123,156,48,48
PDB_contact,1,1,1,132,156,48,48
PDB_contact,1,1,1,158,215,48,48
PDB_contact,1,1,1,306,338,48,48
PDB_contact,1,1,1,205,258,48,48
PDB_contact,1,2,2,254,31,28,42
PDB_contact,1,1,2,309,108,48,48
PDB_contact,1,1,1,64,153,48,48
PDB_contact,1,3,3,235,238,23,48
PDB_contact,1,2,2,31,241,21,40
PDB_contact,1,1,1,117,314,48,48
PDB_contact,1,6,4,344,309,38,48
PDB_contact,1,4,1,324,264,35,48
PDB_contact,1,1,4,193,331,48,48
PDB_contact,1,4,2,146,332,34,48
PDB_contact,1,1,2,280,276,48,48
PDB_contact,1,10,2,323,187,28,48
PDB_contact,1,1,4,136,339,48,48
PDB_contact,1,3,1,266,224,48,48
PDB_contact,1,1,3,325,60,46,48
PDB_contact,1,1,1,234,141,48,48
PDB_contact,1,1,3,130,270,48,48
PDB_contact,1,3,3,342,330,44,48
PDB_contact,1,3,1,324,341,48,48
PDB_contact,1,1,6,133,350,48,48
PDB_contact,1,1,6,180,349,48,48
PDB_contact,1,2,2,339,300,23,23
PDB_contact,1,5,1,323,204,48,48
PDB_contact,1,1,1,336,299,48,48
PDB_contact,1,1,4,155,128,41,48
PDB_contact,1,1,2,145,302,32,48
PDB_contact,1,4,1,159,289,35,35
PDB_contact,1,7,2,324,333,48,48
PDB_contact,1,1,1,315,305,48,48
PDB_contact,1,2,1,349,347,48,48
PDB_contact,1,1,1,261,106,48,48
PDB_contact,1,1,2,126,333,48,48
PDB_contact,1,1,2,149,331,48,48
PDB_contact,1,4,1,325,229,48,48
PDB_contact,1,1,1,229,201,48,48
PDB_contact,1,3,1,341,66,48,48
PDB_contact,1,2,1,31,333,38,42
PDB_contact,1,1,1,137,135,47,47
PDB_contact,1,1,1,205,196,47,47
PDB_contact,1,1,1,173,137,47,47
PDB_contact,1,1,2,310,146,47,47
PDB_contact,1,2,1,212,116,40,47
PDB_contact,1,1,4,163,236,47,47
PDB_contact,1,3,2,327,347,47,47
PDB_contact,1,7,6,345,259,26,47
PDB_contact,1,10,2,224,327,21,47
PDB_contact,1,1,1,210,131,47,47
PDB_contact,1,1,1,190,198,47,47
PDB_contact,1,2,2,109,283,24,47
PDB_contact,1,2,1,312,105,47,47
PDB_contact,1,2,2,341,330,47,47
PDB_contact,1,5,4,232,287,47,47
PDB_contact,1,3,1,324,121,47,47
PDB_contact,1,1,6,186,350,47,47
PDB_contact,1,1,3,178,333,47,47
PDB_contact,1,10,1,220,329,31,47
PDB_contact,1,4,10,237,153,30,47
PDB_contact,1,3,6,324,237,31,47
PDB_contact,1,2,1,289,51,47,47
PDB_contact,1,1,5,243,161,47,47
PDB_contact,1,1,1,315,341,47,47
PDB_contact,1,1,2,272,346,47,47
PDB_contact,1,1,3,254,335,32,34
PDB_contact,1,1,5,189,323,47,47
PDB_contact,1,1,1,153,173,47,47
PDB_contact,1,1,2,58,160,47,47
PDB_contact,1,1,3,98,274,43,47
PDB_contact,1,1,3,246,304,46,46
PDB_contact,1,3,2,331,347,40,47
PDB_contact,1,2,3,31,280,31,45
PDB_contact,1,5,1,256,178,47,47
PDB_contact,1,3,4,285,271,36,47
PDB_contact,1,3,1,315,112,47,47
PDB_contact,1,1,1,220,220,47,47
PDB_contact,1,2,1,333,268,38,47
PDB_contact,1,2,1,185,135,32,47
PDB_contact,1,4,2,310,218,47,47
PDB_contact,1,1,1,263,201,46,46
PDB_contact,1,2,2,90,138,46,46
PDB_contact,1,1,1,243,317,46,46
PDB_contact,1,1,2,177,210,46,46
PDB_contact,1,2,2,53,338,37,46
PDB_contact,1,1,1,205,137,46,46
PDB_contact,1,2,1,335,106,46,46
PDB_contact,1,3,1,302,147,46,46
PDB_contact,1,2,5,343,188,35,46
PDB_contact,1,1,1,85,199,46,46
PDB_contact,1,6,3,350,147,32,46
PDB_contact,1,4,3,350,276,46,46
PDB_contact,1,1,2,297,329,46,46
PDB_contact,1,1,1,229,147,46,46
PDB_contact,1,10,3,312,314,46,46
PDB_contact,1,1,2,115,265,35,45
PDB_contact,1,2,5,297,350,46,46
PDB_contact,1,2,2,297,115,46,46
PDB_contact,1,10,5,306,230,46,46
PDB_contact,1,2,2,31,349,39,42
PDB_contact,1,5,1,253,172,46,46
PDB_contact,1,11,1,190,246,42,46
PDB_contact,1,2,1,328,116,46,46
PDB_contact,1,1,1,152,145,46,46
PDB_contact,1,1,4,325,350,46,46
PDB_contact,1,1,1,153,171,46,46
PDB_contact,1,1,1,189,119,46,46
PDB_contact,1,1,1,119,172,46,46
PDB_contact,1,1,1,128,137,46,46
PDB_contact,1,3,1,274,137,40,46
PDB_contact,1,5,1,335,346,46,46
PDB_contact,1,2,1,334,296,46,46
PDB_contact,1,1,5,329,300,46,46
PDB_contact,1,4,4,350,350,46,46
PDB_contact,1,1,1,286,183,46,46
PDB_contact,1,1,1,317,161,46,46
PDB_contact,1,1,1,130,136,45,45
PDB_contact,1,1,1,241,205,45,45
PDB_contact,1,1,1,248,160,45,45
PDB_contact,1,1,1,211,105,45,45
PDB_contact,1,1,1,215,178,45,45
PDB_contact,1,1,1,218,258,45,45
PDB_contact,1,1,1,205,142,45,45
PDB_contact,1,3,1,124,269,45,45
PDB_contact,1,1,4,143,311,25,45
PDB_contact,1,3,1,322,128,45,45
PDB_contact,1,4,1,336,301,45,45
PDB_contact,1,3,2,191,292,23,45
PDB_contact,1,1,1,87,343,36,36
PDB_contact,1,1,7,234,277,23,45
PDB_contact,1,2,2,337,330,45,45
PDB_contact,1,1,1,200,224,45,45
PDB_contact,1,1,4,261,292,45,45
PDB_contact,1,3,2,253,251,37,45
PDB_contact,1,1,2,282,276,45,45
PDB_contact,1,1,1,130,136,45,45
PDB_contact,1,2,1,31,322,28,35
PDB_contact,1,1,1,101,158,45,45
PDB_contact,1,1,4,84,236,42,45
PDB_contact,1,2,1,320,153,45,45
PDB_contact,1,3,1,302,183,45,45
PDB_contact,1,2,1,254,212,45,45
PDB_contact,1,1,1,197,281,45,45
PDB_contact,1,4,1,312,184,45,45
PDB_contact,1,1,1,254,240,45,45
PDB_contact,1,2,5,250,341,36,45
PDB_contact,1,1,3,117,341,45,45
PDB_contact,1,1,10,334,327,45,45
PDB_contact,1,2,2,232,31,27,40
PDB_contact,1,2,1,30,205,36,45
PDB_contact,1,1,1,350,155,45,45
PDB_contact,1,1,1,213,264,45,45
PDB_contact,1,3,2,159,192,28,45
PDB_contact,1,2,11,274,342,45,45
PDB_contact,1,3,1,146,334,45,45
PDB_contact,1,6,4,350,254,45,45
PDB_contact,1,2,1,322,219,44,45
PDB_contact,1,1,2,200,256,39,45
PDB_contact,1,1,1,240,248,44,44
PDB_contact,1,1,1,117,136,44,44
PDB_contact,1,1,1,323,106,44,44
PDB_contact,1,1,3,189,298,44,44
PDB_contact,1,1,1,249,316,44,44
PDB_contact,1,1,3,204,229,44,44
PDB_contact,1,1,1,87,187,44,44
PDB_contact,1,4,1,343,189,44,44
PDB_contact,1,7,4,350,270,44,44
PDB_contact,1,1,4,172,310,44,44
PDB_contact,1,4,3,294,345,44,44
PDB_contact,1,1,1,199,183,44,44
PDB_contact,1,10,1,224,155,44,44
PDB_contact,1,2,1,340,343,44,44
PDB_contact,1,1,1,346,58,44,44
PDB_contact,1,11,1,350,339,44,44
PDB_contact,1,1,1,246,141,44,44
PDB_contact,1,1,1,165,303,44,44
PDB_contact,1,1,2,286,346,44,44
PDB_contact,1,1,2,289,194,44,44
PDB_contact,1,1,3,119,320,42,42
PDB_contact,1,3,1,306,145,18,44
PDB_contact,1,1,1,84,318,44,44
PDB_contact,1,5,1,350,169,44,44
PDB_contact,1,2,5,325,264,27,44
PDB_contact,1,2,8,274,345,44,44
PDB_contact,1,1,1,140,199,44,44
PDB_contact,1,4,2,259,349,44,44
PDB_contact,1,2,2,138,346,36,43
PDB_contact,1,1,1,241,263,43,43
PDB_contact,1,1,2,234,272,43,43
PDB_contact,1,1,1,192,128,43,43
PDB_contact,1,2,4,269,335,34,43
PDB_contact,1,1,1,348,175,43,43
PDB_contact,1,1,1,215,142,43,43
PDB_contact,1,5,7,225,350,27,43
PDB_contact,1,2,13,273,350,43,43
PDB_contact,1,4,4,222,233,41,41
PDB_contact,1,3,2,136,174,43,43
PDB_contact,1,4,1,333,252,7,7
PDB_contact,1,2,2,31,218,26,36
PDB_contact,1,1,1,130,136,43,43
PDB_contact,1,2,2,297,301,35,35
PDB_contact,1,1,1,339,316,43,43
PDB_contact,1,3,4,196,290,28,43
PDB_contact,1,7,2,305,98,33,43
PDB_contact,1,1,2,136,312,43,43
PDB_contact,1,2,3,331,320,24,43
PDB_contact,1,2,1,177,322,43,43
PDB_contact,1,1,2,136,185,5,5
PDB_contact,1,1,2,112,324,43,43
PDB_contact,1,2,1,295,224,42,42
PDB_contact,1,1,3,138,276,43,43
PDB_contact,1,2,3,214,321,43,43
PDB_contact,1,1,4,166,336,40,43
PDB_contact,1,2,2,347,295,25,30
PDB_contact,1,2,2,212,300,27,40
PDB_contact,1,1,2,334,249,43,43
PDB_contact,1,5,3,252,350,41,43
PDB_contact,1,1,1,106,174,43,43
PDB_contact,1,1,4,320,330,43,43
PDB_contact,1,2,1,341,119,43,43
PDB_contact,1,2,1,190,275,42,43
PDB_contact,1,6,1,154,246,24,43
PDB_contact,1,9,2,350,318,34,34
PDB_contact,1,1,5,203,280,43,43
PDB_contact,1,9,3,341,315,43,43
PDB_contact,1,1,1,124,268,43,43
PDB_contact,1,1,1,140,157,42,42
PDB_contact,1,1,1,70,156,42,42
PDB_contact,1,1,2,128,335,42,42
PDB_contact,1,1,1,218,205,42,42
PDB_contact,1,2,4,281,337,42,42
PDB_contact,1,2,2,223,321,30,42
PDB_contact,1,3,5,247,220,42,42
PDB_contact,1,1,2,125,224,27,42
PDB_contact,1,1,1,235,341,39,39
PDB_contact,1,1,2,324,194,42,42
PDB_contact,1,1,1,281,204,42,42
PDB_contact,1,1,2,107,216,27,27
PDB_contact,1,2,4,324,247,42,42
PDB_contact,1,2,3,312,329,42,42
PDB_contact,1,1,6,109,306,42,42
PDB_contact,1,2,1,331,248,42,42
PDB_contact,1,3,1,301,216,32,42
PDB_contact,1,3,1,301,185,42,42
PDB_contact,1,3,8,177,345,42,42
PDB_contact,1,3,2,94,327,26,42
PDB_contact,1,1,1,92,184,42,42
PDB_contact,1,4,1,88,81,42,42
PDB_contact,1,1,2,212,326,42,42
PDB_contact,1,5,2,324,327,42,42
PDB_contact,1,6,3,350,30,42,42
PDB_contact,1,2,2,329,149,38,42
PDB_contact,1,1,4,112,142,42,42
PDB_contact,1,1,1,147,232,42,42
PDB_contact,1,3,2,350,31,38,41
PDB_contact,1,1,2,282,350,42,42
PDB_contact,1,2,3,321,247,42,42
PDB_contact,1,9,4,315,350,24,42
PDB_contact,1,1,4,108,335,42,42
PDB_contact,1,3,1,333,153,42,42
PDB_contact,1,1,5,142,96,42,42
PDB_contact,1,1,2,266,259,42,42
PDB_contact,1,1,4,317,279,42,42
PDB_contact,1,2,1,292,248,42,42
PDB_contact,1,2,1,121,334,17,17
PDB_contact,1,2,1,289,142,42,42
PDB_contact,1,1,1,275,58,42,42
PDB_contact,1,1,4,207,344,42,42
PDB_contact,1,3,4,274,234,42,42
PDB_contact,1,1,1,156,98,42,42
PDB_contact,1,2,2,212,335,27,27
PDB_contact,1,1,2,302,250,40,42
PDB_contact,1,2,1,325,153,42,42
PDB_contact,1,2,1,349,115,41,42
PDB_contact,1,1,2,256,207,42,42
PDB_contact,1,2,2,319,335,42,42
PDB_contact,1,1,4,189,350,42,42
PDB_contact,1,3,2,296,250,30,42
PDB_contact,1,1,1,220,268,42,42
PDB_contact,1,1,1,264,277,41,41
PDB_contact,1,2,1,90,310,41,41
PDB_contact,1,1,2,261,276,41,41
PDB_contact,1,1,1,135,243,41,41
PDB_contact,1,3,4,268,188,38,41
PDB_contact,1,1,1,288,290,41,41
PDB_contact,1,3,3,278,340,36,41
PDB_contact,1,3,1,231,243,41,41
PDB_contact,1,2,1,321,310,41,41
PDB_contact,1,1,1,130,136,41,41
PDB_contact,1,2,2,61,99,22,41
PDB_contact,1,1,5,147,288,41,41
PDB_contact,1,1,1,87,142,41,41
PDB_contact,1,6,4,199,342,36,41
PDB_contact,1,1,3,91,324,23,41
PDB_contact,1,3,1,326,346,41,41
PDB_contact,1,1,1,343,242,41,41
PDB_contact,1,2,5,315,324,41,41
PDB_contact,1,1,2,248,283,23,41
PDB_contact,1,1,4,51,79,41,41
PDB_contact,1,3,5,350,266,24,41
PDB_contact,1,1,1,223,316,41,41
PDB_contact,1,1,3,316,255,41,41
PDB_contact,1,2,1,225,204,41,41
PDB_contact,1,3,2,227,336,41,41
PDB_contact,1,1,1,261,141,41,41
PDB_contact,1,2,1,290,284,41,41
PDB_contact,1,4,10,274,153,30,41
PDB_contact,1,4,4,310,111,26,41
PDB_contact,1,1,1,117,220,41,41
PDB_contact,1,1,1,348,119,41,41
PDB_contact,1,1,3,254,30,41,41
PDB_contact,1,1,4,349,276,41,41
PDB_contact,1,1,6,164,331,26,41
PDB_contact,1,1,7,186,194,41,41
PDB_contact,1,5,2,301,285,40,41
PDB_contact,1,3,2,260,90,26,41
PDB_contact,1,1,1,325,274,41,41
PDB_contact,1,1,1,130,136,41,41
PDB_contact,1,1,1,173,185,41,41
PDB_contact,1,1,2,273,319,41,41
PDB_contact,1,11,3,197,350,27,41
PDB_contact,1,1,1,293,130,40,40
PDB_contact,1,3,5,343,323,40,40
PDB_contact,1,1,2,123,349,40,40
PDB_contact,1,3,3,67,247,24,40
PDB_contact,1,1,1,208,330,40,40
PDB_contact,1,1,3,189,298,40,40
PDB_contact,1,2,9,273,350,40,40
PDB_contact,1,1,2,146,101,40,40
PDB_contact,1,1,1,130,136,40,40
PDB_contact,1,2,1,335,135,40,40
PDB_contact,1,3,3,332,181,30,40
PDB_contact,1,10,4,312,159,40,40
PDB_contact,1,1,7,261,318,18,40
PDB_contact,1,1,1,255,239,40,40
PDB_contact,1,2,3,308,246,40,40
PDB_contact,1,1,1,195,202,40,40
PDB_contact,1,2,2,212,251,40,40
PDB_contact,1,1,2,103,296,40,40
PDB_contact,1,2,1,295,193,40,40
PDB_contact,1,5,1,213,186,40,40
PDB_contact,1,3,4,282,278,34,40
PDB_contact,1,1,2,197,320,40,40
PDB_contact,1,3,1,340,125,40,40
PDB_contact,1,1,4,183,207,24,40
PDB_contact,1,6,2,199,219,40,40
PDB_contact,1,1,3,130,335,40,40
PDB_contact,1,2,1,259,147,40,40
PDB_contact,1,9,1,266,172,37,40
PDB_contact,1,2,1,235,208,40,40
PDB_contact,1,3,3,284,344,27,40
PDB_contact,1,4,1,350,196,40,40
PDB_contact,1,1,3,264,306,40,40
PDB_contact,1,1,1,189,179,40,40
PDB_contact,1,1,1,174,144,40,40
PDB_contact,1,1,2,334,273,40,40
PDB_contact,1,1,3,347,108,40,40
PDB_contact,1,1,2,81,313,36,40
PDB_contact,1,2,2,31,258,24,38
PDB_contact,1,1,1,315,330,40,40
PDB_contact,1,1,3,288,311,40,40
PDB_contact,1,2,1,333,218,25,40
PDB_contact,1,7,2,334,345,40,40
PDB_contact,1,1,4,81,81,38,40
PDB_contact,1,2,3,250,207,30,39
PDB_contact,1,1,1,135,317,39,39
PDB_contact,1,1,1,145,152,39,39
PDB_contact,1,2,2,337,334,39,39
PDB_contact,1,1,1,166,102,39,39
PDB_contact,1,2,1,349,212,39,39
PDB_contact,1,1,1,173,205,39,39
PDB_contact,1,1,1,257,199,39,39
PDB_contact,1,1,1,112,196,39,39
PDB_contact,1,4,4,222,350,39,39
PDB_contact,1,3,3,77,347,38,38
PDB_contact,1,1,3,305,31,31,39
PDB_contact,1,1,1,136,129,39,39
PDB_contact,1,5,1,324,243,39,39
PDB_contact,1,2,1,223,126,39,39
PDB_contact,1,7,2,350,233,39,39
PDB_contact,1,2,2,194,346,39,39
PDB_contact,1,1,4,89,270,39,39
PDB_contact,1,3,2,227,213,39,39
PDB_contact,1,1,3,248,304,39,39
PDB_contact,1,3,4,227,79,39,39
PDB_contact,1,1,1,298,79,39,39
PDB_contact,1,3,5,350,350,39,39
PDB_contact,1,1,3,255,321,37,39
PDB_contact,1,2,9,298,350,39,39
PDB_contact,1,2,4,180,336,29,39
PDB_contact,1,2,1,298,318,39,39
PDB_contact,1,1,1,130,136,39,39
PDB_contact,1,1,4,103,339,39,39
PDB_contact,1,1,1,350,184,39,39
PDB_contact,1,7,1,31,148,37,39
PDB_contact,1,1,1,283,261,39,39
PDB_contact,1,3,1,31,216,27,39
PDB_contact,1,1,1,136,130,39,39
PDB_contact,1,1,4,121,326,39,39
PDB_contact,1,2,3,300,298,39,39
PDB_contact,1,11,2,211,320,39,39
PDB_contact,1,1,1,241,123,39,39
PDB_contact,1,1,6,118,283,22,39
PDB_contact,1,1,3,147,101,39,39
PDB_contact,1,1,2,254,259,39,39
PDB_contact,1,2,1,242,192,39,39
PDB_contact,1,1,1,112,318,39,39
PDB_contact,1,2,3,274,310,39,39
PDB_contact,1,2,1,232,205,39,39
PDB_contact,1,1,1,274,63,39,39
PDB_contact,1,1,2,172,299,30,39
PDB_contact,1,1,1,210,318,39,39
PDB_contact,1,1,4,339,159,39,39
PDB_contact,1,2,5,230,350,39,39
PDB_contact,1,1,1,143,136,39,39
PDB_contact,1,1,3,251,311,39,39
PDB_contact,1,1,1,270,273,39,39
PDB_contact,1,1,4,273,350,23,39
PDB_contact,1,1,2,317,336,39,39
PDB_contact,1,1,3,129,322,39,39
PDB_contact,1,2,2,333,286,36,39
PDB_contact,1,1,1,136,128,38,38
PDB_contact,1,1,1,239,277,38,38
PDB_contact,1,2,1,180,157,30,38
PDB_contact,1,1,1,201,167,38,38
PDB_contact,1,1,1,137,258,38,38
PDB_contact,1,2,1,252,190,38,38
PDB_contact,1,5,1,225,187,23,38
PDB_contact,1,5,4,225,232,21,38
PDB_contact,1,9,4,250,294,38,38
PDB_contact,1,6,1,309,109,38,38
PDB_contact,1,2,1,346,225,38,38
PDB_contact,1,2,2,178,313,38,38
PDB_contact,1,1,1,245,163,38,38
PDB_contact,1,4,4,337,165,38,38
PDB_contact,1,1,2,192,329,38,38
PDB_contact,1,3,1,167,303,38,38
PDB_contact,1,1,4,215,299,35,38
PDB_contact,1,6,2,306,320,38,38
PDB_contact,1,1,6,264,329,38,38
PDB_contact,1,2,4,322,338,38,38
PDB_contact,1,1,5,103,325,38,38
PDB_contact,1,2,2,343,130,21,38
PDB_contact,1,3,1,189,184,38,38
PDB_contact,1,1,1,246,132,38,38
PDB_contact,1,1,3,266,30,38,38
PDB_contact,1,1,1,112,309,38,38
PDB_contact,1,2,7,333,289,38,38
PDB_contact,1,1,1,261,296,38,38
PDB_contact,1,4,3,317,335,38,38
PDB_contact,1,4,5,334,336,38,38
PDB_contact,1,3,1,207,158,38,38
PDB_contact,1,1,1,182,315,38,38
PDB_contact,1,3,5,318,297,37,37
PDB_contact,1,1,3,195,239,4,4
PDB_contact,1,1,5,165,256,19,38
PDB_contact,1,1,1,81,86,38,38
PDB_contact,1,1,1,120,334,38,38
PDB_contact,1,3,1,122,149,30,38
PDB_contact,1,2,1,246,300,38,38
PDB_contact,1,3,4,302,255,38,38
PDB_contact,1,5,3,350,130,38,38
PDB_contact,1,6,1,302,216,38,38
PDB_contact,1,2,2,312,326,31,31
PDB_contact,1,1,1,268,163,38,38
PDB_contact,1,4,1,235,160,14,38
PDB_contact,1,3,2,343,130,33,37
PDB_contact,1,1,1,246,277,37,37
PDB_contact,1,1,1,136,115,37,37
PDB_contact,1,1,1,152,125,37,37
PDB_contact,1,1,1,194,130,37,37
PDB_contact,1,1,1,339,180,37,37
PDB_contact,1,1,1,332,142,37,37
PDB_contact,1,1,1,215,149,37,37
PDB_contact,1,1,2,292,292,37,37
PDB_contact,1,1,1,177,268,37,37
PDB_contact,1,4,2,350,278,30,37
PDB_contact,1,2,7,249,350,37,37
PDB_contact,1,5,3,312,161,37,37
PDB_contact,1,2,7,231,350,37,37
PDB_contact,1,1,1,313,125,37,37
PDB_contact,1,5,1,350,339,37,37
PDB_contact,1,2,7,312,326,27,37
PDB_contact,1,4,3,235,327,22,37
PDB_contact,1,4,6,215,233,16,16
PDB_contact,1,1,1,147,108,37,37
PDB_contact,1,7,6,217,200,22,37
PDB_contact,1,4,6,290,247,37,37
PDB_contact,1,2,3,273,310,37,37
PDB_contact,1,8,1,345,262,37,37
PDB_contact,1,1,7,255,232,35,37
PDB_contact,1,1,1,261,249,37,37
PDB_contact,1,1,5,199,324,37,37
PDB_contact,1,1,1,140,163,37,37
PDB_contact,1,1,1,184,349,37,37
PDB_contact,1,1,1,255,293,37,37
PDB_contact,1,11,6,119,228,37,37
PDB_contact,1,1,2,337,250,37,37
PDB_contact,1,1,1,226,136,37,37
PDB_contact,1,1,1,161,226,37,37
PDB_contact,1,1,4,282,222,37,37
PDB_contact,1,1,2,136,296,37,37
PDB_contact,1,9,6,297,333,31,37
PDB_contact,1,1,4,323,334,35,37
PDB_contact,1,3,1,255,108,37,37
PDB_contact,1,1,3,216,324,24,37
PDB_contact,1,1,2,248,237,17,17
PDB_contact,1,3,4,272,337,27,37
PDB_contact,1,1,1,255,141,37,37
PDB_contact,1,3,3,233,103,20,37
PDB_contact,1,4,5,236,350,11,11
PDB_contact,1,1,1,266,240,37,37
PDB_contact,1,1,6,334,266,24,37
PDB_contact,1,9,1,350,326,37,37
PDB_contact,1,1,1,124,145,37,37
PDB_contact,1,1,3,210,306,37,37
PDB_contact,1,3,1,125,303,37,37
PDB_contact,1,2,1,127,334,37,37
PDB_contact,1,4,3,274,350,37,37
PDB_contact,1,1,1,136,130,37,37
PDB_contact,1,1,2,325,31,28,35
PDB_contact,1,1,2,262,299,37,37
PDB_contact,1,2,1,240,153,37,37
PDB_contact,1,4,2,262,250,28,37
PDB_contact,1,2,3,31,343,32,34
PDB_contact,1,9,6,350,326,37,37
PDB_contact,1,1,1,248,168,37,37
PDB_contact,1,2,2,249,250,37,37
PDB_contact,1,1,2,317,298,37,37
PDB_contact,1,1,1,160,159,36,36
PDB_contact,1,1,1,204,105,36,36
PDB_contact,1,1,1,256,137,36,36
PDB_contact,1,1,2,153,295,29,36
PDB_contact,1,1,2,173,252,36,36
PDB_contact,1,4,2,290,347,30,36
PDB_contact,1,6,1,344,143,36,36
PDB_contact,1,3,3,213,209,36,36
PDB_contact,1,1,1,126,103,36,36
PDB_contact,1,2,1,332,234,36,36
PDB_contact,1,4,2,244,336,17,36
PDB_contact,1,3,1,311,101,34,36
PDB_contact,1,2,2,127,330,27,36
PDB_contact,1,2,1,338,154,36,36
PDB_contact,1,1,3,83,335,36,36
PDB_contact,1,2,6,268,44,27,36
PDB_contact,1,2,1,343,223,36,36
PDB_contact,1,1,1,85,167,35,35
PDB_contact,1,1,4,126,336,36,36
PDB_contact,1,1,7,248,321,34,36
PDB_contact,1,1,1,224,198,36,36
PDB_contact,1,1,1,288,349,36,36
PDB_contact,1,1,4,204,336,36,36
PDB_contact,1,1,1,159,280,36,36
PDB_contact,1,9,3,295,284,36,36
PDB_contact,1,3,1,207,128,25,36
PDB_contact,1,1,1,226,58,36,36
PDB_contact,1,2,1,295,239,36,36
PDB_contact,1,1,3,129,336,34,36
PDB_contact,1,1,1,267,322,36,36
PDB_contact,1,8,1,350,183,36,36
PDB_contact,1,1,1,320,243,36,36
PDB_contact,1,1,1,315,204,36,36
PDB_contact,1,3,3,344,333,24,36
PDB_contact,1,2,2,333,304,19,36
PDB_contact,1,1,7,103,161,36,36
PDB_contact,1,1,1,309,287,36,36
PDB_contact,1,2,1,267,287,30,36
PDB_contact,1,2,1,282,193,36,36
PDB_contact,1,1,4,216,341,36,36
PDB_contact,1,2,1,294,192,36,36
PDB_contact,1,1,1,56,63,36,36
PDB_contact,1,1,1,182,173,36,36
PDB_contact,1,1,1,189,58,36,36
PDB_contact,1,1,1,347,141,36,36
PDB_contact,1,1,1,136,130,36,36
PDB_contact,1,2,1,252,343,36,36
PDB_contact,1,7,1,244,128,33,36
PDB_contact,1,2,6,273,320,36,36
PDB_contact,1,2,13,274,350,36,36
PDB_contact,1,1,4,147,271,36,36
PDB_contact,1,5,2,182,169,36,36
PDB_contact,1,5,2,187,328,36,36
PDB_contact,1,3,2,350,338,36,36
PDB_contact,1,6,2,59,326,30,30
PDB_contact,1,1,3,339,344,36,36
PDB_contact,1,1,2,220,261,36,36
PDB_contact,1,4,4,236,329,36,36
PDB_contact,1,4,6,346,350,20,35
PDB_contact,1,1,1,263,264,35,35
PDB_contact,1,1,1,266,156,35,35
PDB_contact,1,1,1,295,293,35,35
PDB_contact,1,3,4,337,335,35,35
PDB_contact,1,3,1,283,71,35,35
PDB_contact,1,6,1,350,110,35,35
PDB_contact,1,1,1,348,338,35,35
PDB_contact,1,1,1,65,222,35,35
PDB_contact,1,2,1,278,119,35,35
PDB_contact,1,1,3,145,31,35,35
PDB_contact,1,6,2,343,226,32,35
PDB_contact,1,1,1,105,330,35,35
PDB_contact,1,2,7,252,350,35,35
PDB_contact,1,1,6,146,269,34,35
PDB_contact,1,2,2,153,292,35,35
PDB_contact,1,3,1,259,245,35,35
PDB_contact,1,1,2,248,296,20,35
PDB_contact,1,3,3,292,292,30,35
PDB_contact,1,4,2,257,332,35,35
PDB_contact,1,2,7,247,350,35,35
PDB_contact,1,6,1,181,112,35,35
PDB_contact,1,1,4,115,336,20,20
PDB_contact,1,1,1,189,165,32,32
PDB_contact,1,5,3,293,327,24,35
PDB_contact,1,1,2,128,215,21,35
PDB_contact,1,10,5,347,233,21,35
PDB_contact,1,1,3,106,201,26,35
PDB_contact,1,3,1,289,74,35,35
PDB_contact,1,1,1,255,269,35,35
PDB_contact,1,7,5,319,284,35,35
PDB_contact,1,3,1,235,301,32,35
PDB_contact,1,3,1,145,135,35,35
PDB_contact,1,6,6,250,345,35,35
PDB_contact,1,1,3,154,329,35,35
PDB_contact,1,1,3,229,348,35,35
PDB_contact,1,1,3,119,330,35,35
PDB_contact,1,1,1,105,137,35,35
PDB_contact,1,1,3,175,350,34,35
PDB_contact,1,1,2,213,347,35,35
PDB_contact,1,1,4,205,128,21,35
PDB_contact,1,3,1,329,327,31,35
PDB_contact,1,1,3,334,156,35,35
PDB_contact,1,2,1,127,327,35,35
PDB_contact,1,4,1,88,334,35,35
PDB_contact,1,8,10,264,325,33,35
PDB_contact,1,1,2,130,312,35,35
PDB_contact,1,4,1,350,187,28,35
PDB_contact,1,1,1,213,115,35,35
PDB_contact,1,1,1,69,63,35,35
PDB_contact,1,2,5,326,214,35,35
PDB_contact,1,2,1,300,229,35,35
PDB_contact,1,1,1,194,264,4,4
PDB_contact,1,2,1,214,113,35,35
PDB_contact,1,3,2,284,326,26,26
PDB_contact,1,6,2,350,304,20,35
PDB_contact,1,1,3,136,328,35,35
PDB_contact,1,1,4,229,350,33,33
PDB_contact,1,2,2,156,130,17,34
PDB_contact,1,1,1,241,241,34,34
PDB_contact,1,2,1,90,324,34,34
PDB_contact,1,2,6,166,350,34,34
PDB_contact,1,1,1,215,288,34,34
PDB_contact,1,1,1,135,264,34,34
PDB_contact,1,1,1,102,296,34,34
PDB_contact,1,1,1,292,175,34,34
PDB_contact,1,2,1,252,258,34,34
PDB_contact,1,1,1,138,251,34,34
PDB_contact,1,2,2,31,234,14,14
PDB_contact,1,2,1,31,154,34,34
PDB_contact,1,1,1,229,233,34,34
PDB_contact,1,1,1,140,178,34,34
PDB_contact,1,1,6,110,349,14,14
PDB_contact,1,3,1,270,114,27,34
PDB_contact,1,2,6,297,350,34,34
PDB_contact,1,1,10,126,235,34,34
PDB_contact,1,2,6,201,249,27,34
PDB_contact,1,1,1,339,109,34,34
PDB_contact,1,1,3,341,181,24,34
PDB_contact,1,1,6,302,346,34,34
PDB_contact,1,1,1,314,167,30,30
PDB_contact,1,4,1,318,204,34,34
PDB_contact,1,1,1,288,300,34,34
PDB_contact,1,1,2,176,305,34,34
PDB_contact,1,1,1,147,336,34,34
PDB_contact,1,1,3,130,280,34,34
PDB_contact,1,2,9,274,350,34,34
PDB_contact,1,6,1,350,322,32,32
PDB_contact,1,1,2,323,107,34,34
PDB_contact,1,1,1,145,334,34,34
PDB_contact,1,4,4,303,144,30,34
PDB_contact,1,2,3,347,300,34,34
PDB_contact,1,3,5,350,350,34,34
PDB_contact,1,3,3,302,280,34,34
PDB_contact,1,2,4,315,108,34,34
PDB_contact,1,1,2,344,297,34,34
PDB_contact,1,1,2,298,250,24,34
PDB_contact,1,3,3,302,323,34,34
PDB_contact,1,7,2,350,278,34,34
PDB_contact,1,1,1,136,130,34,34
PDB_contact,1,1,1,206,128,34,34
PDB_contact,1,2,1,252,153,34,34
PDB_contact,1,2,2,250,329,24,34
PDB_contact,1,1,8,254,271,24,24
PDB_contact,1,1,1,128,136,34,34
PDB_contact,1,1,1,198,297,34,34
PDB_contact,1,3,4,168,350,24,34
PDB_contact,1,1,7,130,330,34,34
PDB_contact,1,2,9,231,350,34,34
PDB_contact,1,1,1,350,324,33,33
PDB_contact,1,1,1,261,201,33,33
PDB_contact,1,1,1,84,130,33,33
PDB_contact,1,2,1,281,140,33,33
PDB_contact,1,1,1,143,133,33,33
PDB_contact,1,1,1,206,180,33,33
PDB_contact,1,2,1,81,250,32,33
PDB_contact,1,9,2,350,233,33,33
PDB_contact,1,3,3,31,324,24,33
PDB_contact,1,2,2,179,291,27,33
PDB_contact,1,3,3,307,292,33,33
PDB_contact,1,2,2,166,194,33,33
PDB_contact,1,2,2,297,315,33,33
PDB_contact,1,1,3,192,329,33,33
PDB_contact,1,3,2,339,301,33,33
PDB_contact,1,3,6,292,247,2,2
PDB_contact,1,3,1,319,112,33,33
PDB_contact,1,3,4,292,342,33,33
PDB_contact,1,1,1,263,249,33,33
PDB_contact,1,11,2,250,273,33,33
PDB_contact,1,2,1,252,162,33,33
PDB_contact,1,4,2,217,41,29,33
PDB_contact,1,2,2,305,332,30,33
PDB_contact,1,3,1,327,102,33,33
PDB_contact,1,4,2,324,154,29,33
PDB_contact,1,4,10,349,152,33,33
PDB_contact,1,2,1,350,298,33,33
PDB_contact,1,6,4,346,281,33,33
PDB_contact,1,1,1,227,136,30,30
PDB_contact,1,1,3,136,230,23,33
PDB_contact,1,4,1,337,163,33,33
PDB_contact,1,5,1,321,108,27,33
PDB_contact,1,1,2,130,318,32,33
PDB_contact,1,4,1,88,259,33,33
PDB_contact,1,1,4,156,278,33,33
PDB_contact,1,1,1,333,144,33,33
PDB_contact,1,2,3,299,275,32,33
PDB_contact,1,9,12,221,166,33,33
PDB_contact,1,7,2,340,250,33,33
PDB_contact,1,5,1,310,83,33,33
PDB_contact,1,3,7,278,155,33,33
PDB_contact,1,1,1,103,204,33,33
PDB_contact,1,4,1,257,247,33,33
PDB_contact,1,1,1,82,274,33,33
PDB_contact,1,1,2,264,347,33,33
PDB_contact,1,3,1,198,128,27,33
PDB_contact,1,2,2,250,293,33,33
PDB_contact,1,1,2,150,250,26,33
PDB_contact,1,1,9,135,314,33,33
PDB_contact,1,2,1,296,237,33,33
PDB_contact,1,4,3,277,350,33,33
PDB_contact,1,3,5,340,327,33,33
PDB_contact,1,1,2,156,336,33,33
PDB_contact,1,1,1,296,282,33,33
PDB_contact,1,1,1,196,66,33,33
PDB_contact,1,5,6,338,202,33,33
PDB_contact,1,2,1,345,234,24,33
PDB_contact,1,1,3,218,130,33,33
PDB_contact,1,7,2,329,338,33,33
PDB_contact,1,1,2,317,326,27,27
PDB_contact,1,2,1,345,210,29,33
PDB_contact,1,3,6,339,308,33,33
PDB_contact,1,1,2,248,274,32,32
PDB_contact,1,2,1,138,310,32,32
PDB_contact,1,1,1,255,239,32,32
PDB_contact,1,1,7,133,269,31,32
PDB_contact,1,2,1,210,339,32,32
PDB_contact,1,1,1,92,250,32,32
PDB_contact,1,1,1,188,206,32,32
PDB_contact,1,1,1,198,261,32,32
PDB_contact,1,2,7,298,350,32,32
PDB_contact,1,1,1,140,258,32,32
PDB_contact,1,2,3,193,331,24,32
PDB_contact,1,3,1,272,299,32,32
PDB_contact,1,4,4,159,337,32,32
PDB_contact,1,1,4,243,336,30,32
PDB_contact,1,4,3,115,350,32,32
PDB_contact,1,1,1,174,348,32,32
PDB_contact,1,2,5,326,324,32,32
PDB_contact,1,3,1,302,154,32,32
PDB_contact,1,10,4,242,287,25,32
PDB_contact,1,1,1,260,239,32,32
PDB_contact,1,1,1,165,239,32,32
PDB_contact,1,4,4,275,325,31,32
PDB_contact,1,1,2,70,293,32,32
PDB_contact,1,1,3,140,341,32,32
PDB_contact,1,1,3,178,205,32,32
PDB_contact,1,1,11,203,161,32,32
PDB_contact,1,1,1,283,242,32,32
PDB_contact,1,1,3,156,333,32,32
PDB_contact,1,5,1,202,207,24,32
PDB_contact,1,2,1,225,69,26,32
PDB_contact,1,2,1,323,84,32,32
PDB_contact,1,2,1,295,199,32,32
PDB_contact,1,2,1,147,334,32,32
PDB_contact,1,6,3,331,272,19,32
PDB_contact,1,5,10,328,323,17,32
PDB_contact,1,10,4,303,321,19,23
PDB_contact,1,2,5,274,102,32,32
PDB_contact,1,1,2,349,280,32,32
PDB_contact,1,4,2,282,298,32,32
PDB_contact,1,2,4,286,247,32,32
PDB_contact,1,6,1,181,300,32,32
PDB_contact,1,1,4,147,316,32,32
PDB_contact,1,1,1,217,154,32,32
PDB_contact,1,2,2,328,31,29,29
PDB_contact,1,2,5,153,350,32,32
PDB_contact,1,2,2,126,163,32,32
PDB_contact,1,1,1,176,182,32,32
PDB_contact,1,1,4,118,174,22,32
PDB_contact,1,2,7,273,333,32,32
PDB_contact,1,1,1,347,174,32,32
PDB_contact,1,9,1,295,339,15,32
PDB_contact,1,1,5,291,218,25,32
PDB_contact,1,4,5,233,252,1,1
PDB_contact,1,2,2,273,322,32,32
PDB_contact,1,1,1,152,346,32,32
PDB_contact,1,8,2,168,331,31,32
PDB_contact,1,1,4,147,255,32,32
PDB_contact,1,3,1,350,248,29,29
PDB_contact,1,1,1,148,115,6,6
PDB_contact,1,2,2,312,326,24,24
PDB_contact,1,2,2,339,321,32,32
PDB_contact,1,3,3,336,328,30,32
PDB_contact,1,1,1,143,158,31,31
PDB_contact,1,6,2,350,286,31,31
PDB_contact,1,1,1,142,190,31,31
PDB_contact,1,2,1,329,173,31,31
PDB_contact,1,1,1,140,130,31,31
PDB_contact,1,4,2,268,304,31,31
PDB_contact,1,1,1,91,124,31,31
PDB_contact,1,1,2,310,166,31,31
PDB_contact,1,2,7,256,350,31,31
PDB_contact,1,9,2,350,278,31,31
PDB_contact,1,1,3,191,317,31,31
PDB_contact,1,3,3,302,168,31,31
PDB_contact,1,1,2,339,99,31,31
PDB_contact,1,2,2,295,328,27,31
PDB_contact,1,3,2,336,301,30,31
PDB_contact,1,3,4,307,318,31,31
PDB_contact,1,2,7,326,350,31,31
PDB_contact,1,4,2,350,250,31,31
PDB_contact,1,1,7,255,289,20,20
PDB_contact,1,11,8,119,226,31,31
PDB_contact,1,9,3,315,260,31,31
PDB_contact,1,1,1,68,58,31,31
PDB_contact,1,1,1,161,108,31,31
PDB_contact,1,1,1,68,256,31,31
PDB_contact,1,1,5,343,290,31,31
PDB_contact,1,3,1,235,239,26,31
PDB_contact,1,7,1,345,346,31,31
PDB_contact,1,2,1,288,128,31,31
PDB_contact,1,1,3,110,321,31,31
PDB_contact,1,1,3,103,328,31,31
PDB_contact,1,3,7,253,350,31,31
PDB_contact,1,3,1,210,248,27,27
PDB_contact,1,5,1,232,149,4,4
PDB_contact,1,3,3,293,216,31,31
PDB_contact,1,1,1,184,285,31,31
PDB_contact,1,2,2,126,224,31,31
PDB_contact,1,1,1,140,164,31,31
PDB_contact,1,1,3,254,340,21,30
PDB_contact,1,2,1,274,247,31,31
PDB_contact,1,1,1,70,144,31,31
PDB_contact,1,1,1,84,144,31,31
PDB_contact,1,1,1,189,172,31,31
PDB_contact,1,1,1,156,128,31,31
PDB_contact,1,1,2,124,347,31,31
PDB_contact,1,2,3,127,156,31,31
PDB_contact,1,4,1,89,334,31,31
PDB_contact,1,3,1,266,334,31,31
PDB_contact,1,1,1,294,51,31,31
PDB_contact,1,1,1,128,136,31,31
PDB_contact,1,1,3,315,332,25,31
PDB_contact,1,1,2,76,325,31,31
PDB_contact,1,1,4,156,281,31,31
PDB_contact,1,1,3,207,344,31,31
PDB_contact,1,1,1,297,273,31,31
PDB_contact,1,1,1,130,280,31,31
PDB_contact,1,2,1,345,202,31,31
PDB_contact,1,1,4,160,227,31,31
PDB_contact,1,1,1,103,126,30,30
PDB_contact,1,2,2,332,272,30,30
PDB_contact,1,1,1,248,159,30,30
PDB_contact,1,1,1,248,176,30,30
PDB_contact,1,5,2,323,286,30,30
PDB_contact,1,2,1,345,279,30,30
PDB_contact,1,1,1,144,133,30,30
PDB_contact,1,1,1,91,125,30,30
PDB_contact,1,2,9,290,350,30,30
PDB_contact,1,1,4,156,331,30,30
PDB_contact,1,1,3,147,168,30,30
PDB_contact,1,1,5,248,104,30,30
PDB_contact,1,1,3,147,335,30,30
PDB_contact,1,3,1,302,108,30,30
PDB_contact,1,1,7,246,277,30,30
PDB_contact,1,1,5,200,324,30,30
PDB_contact,1,1,2,271,310,30,30
PDB_contact,1,3,3,302,346,30,30
PDB_contact,1,2,1,347,199,30,30
PDB_contact,1,3,1,339,155,30,30
PDB_contact,1,1,1,130,188,30,30
PDB_contact,1,2,2,324,288,30,30
PDB_contact,1,3,1,346,334,28,28
PDB_contact,1,1,1,241,264,30,30
PDB_contact,1,4,3,142,44,29,30
PDB_contact,1,1,1,213,200,30,30
PDB_contact,1,1,1,266,296,30,30
PDB_contact,1,1,1,127,172,30,30
PDB_contact,1,7,5,157,350,30,30
PDB_contact,1,3,1,152,135,28,28
PDB_contact,1,3,1,256,102,29,30
PDB_contact,1,3,1,243,125,30,30
PDB_contact,1,6,3,181,221,30,30
PDB_contact,1,2,2,30,215,21,30
PDB_contact,1,2,2,273,321,30,30
PDB_contact,1,2,1,349,116,22,30
PDB_contact,1,2,2,66,224,18,30
PDB_contact,1,3,1,281,248,30,30
PDB_contact,1,6,9,259,305,30,30
PDB_contact,1,1,3,184,64,30,30
PDB_contact,1,1,1,75,150,30,30
PDB_contact,1,7,2,222,232,30,30
PDB_contact,1,1,3,334,176,30,30
PDB_contact,1,1,7,92,350,30,30
PDB_contact,1,1,1,261,203,30,30
PDB_contact,1,1,1,161,251,30,30
PDB_contact,1,1,1,226,169,30,30
PDB_contact,1,11,2,325,250,30,30
PDB_contact,1,3,2,328,326,22,22
PDB_contact,1,2,9,256,350,30,30
PDB_contact,1,4,1,334,307,30,30
PDB_contact,1,1,1,248,263,29,29
PDB_contact,1,1,1,243,119,29,29
PDB_contact,1,1,1,137,288,29,29
PDB_contact,1,3,1,255,309,25,29
PDB_contact,1,1,4,172,203,29,29
PDB_contact,1,5,1,148,305,12,29
PDB_contact,1,1,1,338,142,29,29
PDB_contact,1,2,1,178,167,29,29
PDB_contact,1,1,1,125,118,29,29
PDB_contact,1,1,1,118,187,29,29
PDB_contact,1,1,1,167,106,29,29
PDB_contact,1,2,3,286,292,29,29
PDB_contact,1,1,3,138,124,29,29
PDB_contact,1,2,3,345,213,29,29
PDB_contact,1,1,1,185,330,29,29
PDB_contact,1,2,4,297,80,29,29
PDB_contact,1,1,4,128,239,26,29
PDB_contact,1,1,3,248,223,28,28
PDB_contact,1,1,2,248,226,29,29
PDB_contact,1,3,6,196,350,26,29
PDB_contact,1,3,1,196,185,22,29
PDB_contact,1,3,1,271,216,12,29
PDB_contact,1,1,1,234,239,29,29
PDB_contact,1,3,2,189,296,29,29
PDB_contact,1,4,1,275,306,29,29
PDB_contact,1,4,4,350,325,29,29
PDB_contact,1,1,3,257,281,29,29
PDB_contact,1,9,2,295,320,15,29
PDB_contact,1,3,1,295,298,14,14
PDB_contact,1,1,1,256,213,29,29
PDB_contact,1,1,1,334,136,29,29
PDB_contact,1,2,5,346,281,29,29
PDB_contact,1,1,1,127,204,29,29
PDB_contact,1,1,1,297,183,29,29
PDB_contact,1,4,4,145,350,29,29
PDB_contact,1,1,1,103,153,29,29
PDB_contact,1,3,1,266,200,29,29
PDB_contact,1,3,1,339,113,17,29
PDB_contact,1,1,4,113,308,29,29
PDB_contact,1,1,1,241,122,29,29
PDB_contact,1,1,1,288,246,29,29
PDB_contact,1,2,1,295,301,16,29
PDB_contact,1,1,3,92,348,29,29
PDB_contact,1,3,3,293,131,29,29
PDB_contact,1,1,1,106,172,29,29
PDB_contact,1,1,1,156,128,29,29
PDB_contact,1,1,3,124,306,29,29
PDB_contact,1,3,3,266,350,29,29
PDB_contact,1,10,6,276,350,29,29
PDB_contact,1,3,1,346,248,29,29
PDB_contact,1,1,3,86,303,4,4
PDB_contact,1,2,1,305,202,17,29
PDB_contact,1,2,1,110,312,29,29
PDB_contact,1,1,2,99,349,29,29
PDB_contact,1,1,1,234,205,28,28
PDB_contact,1,1,1,248,201,28,28
PDB_contact,1,1,1,194,133,28,28
PDB_contact,1,1,1,243,56,28,28
PDB_contact,1,1,1,165,56,28,28
PDB_contact,1,2,12,198,297,17,28
PDB_contact,1,1,1,256,250,28,28
PDB_contact,1,1,1,128,188,28,28
PDB_contact,1,1,1,161,251,28,28
PDB_contact,1,1,1,257,205,28,28
PDB_contact,1,3,2,292,216,28,28
PDB_contact,1,4,1,336,229,9,9
PDB_contact,1,2,7,228,282,28,28
PDB_contact,1,1,4,145,200,28,28
PDB_contact,1,2,9,298,350,27,27
PDB_contact,1,2,6,99,249,2,2
PDB_contact,1,6,1,181,103,24,24
PDB_contact,1,4,5,350,337,13,28
PDB_contact,1,10,1,329,108,28,28
PDB_contact,1,1,1,260,192,28,28
PDB_contact,1,1,2,165,336,28,28
PDB_contact,1,1,4,92,332,28,28
PDB_contact,1,6,1,286,216,28,28
PDB_contact,1,3,4,350,349,28,28
PDB_contact,1,3,1,259,128,28,28
PDB_contact,1,3,1,292,323,28,28
PDB_contact,1,11,5,350,321,26,28
PDB_contact,1,3,4,266,311,28,28
PDB_contact,1,1,2,217,314,28,28
PDB_contact,1,1,1,103,126,28,28
PDB_contact,1,2,2,330,338,28,28
PDB_contact,1,1,1,248,141,28,28
PDB_contact,1,2,1,233,240,28,28
PDB_contact,1,1,1,189,165,25,25
PDB_contact,1,3,4,31,347,18,28
PDB_contact,1,6,5,250,339,28,28
PDB_contact,1,3,3,335,333,28,28
PDB_contact,1,2,1,333,130,28,28
PDB_contact,1,1,2,208,217,28,28
PDB_contact,1,1,3,349,216,28,28
PDB_contact,1,2,2,272,300,27,28
PDB_contact,1,1,3,229,198,28,28
PDB_contact,1,2,2,285,290,25,28
PDB_contact,1,1,1,81,137,28,28
PDB_contact,1,2,1,297,117,28,28
PDB_contact,1,1,1,189,330,28,28
PDB_contact,1,2,6,297,280,19,19
PDB_contact,1,4,2,304,342,28,28
PDB_contact,1,1,3,215,257,28,28
PDB_contact,1,1,1,130,103,27,27
PDB_contact,1,1,2,248,277,27,27
PDB_contact,1,1,2,234,276,27,27
PDB_contact,1,1,1,211,204,27,27
PDB_contact,1,2,1,281,203,27,27
PDB_contact,1,1,1,151,115,27,27
PDB_contact,1,1,1,178,206,27,27
PDB_contact,1,1,1,222,311,27,27
PDB_contact,1,1,1,128,106,27,27
PDB_contact,1,5,1,350,130,27,27
PDB_contact,1,3,3,251,286,27,27
PDB_contact,1,1,1,103,126,27,27
PDB_contact,1,6,1,350,253,27,27
PDB_contact,1,3,3,209,236,24,27
PDB_contact,1,2,2,332,276,27,27
PDB_contact,1,1,1,126,103,27,27
PDB_contact,1,4,4,350,236,27,27
PDB_contact,1,7,1,215,208,27,27
PDB_contact,1,1,1,298,198,27,27
PDB_contact,1,1,1,76,184,27,27
PDB_contact,1,3,5,94,290,27,27
PDB_contact,1,2,3,345,31,18,27
PDB_contact,1,1,2,346,312,27,27
PDB_contact,1,1,1,248,249,27,27
PDB_contact,1,1,1,199,202,27,27
PDB_contact,1,3,2,253,256,17,27
PDB_contact,1,2,2,283,319,27,27
PDB_contact,1,1,1,156,293,27,27
PDB_contact,1,1,4,165,348,27,27
PDB_contact,1,1,1,260,306,27,27
PDB_contact,1,1,2,130,305,27,27
PDB_contact,1,5,1,280,130,27,27
PDB_contact,1,1,1,130,103,27,27
PDB_contact,1,1,3,240,343,27,27
PDB_contact,1,3,1,165,177,27,27
PDB_contact,1,1,1,312,320,27,27
PDB_contact,1,1,1,103,126,27,27
PDB_contact,1,2,3,273,31,27,27
PDB_contact,1,1,1,264,263,27,27
PDB_contact,1,6,2,181,250,23,27
PDB_contact,1,1,2,314,328,22,27
PDB_contact,1,4,1,331,102,16,27
PDB_contact,1,3,7,341,341,27,27
PDB_contact,1,2,1,335,206,27,27
PDB_contact,1,1,2,227,304,27,27
PDB_contact,1,1,5,293,161,27,27
PDB_contact,1,10,1,152,149,21,27
PDB_contact,1,1,3,290,216,27,27
PDB_contact,1,3,9,152,273,19,19
PDB_contact,1,1,3,113,306,27,27
PDB_contact,1,1,1,98,179,27,27
PDB_contact,1,1,2,128,347,27,27
PDB_contact,1,1,5,119,320,27,27
PDB_contact,1,2,3,109,64,27,27
PDB_contact,1,1,2,315,321,27,27
PDB_contact,1,1,1,154,103,27,27
PDB_contact,1,1,1,123,286,2,2
PDB_contact,1,5,1,335,308,27,27
PDB_contact,1,4,3,237,350,22,27
PDB_contact,1,1,1,103,126,26,26
PDB_contact,1,1,1,128,222,26,26
PDB_contact,1,1,1,206,142,26,26
PDB_contact,1,1,2,201,338,26,26
PDB_contact,1,2,4,178,344,26,26
PDB_contact,1,4,6,175,350,13,26
PDB_contact,1,2,1,281,229,26,26
PDB_contact,1,1,1,268,138,26,26
PDB_contact,1,2,2,318,272,26,26
PDB_contact,1,2,1,101,252,26,26
PDB_contact,1,3,1,220,114,1,1
PDB_contact,1,2,2,314,258,26,26
PDB_contact,1,2,1,266,151,26,26
PDB_contact,1,1,3,248,262,21,21
PDB_contact,1,2,1,309,248,17,17
PDB_contact,1,6,3,275,350,12,15
PDB_contact,1,2,2,318,319,17,26
PDB_contact,1,1,1,135,349,26,26
PDB_contact,1,1,1,298,161,26,26
PDB_contact,1,1,4,130,74,26,26
PDB_contact,1,2,1,295,239,24,26
PDB_contact,1,6,4,300,340,22,24
PDB_contact,1,2,3,290,349,26,26
PDB_contact,1,1,1,136,128,26,26
PDB_contact,1,1,1,210,167,26,26
PDB_contact,1,1,4,210,350,26,26
PDB_contact,1,3,1,167,245,26,26
PDB_contact,1,1,1,263,263,26,26
PDB_contact,1,1,1,126,339,26,26
PDB_contact,1,4,4,350,313,26,26
PDB_contact,1,4,4,261,303,26,26
PDB_contact,1,10,4,312,322,26,26
PDB_contact,1,1,1,189,165,25,25
PDB_contact,1,1,3,190,338,26,26
PDB_contact,1,1,1,106,98,26,26
PDB_contact,1,1,1,103,130,26,26
PDB_contact,1,2,1,346,126,26,26
PDB_contact,1,1,1,206,196,26,26
PDB_contact,1,1,1,81,227,26,26
PDB_contact,1,3,3,269,202,26,26
PDB_contact,1,1,3,207,344,26,26
PDB_contact,1,1,1,234,203,26,26
PDB_contact,1,2,1,336,251,26,26
PDB_contact,1,2,1,333,220,26,26
PDB_contact,1,1,1,293,194,25,25
PDB_contact,1,2,1,297,248,13,13
PDB_contact,1,6,4,350,277,25,25
PDB_contact,1,1,1,206,338,25,25
PDB_contact,1,1,1,257,130,25,25
PDB_contact,1,2,1,185,246,25,25
PDB_contact,1,1,1,318,217,25,25
PDB_contact,1,1,3,229,231,25,25
PDB_contact,1,1,3,225,31,25,25
PDB_contact,1,1,1,130,103,25,25
PDB_contact,1,1,2,143,280,25,25
PDB_contact,1,3,3,183,333,25,25
PDB_contact,1,2,5,298,250,25,25
PDB_contact,1,1,1,204,341,25,25
PDB_contact,1,1,3,147,168,25,25
PDB_contact,1,1,3,246,68,13,25
PDB_contact,1,1,4,131,184,21,25
PDB_contact,1,1,1,200,202,25,25
PDB_contact,1,4,3,275,276,25,25
PDB_contact,1,1,4,184,79,25,25
PDB_contact,1,1,1,103,94,25,25
PDB_contact,1,4,2,350,312,25,25
PDB_contact,1,7,1,324,223,24,25
PDB_contact,1,1,5,193,321,19,19
PDB_contact,1,1,1,210,183,25,25
PDB_contact,1,3,6,274,300,24,24
PDB_contact,1,1,2,314,192,25,25
PDB_contact,1,3,1,253,325,25,25
PDB_contact,1,2,3,273,327,14,25
PDB_contact,1,2,4,273,338,25,25
PDB_contact,1,2,1,320,224,25,25
PDB_contact,1,1,11,205,211,25,25
PDB_contact,1,1,1,201,277,25,25
PDB_contact,1,1,2,140,334,1,1
PDB_contact,1,3,1,331,103,22,22
PDB_contact,1,2,3,347,263,22,25
PDB_contact,1,3,1,327,135,25,25
PDB_contact,1,7,2,314,274,25,25
PDB_contact,1,4,3,145,181,21,25
PDB_contact,1,1,5,229,280,25,25
PDB_contact,1,1,1,289,324,25,25
PDB_contact,1,1,1,204,299,25,25
PDB_contact,1,1,1,113,145,25,25
PDB_contact,1,1,1,113,144,25,25
PDB_contact,1,1,1,334,209,25,25
PDB_contact,1,1,1,255,240,25,25
PDB_contact,1,1,1,275,341,25,25
PDB_contact,1,2,1,201,156,25,25
PDB_contact,1,1,2,119,325,25,25
PDB_contact,1,1,3,207,291,25,25
PDB_contact,1,1,3,156,350,25,25
PDB_contact,1,1,3,123,324,25,25
PDB_contact,1,2,7,209,340,25,25
PDB_contact,1,5,1,350,251,25,25
PDB_contact,1,1,1,283,220,25,25
PDB_contact,1,3,1,160,312,25,25
PDB_contact,1,1,1,103,128,24,24
PDB_contact,1,1,1,261,205,24,24
PDB_contact,1,2,1,272,246,24,24
PDB_contact,1,1,3,324,31,24,24
PDB_contact,1,2,1,273,241,24,24
PDB_contact,1,1,1,136,266,24,24
PDB_contact,1,3,2,337,292,24,24
PDB_contact,1,3,2,221,139,12,24
PDB_contact,1,1,1,137,92,24,24
PDB_contact,1,2,1,144,175,24,24
PDB_contact,1,1,1,128,332,24,24
PDB_contact,1,1,1,261,102,24,24
PDB_contact,1,2,2,252,58,20,24
PDB_contact,1,1,2,144,216,24,24
PDB_contact,1,1,1,103,130,24,24
PDB_contact,1,1,1,159,126,24,24
PDB_contact,1,1,3,159,350,22,24
PDB_contact,1,1,1,248,244,17,17
PDB_contact,1,1,2,167,250,1,1
PDB_contact,1,2,2,318,342,24,24
PDB_contact,1,3,1,230,105,23,24
PDB_contact,1,2,2,256,319,24,24
PDB_contact,1,2,6,250,333,13,24
PDB_contact,1,3,1,346,160,19,24
PDB_contact,1,5,1,350,74,24,24
PDB_contact,1,5,4,247,310,24,24
PDB_contact,1,1,1,126,170,24,24
PDB_contact,1,2,1,274,233,21,21
PDB_contact,1,1,1,103,127,24,24
PDB_contact,1,1,3,108,181,24,24
PDB_contact,1,3,5,348,280,24,24
PDB_contact,1,1,6,289,350,24,24
PDB_contact,1,1,2,155,321,13,24
PDB_contact,1,1,1,108,268,24,24
PDB_contact,1,1,1,129,172,24,24
PDB_contact,1,3,1,302,228,24,24
PDB_contact,1,2,6,318,316,24,24
PDB_contact,1,2,2,177,326,24,24
PDB_contact,1,1,2,84,212,24,24
PDB_contact,1,9,5,232,232,15,24
PDB_contact,1,1,3,98,108,24,24
PDB_contact,1,2,1,313,109,24,24
PDB_contact,1,10,4,276,297,24,24
PDB_contact,1,6,1,181,108,24,24
PDB_contact,1,1,1,79,334,24,24
PDB_contact,1,1,4,237,280,24,24
PDB_contact,1,1,1,229,126,22,22
PDB_contact,1,1,1,103,126,23,23
PDB_contact,1,1,1,239,246,23,23
PDB_contact,1,1,1,241,263,23,23
PDB_contact,1,2,1,318,288,23,23
PDB_contact,1,1,1,123,204,23,23
PDB_contact,1,1,1,177,300,23,23
PDB_contact,1,1,1,212,148,23,23
PDB_contact,1,3,1,298,135,23,23
PDB_contact,1,1,1,103,129,23,23
PDB_contact,1,2,1,291,125,23,23
PDB_contact,1,2,1,223,240,23,23
PDB_contact,1,2,2,166,346,23,23
PDB_contact,1,3,2,281,336,23,23
PDB_contact,1,1,4,133,331,23,23
PDB_contact,1,1,2,145,332,23,23
PDB_contact,1,4,3,307,124,23,23
PDB_contact,1,3,2,350,258,23,23
PDB_contact,1,4,3,350,89,23,23
PDB_contact,1,6,1,350,185,12,23
PDB_contact,1,1,3,248,213,7,7
PDB_contact,1,1,6,339,207,13,23
PDB_contact,1,1,1,273,71,23,23
PDB_contact,1,1,1,266,293,23,23
PDB_contact,1,1,1,145,349,23,23
PDB_contact,1,2,1,283,300,23,23
PDB_contact,1,1,4,140,265,23,23
PDB_contact,1,1,2,160,305,23,23
PDB_contact,1,2,4,256,336,23,23
PDB_contact,1,1,4,136,217,19,23
PDB_contact,1,4,4,336,332,23,23
PDB_contact,1,1,2,142,215,23,23
PDB_contact,1,2,3,262,186,23,23
PDB_contact,1,3,1,266,202,23,23
PDB_contact,1,3,1,335,102,23,23
PDB_contact,1,1,1,347,207,23,23
PDB_contact,1,1,1,255,264,23,23
PDB_contact,1,1,1,246,264,23,23
PDB_contact,1,1,1,255,263,23,23
PDB_contact,1,1,1,201,141,23,23
PDB_contact,1,1,1,108,238,23,23
PDB_contact,1,7,1,314,182,23,23
PDB_contact,1,3,1,319,135,23,23
PDB_contact,1,1,2,261,324,23,23
PDB_contact,1,2,6,273,237,23,23
PDB_contact,1,1,1,154,106,23,23
PDB_contact,1,1,1,241,141,23,23
PDB_contact,1,8,3,327,338,22,23
PDB_contact,1,1,3,254,152,23,23
PDB_contact,1,1,1,82,111,23,23
PDB_contact,1,1,1,244,108,23,23
PDB_contact,1,1,4,126,137,3,6
PDB_contact,1,1,1,103,130,23,23
PDB_contact,1,2,1,276,145,23,23
PDB_contact,1,1,1,227,150,23,23
PDB_contact,1,5,3,342,269,23,23
PDB_contact,1,4,1,325,149,23,23
PDB_contact,1,1,1,248,203,23,23
PDB_contact,1,9,9,350,221,23,23
PDB_contact,1,1,7,126,330,23,23
PDB_contact,1,1,1,310,350,22,22
PDB_contact,1,1,1,255,264,22,22
PDB_contact,1,1,1,234,277,22,22
PDB_contact,1,1,1,146,317,22,22
PDB_contact,1,1,1,194,263,22,22
PDB_contact,1,1,1,123,102,22,22
PDB_contact,1,2,1,338,167,22,22
PDB_contact,1,1,1,257,125,22,22
PDB_contact,1,1,4,119,336,22,22
PDB_contact,1,1,6,213,302,22,22
PDB_contact,1,3,1,277,204,22,22
PDB_contact,1,5,2,330,183,22,22
PDB_contact,1,1,1,199,224,22,22
PDB_contact,1,2,1,292,328,22,22
PDB_contact,1,1,1,248,288,22,22
PDB_contact,1,3,2,130,202,22,22
PDB_contact,1,1,8,215,265,22,22
PDB_contact,1,1,1,229,188,22,22
PDB_contact,1,2,6,250,350,11,22
PDB_contact,1,2,1,223,229,18,22
PDB_contact,1,4,4,337,334,22,22
PDB_contact,1,1,5,126,327,22,22
PDB_contact,1,3,1,327,246,11,22
PDB_contact,1,1,1,283,183,22,22
PDB_contact,1,2,3,253,281,22,22
PDB_contact,1,2,10,345,347,13,22
PDB_contact,1,7,2,73,302,13,22
PDB_contact,1,1,1,263,122,22,22
PDB_contact,1,1,1,239,141,22,22
PDB_contact,1,3,1,223,102,22,22
PDB_contact,1,1,3,126,101,22,22
PDB_contact,1,1,3,130,101,22,22
PDB_contact,1,2,2,307,192,11,22
PDB_contact,1,1,2,261,333,22,22
PDB_contact,1,1,1,154,126,22,22
PDB_contact,1,5,1,272,117,19,22
PDB_contact,1,1,1,325,111,22,22
PDB_contact,1,1,2,56,215,22,22
PDB_contact,1,1,1,153,164,22,22
PDB_contact,1,1,1,207,173,22,22
PDB_contact,1,1,1,172,137,22,22
PDB_contact,1,1,1,126,103,22,22
PDB_contact,1,2,1,212,185,22,22
PDB_contact,1,1,1,128,103,22,22
PDB_contact,1,1,2,165,161,22,22
PDB_contact,1,3,1,108,141,22,22
PDB_contact,1,1,3,147,102,19,22
PDB_contact,1,5,5,349,306,3,3
PDB_contact,1,1,1,68,149,22,22
PDB_contact,1,4,2,339,234,22,22
PDB_contact,1,1,3,161,130,22,22
PDB_contact,1,1,1,192,176,21,21
PDB_contact,1,1,1,266,257,21,21
PDB_contact,1,1,1,123,149,21,21
PDB_contact,1,1,1,256,128,21,21
PDB_contact,1,1,1,256,222,21,21
PDB_contact,1,1,1,149,178,21,21
PDB_contact,1,4,5,228,220,21,21
PDB_contact,1,3,1,191,136,11,12
PDB_contact,1,1,1,144,143,21,21
PDB_contact,1,1,1,281,145,3,3
PDB_contact,1,1,3,136,159,21,21
PDB_contact,1,2,3,299,311,10,21
PDB_contact,1,3,1,350,174,21,21
PDB_contact,1,1,3,103,130,15,15
PDB_contact,1,1,1,248,163,12,12
PDB_contact,1,7,5,305,321,20,21
PDB_contact,1,1,1,199,199,21,21
PDB_contact,1,1,1,183,195,21,21
PDB_contact,1,1,1,200,190,21,21
PDB_contact,1,2,4,109,105,21,21
PDB_contact,1,2,4,256,325,21,21
PDB_contact,1,1,2,297,202,21,21
PDB_contact,1,2,4,109,79,21,21
PDB_contact,1,1,1,203,99,21,21
PDB_contact,1,1,1,102,95,21,21
PDB_contact,1,1,1,123,184,21,21
PDB_contact,1,1,4,118,350,21,21
PDB_contact,1,1,1,214,223,21,21
PDB_contact,1,1,2,126,57,14,21
PDB_contact,1,3,1,302,126,21,21
PDB_contact,1,1,2,85,192,17,21
PDB_contact,1,2,9,163,271,20,21
PDB_contact,1,2,1,295,85,21,21
PDB_contact,1,2,3,320,333,12,21
PDB_contact,1,2,2,347,295,21,21
PDB_contact,1,3,2,331,342,11,11
PDB_contact,1,4,1,225,143,21,21
PDB_contact,1,1,2,126,304,21,21
PDB_contact,1,1,4,142,316,21,21
PDB_contact,1,2,4,259,262,21,21
PDB_contact,1,1,1,266,133,21,21
PDB_contact,1,1,3,229,341,18,18
PDB_contact,1,1,2,190,244,21,21
PDB_contact,1,2,2,163,224,21,21
PDB_contact,1,2,2,321,232,19,21
PDB_contact,1,1,2,111,249,21,21
PDB_contact,1,1,2,175,347,21,21
PDB_contact,1,1,1,175,128,21,21
PDB_contact,1,1,2,108,249,20,20
PDB_contact,1,1,1,334,264,21,21
PDB_contact,1,10,4,265,350,12,21
PDB_contact,1,4,2,329,329,21,21
PDB_contact,1,1,1,143,103,21,21
PDB_contact,1,10,2,329,250,21,21
PDB_contact,1,1,1,346,328,21,21
PDB_contact,1,4,1,282,165,21,21
PDB_contact,1,10,3,347,162,18,21
PDB_contact,1,7,3,334,350,21,21
PDB_contact,1,1,2,130,249,21,21
PDB_contact,1,2,1,305,210,11,21
PDB_contact,1,1,8,215,272,18,20
PDB_contact,1,1,2,261,274,20,20
PDB_contact,1,1,1,263,249,20,20
PDB_contact,1,1,1,266,105,20,20
PDB_contact,1,4,2,203,170,20,20
PDB_contact,1,1,1,205,332,20,20
PDB_contact,1,1,1,215,102,20,20
PDB_contact,1,1,1,292,234,20,20
PDB_contact,1,1,1,102,251,20,20
PDB_contact,1,1,1,128,296,20,20
PDB_contact,1,1,1,306,188,20,20
PDB_contact,1,1,1,149,332,20,20
PDB_contact,1,1,1,178,142,20,20
PDB_contact,1,1,1,222,206,20,20
PDB_contact,1,2,1,312,215,20,20
PDB_contact,1,3,1,69,153,19,20
PDB_contact,1,1,1,281,143,20,20
PDB_contact,1,1,2,204,325,20,20
PDB_contact,1,8,4,327,332,20,20
PDB_contact,1,1,2,136,296,20,20
PDB_contact,1,2,6,288,302,20,20
PDB_contact,1,2,3,308,185,20,20
PDB_contact,1,4,4,350,336,14,20
PDB_contact,1,1,1,246,249,20,20
PDB_contact,1,1,1,267,255,20,20
PDB_contact,1,4,2,294,330,19,19
PDB_contact,1,1,2,188,319,20,20
PDB_contact,1,2,1,319,105,20,20
PDB_contact,1,1,1,145,178,20,20
PDB_contact,1,2,1,319,178,12,20
PDB_contact,1,2,2,305,329,20,20
PDB_contact,1,1,1,130,336,20,20
PDB_contact,1,1,1,96,139,20,20
PDB_contact,1,1,1,340,349,20,20
PDB_contact,1,1,1,323,285,20,20
PDB_contact,1,1,4,130,74,20,20
PDB_contact,1,1,2,310,342,20,20
PDB_contact,1,3,1,349,106,20,20
PDB_contact,1,3,1,349,178,13,20
PDB_contact,1,3,1,228,156,20,20
PDB_contact,1,1,1,144,145,20,20
PDB_contact,1,2,3,216,327,11,20
PDB_contact,1,1,1,205,141,20,20
PDB_contact,1,1,3,126,270,20,20
PDB_contact,1,2,3,162,244,20,20
PDB_contact,1,1,6,103,166,15,15
PDB_contact,1,3,6,348,237,1,1
PDB_contact,1,2,1,335,245,17,17
PDB_contact,1,1,2,340,322,20,20
PDB_contact,1,1,1,154,130,20,20
PDB_contact,1,1,1,207,315,20,20
PDB_contact,1,1,1,58,172,20,20
PDB_contact,1,1,1,210,144,20,20
PDB_contact,1,8,5,310,327,17,20
PDB_contact,1,4,1,279,165,20,20
PDB_contact,1,1,3,178,346,20,20
PDB_contact,1,1,1,115,103,20,20
PDB_contact,1,4,3,325,341,20,20
PDB_contact,1,3,1,247,229,20,20
PDB_contact,1,2,2,241,250,20,20
PDB_contact,1,1,2,136,110,20,20
PDB_contact,1,1,1,57,209,20,20
PDB_contact,1,6,1,181,121,20,20
PDB_contact,1,3,1,343,340,19,19
PDB_contact,1,2,1,219,258,19,19
PDB_contact,1,1,1,212,279,19,19
PDB_contact,1,2,10,286,347,16,19
PDB_contact,1,5,3,324,324,19,19
PDB_contact,1,1,1,161,313,19,19
PDB_contact,1,2,1,223,86,19,19
PDB_contact,1,1,2,69,101,19,19
PDB_contact,1,3,2,30,246,19,19
PDB_contact,1,1,6,126,247,19,19
PDB_contact,1,6,1,286,213,19,19
PDB_contact,1,1,1,98,316,19,19
PDB_contact,1,4,1,342,285,19,19
PDB_contact,1,4,1,342,301,19,19
PDB_contact,1,1,4,297,287,19,19
PDB_contact,1,1,4,266,336,19,19
PDB_contact,1,1,1,123,178,19,19
PDB_contact,1,1,1,148,306,19,19
PDB_contact,1,2,3,265,281,17,19
PDB_contact,1,1,1,264,266,19,19
PDB_contact,1,1,1,96,95,19,19
PDB_contact,1,1,1,103,91,19,19
PDB_contact,1,3,4,165,349,19,19
PDB_contact,1,1,1,256,69,19,19
PDB_contact,1,9,7,315,299,1,1
PDB_contact,1,6,4,350,171,19,19
PDB_contact,1,5,1,145,323,16,19
PDB_contact,1,10,2,312,107,14,19
PDB_contact,1,1,1,229,228,19,19
PDB_contact,1,1,1,205,281,19,19
PDB_contact,1,1,1,194,278,19,19
PDB_contact,1,3,4,180,336,19,19
PDB_contact,1,1,2,340,334,19,19
PDB_contact,1,3,1,243,204,19,19
PDB_contact,1,1,1,82,91,19,19
PDB_contact,1,1,1,115,98,19,19
PDB_contact,1,2,1,299,179,19,19
PDB_contact,1,1,4,130,137,2,2
PDB_contact,1,5,5,137,335,19,19
PDB_contact,1,6,5,316,232,18,19
PDB_contact,1,4,3,326,132,19,19
PDB_contact,1,1,3,67,186,19,19
PDB_contact,1,1,3,300,346,19,19
PDB_contact,1,1,1,261,86,19,19
PDB_contact,1,1,1,125,66,19,19
PDB_contact,1,1,2,156,345,19,19
PDB_contact,1,1,3,126,65,15,19
PDB_contact,1,1,1,263,203,19,19
PDB_contact,1,1,1,218,251,19,19
PDB_contact,1,1,1,124,163,19,19
PDB_contact,1,3,3,257,303,19,19
PDB_contact,1,1,2,350,346,18,18
PDB_contact,1,1,1,151,69,18,18
PDB_contact,1,1,1,130,83,18,18
PDB_contact,1,1,1,152,178,18,18
PDB_contact,1,1,1,148,105,18,18
PDB_contact,1,1,1,261,196,18,18
PDB_contact,1,1,1,161,149,18,18
PDB_contact,1,1,1,323,128,18,18
PDB_contact,1,3,3,285,336,12,12
PDB_contact,1,1,7,215,268,17,18
PDB_contact,1,1,1,213,118,18,18
PDB_contact,1,2,2,115,321,2,3
PDB_contact,1,3,2,332,251,10,18
PDB_contact,1,1,2,148,319,18,18
PDB_contact,1,4,1,336,105,18,18
PDB_contact,1,2,1,168,282,18,18
PDB_contact,1,1,2,176,329,18,18
PDB_contact,1,1,1,312,73,18,18
PDB_contact,1,1,1,136,168,18,18
PDB_contact,1,2,1,334,246,18,18
PDB_contact,1,1,3,346,186,18,18
PDB_contact,1,2,2,264,278,18,18
PDB_contact,1,1,1,103,128,18,18
PDB_contact,1,2,1,343,334,18,18
PDB_contact,1,1,1,292,334,18,18
PDB_contact,1,1,1,234,334,18,18
PDB_contact,1,1,2,347,137,16,16
PDB_contact,1,1,2,165,298,4,4
PDB_contact,1,1,2,246,342,18,18
PDB_contact,1,1,2,255,342,18,18
PDB_contact,1,5,1,312,275,18,18
PDB_contact,1,3,1,259,332,18,18
PDB_contact,1,2,1,215,149,18,18
PDB_contact,1,1,1,189,315,18,18
PDB_contact,1,4,3,324,258,12,18
PDB_contact,1,1,1,84,115,18,18
PDB_contact,1,1,1,210,84,18,18
PDB_contact,1,1,2,186,299,18,18
PDB_contact,1,6,1,302,112,18,18
PDB_contact,1,1,1,327,209,18,18
PDB_contact,1,1,3,264,31,16,18
PDB_contact,1,4,1,343,178,18,18
PDB_contact,1,2,2,349,160,16,18
PDB_contact,1,1,1,75,169,18,18
PDB_contact,1,1,3,340,316,18,18
PDB_contact,1,3,1,243,229,18,18
PDB_contact,1,1,1,173,136,18,18
PDB_contact,1,1,2,70,345,18,18
PDB_contact,1,1,3,335,130,18,18
PDB_contact,1,3,1,315,335,18,18
PDB_contact,1,4,1,350,126,18,18
PDB_contact,1,3,2,343,91,18,18
PDB_contact,1,1,1,145,146,17,17
PDB_contact,1,1,4,88,307,17,17
PDB_contact,1,1,1,149,206,17,17
PDB_contact,1,1,1,218,137,17,17
PDB_contact,1,1,2,128,335,17,17
PDB_contact,1,1,6,343,333,17,17
PDB_contact,1,1,1,297,214,17,17
PDB_contact,1,3,1,340,217,17,17
PDB_contact,1,1,5,253,323,17,17
PDB_contact,1,4,4,85,299,15,15
PDB_contact,1,1,1,130,230,17,17
PDB_contact,1,1,2,69,252,17,17
PDB_contact,1,1,6,136,247,17,17
PDB_contact,1,1,5,108,343,17,17
PDB_contact,1,3,4,292,336,13,17
PDB_contact,1,2,1,346,184,17,17
PDB_contact,1,3,10,292,312,11,17
PDB_contact,1,3,2,331,160,17,17
PDB_contact,1,2,1,265,166,16,17
PDB_contact,1,2,1,328,123,17,17
PDB_contact,1,2,1,302,123,17,17
PDB_contact,1,1,8,255,350,9,9
PDB_contact,1,3,3,276,298,17,17
PDB_contact,1,3,1,283,273,12,17
PDB_contact,1,2,4,330,313,17,17
PDB_contact,1,2,4,330,307,17,17
PDB_contact,1,2,1,335,300,17,17
PDB_contact,1,2,1,283,266,17,17
PDB_contact,1,2,1,329,239,17,17
PDB_contact,1,2,2,202,336,16,17
PDB_contact,1,1,1,80,91,17,17
PDB_contact,1,2,1,320,312,17,17
PDB_contact,1,1,1,298,106,17,17
PDB_contact,1,2,1,228,239,10,17
PDB_contact,1,5,1,270,204,17,17
PDB_contact,1,3,2,302,63,17,17
PDB_contact,1,2,1,273,218,17,17
PDB_contact,1,1,2,316,347,17,17
PDB_contact,1,1,1,189,213,17,17
PDB_contact,1,1,3,339,308,17,17
PDB_contact,1,2,1,319,121,17,17
PDB_contact,1,2,4,230,345,12,17
PDB_contact,1,1,3,154,333,17,17
PDB_contact,1,1,3,126,101,17,17
PDB_contact,1,1,1,246,152,17,17
PDB_contact,1,1,2,119,311,17,17
PDB_contact,1,1,2,297,153,17,17
PDB_contact,1,4,1,72,133,14,17
PDB_contact,1,2,2,330,330,17,17
PDB_contact,1,1,1,70,174,17,17
PDB_contact,1,1,1,210,264,17,17
PDB_contact,1,1,1,189,128,17,17
PDB_contact,1,1,1,113,116,17,17
PDB_contact,1,2,2,296,250,17,17
PDB_contact,1,5,1,350,130,17,17
PDB_contact,1,1,2,136,332,17,17
PDB_contact,1,7,1,229,128,17,17
PDB_contact,1,2,1,349,98,17,17
PDB_contact,1,2,2,349,325,17,17
PDB_contact,1,4,1,225,213,13,17
PDB_contact,1,2,1,87,170,15,17
PDB_contact,1,2,1,340,153,17,17
PDB_contact,1,4,2,144,192,15,17
PDB_contact,1,1,1,218,335,17,17
PDB_contact,1,7,1,330,136,17,17
PDB_contact,1,2,1,192,238,17,17
PDB_contact,1,1,2,149,304,17,17
PDB_contact,1,1,1,272,166,17,17
PDB_contact,1,1,1,178,106,16,16
PDB_contact,1,1,7,143,269,16,16
PDB_contact,1,1,1,177,288,16,16
PDB_contact,1,1,1,128,250,16,16
PDB_contact,1,1,1,188,338,16,16
PDB_contact,1,2,1,335,167,16,16
PDB_contact,1,1,1,205,130,16,16
PDB_contact,1,1,1,118,296,16,16
PDB_contact,1,4,1,344,106,16,16
PDB_contact,1,1,6,343,350,16,16
PDB_contact,1,1,2,343,286,16,16
PDB_contact,1,2,4,346,337,16,16
PDB_contact,1,10,2,152,322,9,9
PDB_contact,1,1,1,207,164,16,16
PDB_contact,1,2,4,330,295,16,16
PDB_contact,1,1,1,224,195,16,16
PDB_contact,1,1,1,85,183,16,16
PDB_contact,1,2,1,345,280,16,16
PDB_contact,1,4,1,275,178,16,16
PDB_contact,1,1,1,97,178,16,16
PDB_contact,1,1,4,196,336,16,16
PDB_contact,1,1,2,140,236,16,16
PDB_contact,1,1,3,108,137,16,16
PDB_contact,1,1,4,215,259,16,16
PDB_contact,1,1,1,130,229,13,13
PDB_contact,1,5,1,350,146,16,16
PDB_contact,1,3,1,329,239,16,16
PDB_contact,1,3,3,341,201,16,16
PDB_contact,1,1,1,87,125,16,16
PDB_contact,1,1,1,178,223,16,16
PDB_contact,1,2,1,295,199,16,16
PDB_contact,1,2,2,322,344,16,16
PDB_contact,1,6,1,35,144,16,16
PDB_contact,1,1,1,183,167,16,16
PDB_contact,1,4,5,322,313,16,16
PDB_contact,1,4,1,282,133,16,16
PDB_contact,1,1,2,151,300,16,16
PDB_contact,1,5,1,312,58,16,16
PDB_contact,1,3,1,202,340,13,16
PDB_contact,1,1,1,257,86,16,16
PDB_contact,1,2,1,330,340,16,16
PDB_contact,1,1,1,340,337,16,16
PDB_contact,1,1,1,199,310,11,11
PDB_contact,1,5,3,280,341,16,16
PDB_contact,1,7,1,344,158,16,16
PDB_contact,1,2,1,215,63,16,16
PDB_contact,1,1,1,209,264,16,16
PDB_contact,1,2,1,279,55,16,16
PDB_contact,1,2,1,294,130,16,16
PDB_contact,1,1,1,132,165,16,16
PDB_contact,1,1,5,132,271,16,16
PDB_contact,1,5,1,208,275,16,16
PDB_contact,1,3,2,289,161,16,16
PDB_contact,1,1,1,51,181,1,1
PDB_contact,1,1,1,206,181,16,16
PDB_contact,1,1,2,126,249,16,16
PDB_contact,1,1,3,149,236,16,16
PDB_contact,1,1,2,326,250,16,16
PDB_contact,1,1,2,136,349,16,16
PDB_contact,1,2,1,146,324,15,15
PDB_contact,1,2,1,318,246,15,15
PDB_contact,1,1,1,135,288,15,15
PDB_contact,1,2,1,318,204,10,15
PDB_contact,1,1,1,123,97,15,15
PDB_contact,1,1,1,214,297,15,15
PDB_contact,1,1,1,248,188,15,15
PDB_contact,1,4,1,203,71,15,15
PDB_contact,1,2,1,31,296,15,15
PDB_contact,1,1,1,125,305,15,15
PDB_contact,1,1,1,138,261,15,15
PDB_contact,1,2,1,329,218,15,15
PDB_contact,1,3,3,289,286,15,15
PDB_contact,1,3,2,31,244,9,15
PDB_contact,1,1,2,310,346,12,12
PDB_contact,1,1,2,135,252,13,15
PDB_contact,1,2,3,346,311,7,14
PDB_contact,1,4,1,159,184,15,15
PDB_contact,1,4,1,350,301,15,15
PDB_contact,1,1,1,241,249,15,15
PDB_contact,1,1,1,303,95,15,15
PDB_contact,1,1,1,190,199,15,15
PDB_contact,1,2,1,168,306,15,15
PDB_contact,1,1,1,260,180,15,15
PDB_contact,1,1,4,125,336,15,15
PDB_contact,1,9,1,289,199,12,15
PDB_contact,1,5,1,266,128,15,15
PDB_contact,1,1,1,110,86,15,15
PDB_contact,1,6,2,350,321,9,9
PDB_contact,1,4,1,190,86,15,15
PDB_contact,1,1,1,255,126,15,15
PDB_contact,1,1,1,223,148,15,15
PDB_contact,1,3,1,251,105,15,15
PDB_contact,1,1,3,168,344,13,15
PDB_contact,1,1,2,222,130,11,15
PDB_contact,1,5,1,328,144,15,15
PDB_contact,1,1,1,122,141,15,15
PDB_contact,1,4,4,261,144,15,15
PDB_contact,1,1,1,249,291,15,15
PDB_contact,1,6,5,341,341,15,15
PDB_contact,1,4,1,279,192,15,15
PDB_contact,1,1,1,246,339,15,15
PDB_contact,1,1,2,284,347,15,15
PDB_contact,1,1,4,191,290,15,15
PDB_contact,1,1,1,213,145,15,15
PDB_contact,1,1,1,347,172,15,15
PDB_contact,1,3,1,320,314,15,15
PDB_contact,1,1,8,145,260,15,15
PDB_contact,1,8,2,297,212,15,15
PDB_contact,1,3,1,266,297,15,15
PDB_contact,1,2,8,186,206,15,15
PDB_contact,1,1,1,340,346,15,15
PDB_contact,1,2,3,317,338,8,15
PDB_contact,1,1,1,118,288,15,15
PDB_contact,1,1,1,223,214,15,15
PDB_contact,1,2,1,292,346,15,15
PDB_contact,1,1,1,255,203,15,15
PDB_contact,1,4,1,350,329,15,15
PDB_contact,1,1,1,156,51,14,14
PDB_contact,1,1,1,159,288,14,14
PDB_contact,1,1,1,92,115,14,14
PDB_contact,1,1,2,201,335,14,14
PDB_contact,1,1,1,251,148,14,14
PDB_contact,1,1,1,194,242,14,14
PDB_contact,1,1,1,297,178,14,14
PDB_contact,1,1,1,268,339,14,14
PDB_contact,1,2,1,333,340,14,14
PDB_contact,1,1,4,264,333,14,14
PDB_contact,1,1,6,337,279,7,14
PDB_contact,1,1,2,156,336,14,14
PDB_contact,1,1,2,264,252,13,13
PDB_contact,1,1,1,110,203,14,14
PDB_contact,1,1,3,192,333,14,14
PDB_contact,1,1,1,198,118,14,14
PDB_contact,1,2,1,281,245,13,14
PDB_contact,1,1,2,87,338,14,14
PDB_contact,1,1,4,260,299,14,14
PDB_contact,1,1,2,182,192,14,14
PDB_contact,1,1,1,332,340,14,14
PDB_contact,1,1,1,130,188,14,14
PDB_contact,1,2,1,286,301,14,14
PDB_contact,1,2,1,333,301,14,14
PDB_contact,1,3,1,292,285,14,14
PDB_contact,1,4,3,348,201,14,14
PDB_contact,1,1,4,152,74,14,14
PDB_contact,1,4,1,350,266,14,14
PDB_contact,1,7,1,30,316,12,14
PDB_contact,1,1,1,346,150,14,14
PDB_contact,1,1,2,117,110,14,14
PDB_contact,1,3,1,341,156,14,14
PDB_contact,1,1,1,108,259,14,14
PDB_contact,1,3,2,302,63,14,14
PDB_contact,1,1,1,288,234,14,14
PDB_contact,1,2,3,322,292,10,12
PDB_contact,1,2,4,317,336,14,14
PDB_contact,1,2,2,280,322,14,14
PDB_contact,1,1,3,310,31,13,14
PDB_contact,1,1,2,324,342,12,14
PDB_contact,1,2,5,324,350,14,14
PDB_contact,1,1,1,145,178,14,14
PDB_contact,1,1,3,339,348,14,14
PDB_contact,1,1,3,118,262,14,14
PDB_contact,1,3,1,320,341,14,14
PDB_contact,1,1,4,118,210,14,14
PDB_contact,1,1,1,153,182,14,14
PDB_contact,1,3,4,277,283,14,14
PDB_contact,1,1,3,113,214,14,14
PDB_contact,1,1,10,339,312,14,14
PDB_contact,1,1,1,339,289,14,14
PDB_contact,1,1,1,343,142,14,14
PDB_contact,1,1,3,51,64,14,14
PDB_contact,1,2,6,228,348,14,14
PDB_contact,1,6,1,302,118,14,14
PDB_contact,1,2,1,313,83,14,14
PDB_contact,1,4,4,344,290,10,14
PDB_contact,1,1,4,183,290,14,14
PDB_contact,1,4,1,282,145,14,14
PDB_contact,1,2,1,214,200,14,14
PDB_contact,1,2,3,342,298,14,14
PDB_contact,1,1,2,211,109,11,13
PDB_contact,1,1,1,194,142,13,13
PDB_contact,1,1,1,187,142,13,13
PDB_contact,1,1,5,140,350,13,13
PDB_contact,1,1,1,140,339,13,13
PDB_contact,1,2,3,320,209,13,13
PDB_contact,1,1,4,152,200,13,13
PDB_contact,1,2,3,246,235,13,13
PDB_contact,1,1,1,153,71,13,13
PDB_contact,1,1,5,163,177,13,13
PDB_contact,1,1,1,87,296,13,13
PDB_contact,1,3,2,271,256,13,13
PDB_contact,1,1,1,198,79,13,13
PDB_contact,1,1,1,194,343,13,13
PDB_contact,1,1,1,263,239,13,13
PDB_contact,1,1,1,255,249,13,13
PDB_contact,1,5,2,350,254,12,13
PDB_contact,1,1,1,85,198,13,13
PDB_contact,1,1,1,176,203,13,13
PDB_contact,1,1,3,340,31,7,13
PDB_contact,1,1,8,229,350,13,13
PDB_contact,1,1,3,126,280,13,13
PDB_contact,1,2,2,231,344,13,13
PDB_contact,1,3,2,350,277,13,13
PDB_contact,1,1,1,126,188,13,13
PDB_contact,1,6,2,105,177,13,13
PDB_contact,1,1,1,160,214,13,13
PDB_contact,1,3,1,170,195,12,13
PDB_contact,1,2,1,295,190,13,13
PDB_contact,1,1,1,315,151,13,13
PDB_contact,1,1,1,84,194,13,13
PDB_contact,1,2,1,225,317,12,13
PDB_contact,1,2,1,344,218,13,13
PDB_contact,1,3,3,327,333,13,13
PDB_contact,1,1,1,306,250,13,13
PDB_contact,1,1,1,147,156,7,7
PDB_contact,1,1,1,58,67,13,13
PDB_contact,1,1,8,142,248,13,13
PDB_contact,1,1,1,241,141,13,13
PDB_contact,1,1,1,176,207,13,13
PDB_contact,1,1,1,56,111,13,13
PDB_contact,1,1,1,173,164,13,13
PDB_contact,1,1,1,153,207,13,13
PDB_contact,1,3,3,277,131,13,13
PDB_contact,1,2,1,160,172,11,13
PDB_contact,1,1,2,119,299,12,13
PDB_contact,1,1,1,210,175,13,13
PDB_contact,1,2,1,114,124,13,13
PDB_contact,1,5,1,291,121,13,13
PDB_contact,1,5,1,350,126,13,13
PDB_contact,1,1,2,130,68,13,13
PDB_contact,1,1,1,186,179,13,13
PDB_contact,1,1,1,81,261,13,13
PDB_contact,1,2,1,200,80,13,13
PDB_contact,1,1,1,69,169,13,13
PDB_contact,1,2,3,211,257,13,13
PDB_contact,1,1,1,198,192,13,13
PDB_contact,1,1,1,148,194,13,13
PDB_contact,1,1,1,126,280,13,13
PDB_contact,1,1,3,126,280,13,13
PDB_contact,1,1,1,140,163,13,13
PDB_contact,1,1,4,189,278,13,13
PDB_contact,1,2,2,157,185,13,13
PDB_contact,1,1,1,214,160,12,12
PDB_contact,1,1,1,117,115,12,12
PDB_contact,1,1,1,194,133,12,12
PDB_contact,1,1,1,138,130,12,12
PDB_contact,1,1,1,102,196,12,12
PDB_contact,1,1,1,261,192,12,12
PDB_contact,1,6,2,350,347,12,12
PDB_contact,1,1,1,211,188,12,12
PDB_contact,1,1,1,137,188,12,12
PDB_contact,1,1,1,84,83,12,12
PDB_contact,1,1,1,194,151,12,12
PDB_contact,1,1,1,88,339,12,12
PDB_contact,1,1,3,130,43,12,12
PDB_contact,1,5,1,324,229,12,12
PDB_contact,1,1,2,310,130,12,12
PDB_contact,1,2,1,252,340,11,12
PDB_contact,1,1,1,281,313,12,12
PDB_contact,1,3,3,235,140,11,12
PDB_contact,1,5,1,350,269,12,12
PDB_contact,1,1,1,126,229,12,12
PDB_contact,1,3,2,75,348,12,12
PDB_contact,1,1,1,97,51,12,12
PDB_contact,1,2,1,256,123,12,12
PDB_contact,1,1,1,171,164,12,12
PDB_contact,1,1,1,184,282,12,12
PDB_contact,1,1,3,134,341,12,12
PDB_contact,1,1,1,160,203,12,12
PDB_contact,1,1,1,264,115,12,12
PDB_contact,1,1,1,326,136,12,12
PDB_contact,1,1,1,103,139,12,12
PDB_contact,1,1,1,102,80,12,12
PDB_contact,1,3,1,121,106,11,12
PDB_contact,1,2,1,179,213,12,12
PDB_contact,1,1,1,229,136,12,12
PDB_contact,1,2,3,223,292,10,12
PDB_contact,1,5,10,323,224,12,12
PDB_contact,1,1,5,133,270,10,12
PDB_contact,1,3,1,266,198,12,12
PDB_contact,1,2,1,320,300,12,12
PDB_contact,1,1,3,300,333,12,12
PDB_contact,1,1,2,183,333,2,3
PDB_contact,1,2,1,322,218,12,12
PDB_contact,1,1,1,234,264,12,12
PDB_contact,1,1,1,261,123,12,12
PDB_contact,1,1,1,255,122,12,12
PDB_contact,1,1,1,288,261,12,12
PDB_contact,1,3,1,214,305,12,12
PDB_contact,1,3,3,302,270,12,12
PDB_contact,1,1,1,261,241,12,12
PDB_contact,1,2,1,273,255,12,12
PDB_contact,1,1,5,135,161,12,12
PDB_contact,1,2,1,337,340,12,12
PDB_contact,1,4,10,249,284,12,12
PDB_contact,1,1,1,194,151,12,12
PDB_contact,1,1,1,194,266,12,12
PDB_contact,1,1,2,118,237,12,12
PDB_contact,1,1,1,293,195,12,12
PDB_contact,1,1,2,136,312,12,12
PDB_contact,1,7,1,244,125,12,12
PDB_contact,1,2,1,325,116,12,12
PDB_contact,1,1,1,115,128,12,12
PDB_contact,1,1,1,175,108,12,12
PDB_contact,1,1,1,129,150,12,12
PDB_contact,1,1,1,279,178,12,12
PDB_contact,1,2,1,318,136,12,12
PDB_contact,1,1,4,248,79,12,12
PDB_contact,1,2,1,340,250,3,3
PDB_contact,1,1,1,204,106,11,11
PDB_contact,1,2,1,349,206,11,11
PDB_contact,1,1,1,198,112,11,11
PDB_contact,1,1,1,201,128,11,11
PDB_contact,1,2,1,223,159,11,11
PDB_contact,1,2,1,166,324,11,11
PDB_contact,1,1,10,103,330,11,11
PDB_contact,1,2,1,283,128,9,11
PDB_contact,1,3,1,307,301,11,11
PDB_contact,1,1,10,243,152,11,11
PDB_contact,1,4,5,336,350,6,11
PDB_contact,1,6,3,207,281,11,11
PDB_contact,1,2,2,302,270,11,11
PDB_contact,1,1,3,217,68,11,11
PDB_contact,1,1,1,68,96,11,11
PDB_contact,1,3,1,322,340,11,11
PDB_contact,1,1,1,210,261,11,11
PDB_contact,1,1,1,192,239,11,11
PDB_contact,1,1,1,128,163,11,11
PDB_contact,1,1,1,182,112,11,11
PDB_contact,1,1,2,126,305,11,11
PDB_contact,1,2,1,350,108,11,11
PDB_contact,1,1,1,126,188,11,11
PDB_contact,1,2,3,349,320,11,11
PDB_contact,1,2,1,143,322,11,11
PDB_contact,1,1,3,118,233,11,11
PDB_contact,1,2,2,337,297,11,11
PDB_contact,1,10,1,322,285,11,11
PDB_contact,1,1,5,130,327,11,11
PDB_contact,1,1,1,211,217,11,11
PDB_contact,1,2,1,288,126,11,11
PDB_contact,1,1,2,202,300,11,11
PDB_contact,1,2,1,231,284,7,11
PDB_contact,1,1,1,281,224,11,11
PDB_contact,1,1,1,277,281,11,11
PDB_contact,1,5,3,341,275,9,11
PDB_contact,1,1,2,340,330,11,11
PDB_contact,1,1,1,330,340,11,11
PDB_contact,1,4,4,236,350,11,11
PDB_contact,1,1,4,130,213,8,8
PDB_contact,1,1,2,126,333,11,11
PDB_contact,1,1,5,133,161,11,11
PDB_contact,1,1,3,340,325,11,11
PDB_contact,1,1,1,248,288,11,11
PDB_contact,1,2,1,223,340,11,11
PDB_contact,1,4,2,257,325,11,11
PDB_contact,1,1,1,315,164,11,11
PDB_contact,1,2,6,321,304,11,11
PDB_contact,1,1,1,275,195,11,11
PDB_contact,1,1,3,136,284,11,11
PDB_contact,1,7,1,229,192,11,11
PDB_contact,1,1,3,199,324,11,11
PDB_contact,1,7,1,350,156,11,11
PDB_contact,1,3,6,65,241,11,11
PDB_contact,1,2,1,299,141,11,11
PDB_contact,1,1,1,340,291,11,11
PDB_contact,1,1,3,123,333,11,11
PDB_contact,1,2,1,345,198,11,11
PDB_contact,1,1,3,130,280,11,11
PDB_contact,1,1,1,213,334,10,10
PDB_contact,1,1,1,215,206,10,10
PDB_contact,1,1,3,126,43,10,10
PDB_contact,1,2,1,291,124,8,10
PDB_contact,1,3,2,172,166,10,10
PDB_contact,1,1,6,145,199,4,4
PDB_contact,1,1,2,132,332,10,10
PDB_contact,1,1,2,132,336,10,10
PDB_contact,1,1,1,151,158,10,10
PDB_contact,1,3,7,332,341,10,10
PDB_contact,1,4,1,318,202,8,10
PDB_contact,1,2,1,314,159,10,10
PDB_contact,1,4,1,159,222,10,10
PDB_contact,1,5,1,268,91,10,10
PDB_contact,1,1,3,218,191,10,10
PDB_contact,1,1,1,261,239,10,10
PDB_contact,1,1,1,246,239,10,10
PDB_contact,1,7,1,333,123,10,10
PDB_contact,1,1,2,211,319,10,10
PDB_contact,1,1,1,266,178,10,10
PDB_contact,1,2,1,283,156,10,10
PDB_contact,1,1,2,123,312,10,10
PDB_contact,1,1,1,115,69,10,10
PDB_contact,1,2,10,250,347,10,10
PDB_contact,1,1,4,110,190,10,10
PDB_contact,1,3,2,343,286,10,10
PDB_contact,1,2,2,223,196,10,10
PDB_contact,1,2,4,346,334,9,10
PDB_contact,1,1,1,156,255,10,10
PDB_contact,1,1,2,340,335,6,10
PDB_contact,1,1,1,166,222,10,10
PDB_contact,1,2,1,318,136,10,10
PDB_contact,1,1,1,194,118,10,10
PDB_contact,1,1,1,306,311,10,10
PDB_contact,1,1,1,145,314,10,10
PDB_contact,1,1,3,123,228,10,10
PDB_contact,1,1,4,264,308,10,10
PDB_contact,1,2,3,322,31,10,10
PDB_contact,1,3,2,327,284,5,10
PDB_contact,1,2,1,345,142,10,10
PDB_contact,1,1,4,309,313,10,10
PDB_contact,1,3,2,180,317,9,10
PDB_contact,1,6,1,280,285,10,10
PDB_contact,1,1,1,249,339,10,10
PDB_contact,1,1,1,130,147,10,10
PDB_contact,1,2,1,305,129,10,10
PDB_contact,1,3,8,302,350,10,10
PDB_contact,1,5,2,350,286,10,10
PDB_contact,1,3,2,335,304,10,10
PDB_contact,1,1,10,118,312,10,10
PDB_contact,1,1,1,86,339,10,10
PDB_contact,1,1,1,118,339,10,10
PDB_contact,1,2,3,345,327,10,10
PDB_contact,1,1,1,106,119,10,10
PDB_contact,1,1,1,186,172,10,10
PDB_contact,1,1,1,196,185,10,10
PDB_contact,1,1,1,223,216,10,10
PDB_contact,1,1,5,243,320,10,10
PDB_contact,1,5,8,350,324,10,10
PDB_contact,1,3,2,266,212,7,10
PDB_contact,1,1,2,128,178,10,10
PDB_contact,1,2,1,349,153,10,10
PDB_contact,1,1,1,156,105,10,10
PDB_contact,1,1,1,129,83,10,10
PDB_contact,1,2,1,166,156,10,10
PDB_contact,1,3,3,123,330,5,10
PDB_contact,1,1,5,322,134,10,10
PDB_contact,1,1,5,304,306,10,10
PDB_contact,1,3,3,246,113,8,10
PDB_contact,1,3,1,247,173,10,10
PDB_contact,1,1,7,76,350,10,10
PDB_contact,1,2,1,340,306,10,10
PDB_contact,1,2,1,318,145,10,10
PDB_contact,1,4,1,282,156,10,10
PDB_contact,1,2,1,201,145,10,10
PDB_contact,1,1,1,246,203,10,10
PDB_contact,1,1,8,156,350,10,10
PDB_contact,1,3,3,202,157,10,10
PDB_contact,1,1,2,273,170,10,10
XL_MS,1,2,1,45,188,1,1
XL_MS,1,2,2,45,322,1,1
XL_MS,1,2,1,45,217,2,2
XL_MS,1,2,1,318,203,1,1
XL_MS,1,2,1,318,102,1,1
XL_MS,1,1,5,91,321,1,1
XL_MS,1,1,1,91,91,2,2
XL_MS,1,1,3,91,303,1,1
XL_MS,1,1,1,91,63,1,1
XL_MS,1,1,1,112,325,1,1
XL_MS,1,1,2,197,319,1,1
XL_MS,1,1,9,197,184,1,1
XL_MS,1,1,6,170,328,1,1
XL_MS,1,1,1,170,166,4,4
XL_MS,1,4,3,283,309,2,2
XL_MS,1,4,3,283,209,1,1
XL_MS,1,4,4,283,313,1,1
XL_MS,1,1,1,154,154,2,2
XL_MS,1,7,3,350,101,1,1
XL_MS,1,1,3,325,235,1,1
XL_MS,1,2,1,329,76,1,1
XL_MS,1,1,1,59,249,1,1
XL_MS,1,1,5,265,329,1,1
XL_MS,1,1,4,114,324,1,1
XL_MS,1,1,1,295,83,1,1
XL_MS,1,4,5,320,214,1,1
XL_MS,1,4,7,294,316,1,1
XL_MS,1,4,5,294,187,1,1
XL_MS,1,3,1,125,178,1,1
XL_MS,1,3,1,125,188,1,1
XL_MS,1,3,1,305,140,1,1
XL_MS,1,3,1,305,332,1,1
XL_MS,1,2,2,94,345,1,1
XL_MS,1,2,4,94,337,1,1
XL_MS,1,2,4,94,333,1,1
XL_MS,1,2,3,94,258,1,1
XL_MS,1,1,1,181,166,1,1
XL_MS,1,4,3,318,315,1,1
XL_MS,1,3,7,254,204,1,1
XL_MS,1,1,1,161,215,1,1
XL_MS,1,4,1,331,339,1,1
XL_MS,1,5,1,350,191,1,1
XL_MS,1,4,1,313,84,1,1
XL_MS,1,4,7,266,340,2,2
XL_MS,1,4,1,266,105,1,1
XL_MS,1,4,1,287,307,1,1
XL_MS,1,5,6,350,295,1,1
XL_MS,1,10,2,284,295,1,1
XL_MS,1,4,3,270,313,1,1
XL_MS,1,2,3,343,253,1,1
XL_MS,1,2,4,343,350,1,1
XL_MS,1,1,5,273,216,1,1
XL_MS,1,4,2,295,345,1,1
XL_MS,1,5,2,325,249,1,1
XL_MS,1,1,1,349,100,1,1
XL_MS,1,1,3,154,309,1,1
XL_MS,1,8,7,48,184,1,1
XL_MS,1,9,2,339,243,1,1
XL_MS,1,7,2,323,241,2,2
XL_MS,1,7,4,329,349,1,1
XL_MS,1,2,3,132,329,1,1
XL_MS,1,7,2,350,258,1,1
XL_MS,1,7,2,237,249,1,1
XL_MS,1,7,7,309,300,1,1
XL_MS,1,6,2,350,343,1,1
XL_MS,1,2,2,305,321,1,1
XL_MS,1,2,1,305,115,1,1
XL_MS,1,2,1,235,335,1,1
XL_MS,1,4,10,350,350,1,1
XL_MS,1,4,7,350,265,1,1
XL_MS,1,4,4,350,350,2,2
XL_MS,1,4,2,150,232,1,1
XL_MS,1,5,5,343,344,1,1
XL_MS,1,5,2,343,347,2,2
XL_MS,1,5,2,343,344,4,4
XL_MS,1,5,2,343,346,2,2
XL_MS,1,5,2,343,347,2,2
XL_MS,1,5,2,343,347,1,1
XL_MS,1,5,2,343,346,1,1
XL_MS,1,5,5,343,343,1,1
XL_MS,1,4,3,225,324,1,1
XL_MS,1,4,2,336,309,1,1
XL_MS,1,11,3,342,333,1,1
XL_MS,1,11,3,342,330,1,1
XL_MS,1,11,1,350,298,1,1
XL_MS,1,11,2,350,237,1,1
XL_MS,1,11,2,350,280,2,2
XL_MS,1,11,1,350,261,1,1
XL_MS,1,11,3,350,327,1,1
XL_MS,1,3,1,315,228,1,1
XL_MS,1,5,1,143,219,1,1
XL_MS,1,5,1,282,252,1,1
XL_MS,1,4,2,350,209,5,5
XL_MS,1,4,1,314,272,2,2
XL_MS,1,4,2,350,220,2,2
XL_MS,1,4,1,350,305,1,1
XL_MS,1,4,8,350,350,1,1
XL_MS,1,4,1,314,299,1,1
XL_MS,1,2,1,301,185,1,1
XL_MS,1,2,5,229,216,1,1
XL_MS,1,3,2,327,343,1,1
XL_MS,1,1,1,301,194,1,1
XL_MS,1,3,2,330,297,1,1
XL_MS,1,3,2,330,296,1,1
XL_MS,1,3,1,312,269,1,1
XL_MS,1,1,1,311,97,1,1
XL_MS,1,2,2,167,160,2,2
XL_MS,1,2,2,167,163,2,2
XL_MS,1,2,2,167,160,2,2
XL_MS,1,2,2,167,165,2,2
XL_MS,1,2,2,167,165,1,1
XL_MS,1,2,1,167,300,1,1
XL_MS,1,2,1,295,213,1,1
XL_MS,1,3,4,333,350,2,2
XL_MS,1,3,1,333,226,1,1
XL_MS,1,3,4,334,350,2,2
XL_MS,1,3,1,334,226,1,1
XL_MS,1,1,1,278,84,1,1
XL_MS,1,1,1,278,260,1,1
XL_MS,1,11,1,253,69,1,1
XL_MS,1,11,1,343,102,1,1
XL_MS,1,11,1,350,282,1,1
XL_MS,1,11,5,294,350,2,2
XL_MS,1,11,4,294,280,1,1
XL_MS,1,2,6,338,350,1,1
XL_MS,1,3,1,319,229,1,1
XL_MS,1,1,1,183,148,1,1
XL_MS,1,1,1,183,249,2,2
XL_MS,1,1,2,183,296,1,1
XL_MS,1,1,4,183,319,1,1
XL_MS,1,2,2,160,163,2,2
XL_MS,1,2,2,160,160,2,2
XL_MS,1,2,2,160,165,2,2
XL_MS,1,2,2,160,165,1,1
XL_MS,1,2,1,160,300,1,1
XL_MS,1,7,5,317,340,1,1
XL_MS,1,1,5,153,72,1,1
XL_MS,1,1,1,97,164,1,1
XL_MS,1,1,3,312,323,1,1
XL_MS,1,4,4,350,261,1,1
XL_MS,1,2,6,343,324,1,1
XL_MS,1,1,4,302,350,1,1
XL_MS,1,4,4,336,347,1,1
XL_MS,1,6,1,350,90,1,1
XL_MS,1,6,8,252,350,1,1
XL_MS,1,6,1,342,113,1,1
XL_MS,1,1,4,291,282,1,1
XL_MS,1,1,1,134,118,1,1
XL_MS,1,2,3,312,326,1,1
XL_MS,1,2,6,312,298,2,2
XL_MS,1,2,6,312,254,1,1
XL_MS,1,2,6,312,350,1,1
XL_MS,1,2,6,312,350,1,1
XL_MS,1,2,2,312,336,1,1
XL_MS,1,2,2,312,281,2,2
XL_MS,1,2,2,312,281,2,2
XL_MS,1,2,1,312,350,1,1
XL_MS,1,2,2,312,282,1,1
XL_MS,1,2,6,312,267,1,1
XL_MS,1,2,3,312,215,1,1
XL_MS,1,8,3,317,330,1,1
XL_MS,1,8,2,327,191,1,1
XL_MS,1,8,5,327,350,1,1
XL_MS,1,8,1,305,304,1,1
XL_MS,1,8,3,327,257,1,1
XL_MS,1,1,1,184,184,7,7
XL_MS,1,1,1,184,184,4,4
XL_MS,1,3,2,326,281,1,1
XL_MS,1,3,2,326,281,1,1
XL_MS,1,3,2,326,282,1,1
XL_MS,1,2,4,340,333,1,1
XL_MS,1,2,3,303,336,1,1
XL_MS,1,2,4,239,350,1,1
XL_MS,1,6,2,298,281,1,1
XL_MS,1,6,2,298,281,1,1
XL_MS,1,6,2,298,282,1,1
XL_MS,1,1,2,282,286,1,1
XL_MS,1,2,6,326,350,1,1
XL_MS,1,1,2,93,273,1,1
XL_MS,1,2,10,211,350,1,1
XL_MS,1,2,7,211,271,1,1
XL_MS,1,8,8,135,247,2,4
XL_MS,1,8,8,154,295,2,3
XL_MS,1,8,8,154,291,2,3
XL_MS,1,8,8,135,135,2,4
XL_MS,1,8,8,135,135,2,4
XL_MS,1,2,2,233,258,1,1
XL_MS,1,2,3,323,346,1,1
XL_MS,1,2,1,269,227,1,1
XL_MS,1,1,8,285,350,1,1
XL_MS,1,1,1,339,339,97,97
XL_MS,1,1,1,339,306,3,3
XL_MS,1,1,1,339,71,1,1
XL_MS,1,1,4,339,252,1,1
XL_MS,1,1,6,339,342,1,1
XL_MS,1,11,2,350,200,1,1
XL_MS,1,11,3,194,267,1,1
XL_MS,1,11,1,215,136,1,1
XL_MS,1,11,1,350,185,1,1
XL_MS,1,4,1,232,97,2,2
XL_MS,1,2,2,324,323,1,1
XL_MS,1,2,4,324,285,1,1
XL_MS,1,4,1,244,107,1,1
XL_MS,1,3,3,265,350,1,1
XL_MS,1,1,1,120,239,1,1
XL_MS,1,1,1,158,146,1,1
XL_MS,1,9,3,350,129,1,1
XL_MS,1,9,4,322,334,1,1
XL_MS,1,9,1,350,165,1,1
XL_MS,1,9,1,350,154,1,1
XL_MS,1,9,4,265,257,1,1
XL_MS,1,1,5,309,317,1,1
XL_MS,1,9,2,312,193,1,1
XL_MS,1,9,1,292,206,1,1
XL_MS,1,8,4,311,122,1,1
XL_MS,1,8,2,276,339,1,1
XL_MS,1,8,1,311,297,1,1
XL_MS,1,9,4,315,297,1,1
XL_MS,1,9,4,184,123,1,1
XL_MS,1,9,2,184,326,1,1
XL_MS,1,9,5,184,105,1,1
XL_MS,1,6,7,316,169,1,1
XL_MS,1,6,1,316,326,1,1
XL_MS,1,2,6,316,200,1,1
XL_MS,1,2,2,237,206,1,1
XL_MS,1,6,4,254,350,1,1
XL_MS,1,6,1,254,235,1,1
XL_MS,1,3,3,252,338,1,1
XL_MS,1,4,2,298,249,1,1
XL_MS,1,6,2,254,281,1,1
XL_MS,1,6,2,254,281,1,1
XL_MS,1,6,2,254,282,1,1
XL_MS,1,5,5,301,350,1,1
XL_MS,1,1,5,148,303,1,1
XL_MS,1,1,1,148,249,2,2
XL_MS,1,1,1,148,186,1,1
XL_MS,1,1,4,148,185,1,1
XL_MS,1,4,1,195,280,1,1
XL_MS,1,2,1,343,213,1,1
XL_MS,1,1,1,194,192,1,1
XL_MS,1,4,5,350,338,1,1
XL_MS,1,4,2,350,280,1,1
XL_MS,1,1,5,137,307,1,1
XL_MS,1,4,1,64,76,1,1
XL_MS,1,4,4,316,314,1,1
XL_MS,1,5,1,79,311,1,1
XL_MS,1,1,1,76,92,1,1
XL_MS,1,1,1,76,76,4,4
XL_MS,1,2,1,345,231,2,2
XL_MS,1,2,1,344,288,1,1
XL_MS,1,2,8,344,350,1,1
XL_MS,1,1,4,197,174,2,2
XL_MS,1,12,1,80,255,1,1
XL_MS,1,6,1,292,154,1,1
XL_MS,1,6,2,242,349,1,1
XL_MS,1,3,4,246,350,2,2
XL_MS,1,1,5,298,350,1,1
XL_MS,1,1,1,211,200,4,4
XL_MS,1,1,12,211,350,1,1
XL_MS,1,1,1,211,215,28,28
XL_MS,1,1,4,211,300,2,2
XL_MS,1,1,1,211,209,5,5
XL_MS,1,1,5,211,179,1,1
XL_MS,1,1,2,211,315,1,1
XL_MS,1,1,11,211,215,1,1
XL_MS,1,1,9,211,289,1,1
XL_MS,1,1,4,211,296,1,1
XL_MS,1,1,2,211,333,1,1
XL_MS,1,1,5,211,243,1,1
XL_MS,1,1,1,164,216,1,1
XL_MS,1,1,6,293,284,1,1
XL_MS,1,1,6,293,285,1,2
XL_MS,1,1,5,293,322,1,1
XL_MS,1,1,1,293,339,3,3
XL_MS,1,1,1,293,293,14,14
XL_MS,1,1,1,293,294,2,2
XL_MS,1,1,1,293,282,1,1
XL_MS,1,1,3,293,200,1,1
XL_MS,1,1,5,293,313,1,1
XL_MS,1,1,9,293,325,1,1
XL_MS,1,1,1,293,281,1,1
XL_MS,1,1,7,293,275,1,1
XL_MS,1,1,1,293,291,10,10
XL_MS,1,1,3,293,297,1,1
XL_MS,1,1,3,293,340,1,1
XL_MS,1,1,1,293,316,1,1
XL_MS,1,1,2,293,310,1,1
XL_MS,1,1,9,293,327,1,1
XL_MS,1,1,2,293,197,1,1
XL_MS,1,1,2,293,322,1,1
XL_MS,1,1,1,293,306,5,5
XL_MS,1,1,1,293,283,1,1
XL_MS,1,1,8,293,227,1,1
XL_MS,1,3,1,298,307,1,1
XL_MS,1,2,4,105,204,1,1
XL_MS,1,4,2,31,322,2,2
XL_MS,1,4,3,338,327,2,2
XL_MS,1,4,1,239,151,1,1
XL_MS,1,4,6,338,300,1,1
XL_MS,1,4,3,31,324,1,1
XL_MS,1,4,1,306,166,1,1
XL_MS,1,5,4,30,253,1,1
XL_MS,1,5,4,154,332,1,1
XL_MS,1,1,6,293,285,1,2
XL_MS,1,1,1,293,293,14,14
XL_MS,1,1,7,293,262,1,1
XL_MS,1,1,1,293,293,13,13
XL_MS,1,1,1,293,145,1,1
XL_MS,1,1,11,293,350,1,1
XL_MS,1,1,1,293,211,2,2
XL_MS,1,1,1,293,291,9,9
XL_MS,1,1,3,293,340,1,1
XL_MS,1,1,9,293,328,1,1
XL_MS,1,1,1,293,283,1,1
XL_MS,1,2,2,261,335,1,1
XL_MS,1,2,1,261,239,1,1
XL_MS,1,2,6,288,285,2,2
XL_MS,1,6,2,350,281,1,1
XL_MS,1,6,2,350,281,1,1
XL_MS,1,6,2,350,282,1,1
XL_MS,1,4,1,341,255,1,1
XL_MS,1,4,6,341,216,1,1
XL_MS,1,6,2,350,281,1,1
XL_MS,1,6,2,350,281,1,1
XL_MS,1,6,2,350,282,1,1
XL_MS,1,10,4,350,249,1,1
XL_MS,1,10,1,200,206,3,3
XL_MS,1,10,1,228,92,1,1
XL_MS,1,10,1,350,106,1,1
XL_MS,1,10,1,350,288,2,2
XL_MS,1,10,1,228,215,1,1
XL_MS,1,10,3,350,347,1,1
XL_MS,1,10,4,228,306,1,1
XL_MS,1,10,4,350,273,1,1
XL_MS,1,10,1,200,158,1,1
XL_MS,1,10,1,228,213,1,1
XL_MS,1,10,2,228,339,1,1
XL_MS,1,10,2,350,176,1,1
XL_MS,1,1,8,166,350,1,1
XL_MS,1,2,2,336,281,1,1
XL_MS,1,2,2,336,281,1,1
XL_MS,1,2,2,336,282,1,1
XL_MS,1,1,4,187,91,1,1
XL_MS,1,1,2,187,310,1,1
XL_MS,1,1,1,187,225,2,2
XL_MS,1,1,2,187,232,3,3
XL_MS,1,1,5,187,322,1,1
XL_MS,1,1,1,187,204,1,1
XL_MS,1,1,3,187,298,1,1
XL_MS,1,1,1,114,189,1,1
XL_MS,1,2,2,281,281,2,2
XL_MS,1,2,1,281,350,1,1
XL_MS,1,2,2,281,282,1,1
XL_MS,1,2,6,281,267,1,1
XL_MS,1,2,2,329,320,1,1
XL_MS,1,1,5,198,312,1,1
XL_MS,1,1,1,196,208,2,2
XL_MS,1,2,1,281,350,1,1
XL_MS,1,2,2,281,282,1,1
XL_MS,1,2,6,281,267,1,1
XL_MS,1,1,2,350,282,1,1
XL_MS,1,1,1,101,101,2,2
XL_MS,1,3,1,237,330,1,1
XL_MS,1,4,4,312,350,1,1
XL_MS,1,4,3,312,334,1,1
XL_MS,1,4,1,199,260,1,1
XL_MS,1,3,2,315,192,1,1
XL_MS,1,3,4,41,324,1,1
XL_MS,1,1,2,186,257,1,1
XL_MS,1,1,13,186,350,1,1
XL_MS,1,1,3,186,350,1,1
XL_MS,1,1,3,186,331,1,1
XL_MS,1,1,8,177,347,2,2
XL_MS,1,1,1,152,291,1,1
XL_MS,1,1,1,70,156,1,1
XL_MS,1,1,2,70,318,1,1
XL_MS,1,3,4,145,341,1,1
XL_MS,1,3,3,316,315,1,1
XL_MS,1,1,1,270,89,1,1
XL_MS,1,3,1,305,140,1,1
XL_MS,1,3,1,255,312,1,1
XL_MS,1,3,3,146,323,1,1
XL_MS,1,3,1,179,247,2,2
XL_MS,1,3,3,318,318,13,14
XL_MS,1,3,1,318,248,1,1
XL_MS,1,1,2,329,317,1,1
XL_MS,1,2,1,337,339,1,1
XL_MS,1,2,1,43,297,1,1
XL_MS,1,5,4,303,349,3,3
XL_MS,1,5,1,303,149,1,2
XL_MS,1,5,1,201,149,1,1
XL_MS,1,5,1,303,149,1,2
XL_MS,1,5,1,303,149,1,1
XL_MS,1,5,9,273,297,1,1
XL_MS,1,5,5,303,295,3,3
XL_MS,1,5,3,303,324,1,1
XL_MS,1,5,5,303,310,2,2
XL_MS,1,5,1,322,194,2,2
XL_MS,1,5,4,349,188,1,1
XL_MS,1,1,1,330,297,1,1
XL_MS,1,2,1,344,255,1,1
XL_MS,1,4,3,343,337,1,1
XL_MS,1,4,3,258,346,1,1
XL_MS,1,5,2,313,249,1,1
XL_MS,1,5,1,291,334,1,1
XL_MS,1,5,5,350,350,1,1
XL_MS,1,1,11,317,328,1,1
XL_MS,1,1,1,210,113,1,1
XL_MS,1,1,1,210,116,2,2
XL_MS,1,1,1,210,144,1,1
XL_MS,1,1,1,210,145,1,1
XL_MS,1,2,2,332,318,1,2
XL_MS,1,2,1,90,310,1,1
XL_MS,1,2,1,90,268,1,1
XL_MS,1,2,3,332,328,3,4
XL_MS,1,2,6,90,350,1,1
XL_MS,1,2,1,318,226,1,1
XL_MS,1,2,3,138,295,1,1
XL_MS,1,2,1,318,255,1,1
XL_MS,1,2,2,318,272,1,1
XL_MS,1,2,1,138,324,2,2
XL_MS,1,2,2,318,342,3,3
XL_MS,1,2,2,138,346,2,2
XL_MS,1,1,2,223,273,1,1
XL_MS,1,2,2,340,213,1,1
XL_MS,1,2,2,162,312,1,1
XL_MS,1,2,2,252,252,2,2
XL_MS,1,1,1,132,156,1,1
XL_MS,1,2,3,282,304,1,1
XL_MS,1,2,8,282,108,1,1
XL_MS,1,2,3,282,296,1,1
XL_MS,1,2,4,282,246,1,1
XL_MS,1,2,5,282,185,1,1
XL_MS,1,2,2,282,298,1,1
XL_MS,1,2,3,282,311,1,1
XL_MS,1,2,2,282,306,1,1
XL_MS,1,2,3,282,265,1,1
XL_MS,1,2,6,282,289,1,1
XL_MS,1,2,2,282,347,1,1
XL_MS,1,2,1,282,234,1,1
XL_MS,1,2,1,282,331,1,1
XL_MS,1,2,4,282,174,1,1
XL_MS,1,2,2,282,82,1,1
XL_MS,1,2,1,282,322,1,1
XL_MS,1,1,3,195,240,1,1
XL_MS,1,1,3,195,144,1,1
XL_MS,1,1,4,195,231,1,1
XL_MS,1,1,2,195,162,1,1
XL_MS,1,1,5,195,269,1,1
XL_MS,1,1,3,195,276,1,1
XL_MS,1,1,1,195,241,2,2
XL_MS,1,5,1,117,154,1,1
XL_MS,1,5,3,227,188,1,1
XL_MS,1,5,4,227,72,1,1
XL_MS,1,5,9,227,322,1,1
XL_MS,1,5,1,227,156,1,1
XL_MS,1,5,1,227,128,1,1
XL_MS,1,5,2,227,234,1,1
XL_MS,1,4,4,322,318,2,2
XL_MS,1,4,2,267,265,1,1
XL_MS,1,2,2,273,322,2,2
XL_MS,1,2,12,317,220,1,1
XL_MS,1,2,10,317,350,2,2
XL_MS,1,2,3,260,270,1,1
XL_MS,1,2,11,317,347,2,2
XL_MS,1,2,4,334,308,1,1
XL_MS,1,2,11,334,350,1,1
XL_MS,1,1,5,342,264,1,1
XL_MS,1,2,2,247,196,2,4
XL_MS,1,2,3,247,325,7,10
XL_MS,1,2,3,254,275,1,1
XL_MS,1,2,11,254,340,1,1
XL_MS,1,2,2,254,277,1,1
XL_MS,1,2,3,275,348,1,1
XL_MS,1,6,1,242,188,1,1
XL_MS,1,6,1,221,194,1,1
XL_MS,1,6,5,279,234,1,1
XL_MS,1,6,1,279,189,1,1
XL_MS,1,3,1,276,219,1,1
XL_MS,1,3,3,276,347,1,1
XL_MS,1,2,2,345,300,1,1
XL_MS,1,2,2,160,281,1,1
XL_MS,1,2,6,345,326,1,1
XL_MS,1,2,1,345,311,1,1
XL_MS,1,2,1,345,253,1,1
XL_MS,1,2,3,345,258,1,1
XL_MS,1,4,1,164,159,1,1
XL_MS,1,4,1,329,102,1,1
XL_MS,1,4,1,296,51,1,1
XL_MS,1,4,4,164,244,1,1
XL_MS,1,6,5,154,350,1,1
XL_MS,1,6,1,154,261,1,1
XL_MS,1,1,4,153,304,1,1
XL_MS,1,1,4,153,345,1,1
XL_MS,1,1,7,153,296,1,1
XL_MS,1,1,3,153,320,1,1
XL_MS,1,1,5,153,212,1,1
XL_MS,1,3,1,320,136,1,1
XL_MS,1,3,3,77,323,1,4
XL_MS,1,2,1,335,215,1,1
XL_MS,1,3,3,303,298,1,1
XL_MS,1,3,2,303,340,1,1
XL_MS,1,3,6,312,221,1,1
XL_MS,1,8,2,220,236,1,1
XL_MS,1,3,1,294,115,1,1
XL_MS,1,3,10,120,342,1,1
XL_MS,1,3,3,334,325,1,1
XL_MS,1,1,3,90,215,1,1
XL_MS,1,1,1,90,99,2,2
XL_MS,1,1,1,90,271,1,1
XL_MS,1,2,3,292,202,1,1
XL_MS,1,1,1,81,98,1,1
XL_MS,1,1,1,81,103,2,2
XL_MS,1,1,3,81,121,1,1
XL_MS,1,1,1,81,332,1,1
XL_MS,1,1,1,81,304,1,1
XL_MS,1,1,1,81,91,4,4
XL_MS,1,1,3,81,349,2,2
XL_MS,1,1,1,81,169,2,2
XL_MS,1,1,1,81,86,3,3
XL_MS,1,1,4,81,350,2,2
XL_MS,1,1,1,81,137,1,1
XL_MS,1,1,1,81,108,1,1
XL_MS,1,1,2,81,249,2,2
XL_MS,1,1,1,81,79,1,1
XL_MS,1,1,4,81,335,1,2
XL_MS,1,1,1,81,298,5,5
XL_MS,1,1,4,81,336,4,4
XL_MS,1,1,1,81,172,3,3
XL_MS,1,1,1,81,58,3,3
XL_MS,1,1,1,81,51,3,3
XL_MS,1,1,1,81,69,5,5
XL_MS,1,1,2,81,331,1,1
XL_MS,1,1,7,81,188,3,3
XL_MS,1,1,4,81,350,3,3
XL_MS,1,1,2,81,347,5,5
XL_MS,1,1,4,81,190,2,4
XL_MS,1,1,1,81,227,3,3
XL_MS,1,1,1,81,63,2,2
XL_MS,1,1,2,310,146,1,1
XL_MS,1,1,1,310,324,3,3
XL_MS,1,1,2,310,130,1,1
XL_MS,1,1,2,310,342,1,1
XL_MS,1,1,3,310,328,1,1
XL_MS,1,1,3,310,238,1,1
XL_MS,1,1,6,310,350,1,1
XL_MS,1,2,3,348,259,8,8
XL_MS,1,2,9,348,325,1,1
XL_MS,1,11,4,260,185,1,1
XL_MS,1,3,2,70,345,1,1
XL_MS,1,3,2,70,347,1,1
XL_MS,1,3,2,70,346,1,1
XL_MS,1,3,2,70,347,1,1
XL_MS,1,3,2,70,347,1,1
XL_MS,1,3,2,70,346,1,1
XL_MS,1,4,3,266,124,1,1
XL_MS,1,2,1,283,286,1,1
XL_MS,1,2,5,305,350,1,1
XL_MS,1,2,4,283,275,1,2
XL_MS,1,2,4,283,257,1,1
XL_MS,1,2,1,283,255,1,1
XL_MS,1,2,4,283,222,2,2
XL_MS,1,2,1,305,163,1,1
XL_MS,1,2,1,283,284,1,1
XL_MS,1,2,2,305,332,1,1
XL_MS,1,2,2,305,293,1,1
XL_MS,1,2,1,283,210,1,1
XL_MS,1,2,5,305,329,1,1
XL_MS,1,12,5,346,251,1,1
XL_MS,1,12,1,350,185,1,1
XL_MS,1,3,4,304,244,1,2
XL_MS,1,3,3,304,323,1,1
XL_MS,1,3,6,304,128,1,1
XL_MS,1,3,3,304,263,1,1
XL_MS,1,3,4,304,174,3,3
XL_MS,1,3,4,307,225,1,1
XL_MS,1,3,1,125,330,1,1
XL_MS,1,3,1,307,222,1,1
XL_MS,1,3,1,307,222,1,1
XL_MS,1,3,1,125,219,1,1
XL_MS,1,3,3,307,264,1,1
XL_MS,1,3,1,307,321,2,3
XL_MS,1,3,1,125,316,1,1
XL_MS,1,3,1,162,128,2,4
XL_MS,1,3,6,125,256,1,1
XL_MS,1,3,1,307,293,1,1
XL_MS,1,3,7,307,252,1,1
XL_MS,1,3,1,307,222,1,1
XL_MS,1,3,5,307,209,1,1
XL_MS,1,3,1,307,222,1,1
XL_MS,1,3,1,125,340,1,1
XL_MS,1,3,2,307,338,1,1
XL_MS,1,3,2,307,319,1,1
XL_MS,1,3,5,307,251,1,1
XL_MS,1,3,3,162,273,1,1
XL_MS,1,3,2,234,288,1,2
XL_MS,1,1,4,256,254,1,1
XL_MS,1,1,2,134,249,1,1
XL_MS,1,1,1,290,302,1,1
XL_MS,1,1,2,290,286,1,1
XL_MS,1,4,4,41,327,1,1
XL_MS,1,4,3,41,319,1,1
XL_MS,1,4,4,41,295,1,1
XL_MS,1,4,2,41,160,1,2
XL_MS,1,2,2,275,153,2,2
XL_MS,1,2,1,248,185,1,1
XL_MS,1,1,4,305,131,1,1
XL_MS,1,1,1,305,272,1,1
XL_MS,1,1,4,305,123,1,1
XL_MS,1,3,2,322,260,1,1
XL_MS,1,6,3,348,307,1,1
XL_MS,1,4,3,260,333,1,1
XL_MS,1,4,1,260,105,1,1
XL_MS,1,4,3,321,207,1,1
XL_MS,1,4,2,321,322,1,1
XL_MS,1,4,3,321,329,1,1
XL_MS,1,4,2,321,244,1,1
XL_MS,1,4,6,260,270,1,1
XL_MS,1,10,2,217,124,1,2
XL_MS,1,10,1,324,118,1,1
XL_MS,1,2,10,326,350,1,1
XL_MS,1,5,4,289,286,1,1
XL_MS,1,1,5,311,202,1,1
XL_MS,1,11,2,335,258,1,1
XL_MS,1,11,2,335,306,2,2
XL_MS,1,11,2,335,177,1,1
XL_MS,1,9,2,252,286,3,3
XL_MS,1,6,1,333,133,1,1
XL_MS,1,6,1,294,239,1,1
XL_MS,1,1,3,226,265,2,3
XL_MS,1,4,1,66,331,1,1
XL_MS,1,4,4,322,350,1,1
XL_MS,1,2,2,213,306,1,1
XL_MS,1,3,1,225,219,1,1
XL_MS,1,1,1,114,111,1,1
XL_MS,1,1,2,114,265,1,1
XL_MS,1,1,1,156,111,1,1
XL_MS,1,1,6,156,344,1,1
XL_MS,1,1,1,156,246,1,1
XL_MS,1,1,2,156,347,1,1
XL_MS,1,1,1,156,113,2,2
XL_MS,1,1,4,156,350,3,3
XL_MS,1,1,1,156,179,1,1
XL_MS,1,1,4,309,179,1,1
XL_MS,1,3,3,241,289,1,1
XL_MS,1,3,4,206,350,2,2
XL_MS,1,9,1,346,219,1,1
XL_MS,1,9,2,255,294,1,1
XL_MS,1,9,3,255,281,1,1
XL_MS,1,9,3,255,327,1,1
XL_MS,1,9,4,255,258,1,1
XL_MS,1,9,1,346,220,1,1
XL_MS,1,9,2,295,215,1,1
XL_MS,1,9,1,334,215,1,1
XL_MS,1,9,3,295,333,1,1
XL_MS,1,9,1,117,194,1,1
XL_MS,1,9,3,255,344,1,1
XL_MS,1,6,2,252,324,2,2
XL_MS,1,6,3,343,279,1,1
XL_MS,1,6,7,343,350,1,1
XL_MS,1,1,2,125,180,1,1
XL_MS,1,1,4,125,349,1,1
XL_MS,1,1,3,125,311,1,1
XL_MS,1,1,6,125,170,1,1
XL_MS,1,1,1,144,144,3,3
XL_MS,1,1,1,144,133,1,1
XL_MS,1,1,1,44,44,2,2
XL_MS,1,4,2,310,200,1,1
XL_MS,1,4,3,310,344,1,1
XL_MS,1,4,1,310,254,1,1
XL_MS,1,4,1,275,173,1,1
XL_MS,1,4,2,275,182,1,1
XL_MS,1,4,5,324,294,1,1
XL_MS,1,4,6,275,300,1,1
XL_MS,1,4,2,275,233,1,1
XL_MS,1,4,1,310,193,3,3
XL_MS,1,4,6,324,328,1,1
XL_MS,1,4,1,275,331,1,1
XL_MS,1,4,2,310,266,1,1
XL_MS,1,1,4,319,350,1,1
XL_MS,1,1,2,319,304,1,1
XL_MS,1,1,2,319,309,1,1
XL_MS,1,1,3,319,302,1,1
XL_MS,1,5,2,46,143,1,1
XL_MS,1,5,1,350,280,1,1
XL_MS,1,4,2,261,344,1,1
XL_MS,1,4,3,261,328,1,1
XL_MS,1,7,1,234,213,1,1
XL_MS,1,8,2,108,249,1,1
XL_MS,1,8,4,108,255,1,1
XL_MS,1,8,3,108,323,1,1
XL_MS,1,8,2,296,242,2,2
XL_MS,1,8,5,321,335,1,1
XL_MS,1,8,6,108,128,1,1
XL_MS,1,7,4,350,350,2,2
XL_MS,1,7,3,350,30,2,2
XL_MS,1,7,5,315,288,2,2
XL_MS,1,1,5,332,322,1,1
XL_MS,1,1,1,325,335,1,1
XL_MS,1,1,2,325,289,1,1
XL_MS,1,1,2,218,95,1,1
XL_MS,1,1,1,218,337,1,1
XL_MS,1,3,2,324,179,1,1
XL_MS,1,1,3,340,301,1,1
XL_MS,1,4,11,348,284,1,1
XL_MS,1,4,1,326,241,1,1
XL_MS,1,8,8,299,295,2,3
XL_MS,1,8,8,299,291,2,3
XL_MS,1,8,8,247,135,2,4
XL_MS,1,8,8,247,135,4,6
XL_MS,1,5,3,349,321,1,1
XL_MS,1,1,1,125,100,1,1
XL_MS,1,1,3,125,325,2,2
XL_MS,1,1,1,125,281,1,1
XL_MS,1,1,3,125,235,1,2
XL_MS,1,1,2,125,244,1,2
XL_MS,1,1,1,125,99,1,1
XL_MS,1,2,3,96,350,1,1
XL_MS,1,2,12,278,350,1,1
XL_MS,1,2,2,127,280,1,1
XL_MS,1,2,2,250,246,1,1
XL_MS,1,2,1,202,203,1,1
XL_MS,1,5,4,328,335,1,1
XL_MS,1,5,4,328,315,1,1
XL_MS,1,5,2,328,136,1,1
XL_MS,1,5,6,328,344,1,1
XL_MS,1,5,1,328,151,1,1
XL_MS,1,5,1,247,344,1,1
XL_MS,1,5,1,328,280,1,1
XL_MS,1,5,6,328,350,1,1
XL_MS,1,5,9,247,286,1,1
XL_MS,1,5,10,247,346,1,1
XL_MS,1,5,6,328,350,1,1
XL_MS,1,5,4,328,228,1,1
XL_MS,1,5,6,328,346,1,1
XL_MS,1,5,6,328,350,1,1
XL_MS,1,5,2,328,30,1,1
XL_MS,1,5,3,247,316,1,1
XL_MS,1,5,11,218,350,1,1
XL_MS,1,3,2,322,294,1,1
XL_MS,1,8,6,335,288,1,1
XL_MS,1,7,1,31,127,1,1
XL_MS,1,7,1,323,102,1,1
XL_MS,1,7,5,98,91,1,2
XL_MS,1,1,2,134,335,1,1
XL_MS,1,1,2,134,243,1,1
XL_MS,1,1,2,134,263,1,1
XL_MS,1,1,7,134,340,2,2
XL_MS,1,1,1,134,105,1,1
XL_MS,1,1,4,134,350,2,2
XL_MS,1,1,1,134,134,1,1
XL_MS,1,1,6,134,350,1,1
XL_MS,1,3,4,326,299,1,1
XL_MS,1,1,1,248,261,5,5
XL_MS,1,1,1,248,241,3,3
XL_MS,1,1,2,248,277,3,3
XL_MS,1,1,1,248,201,1,1
XL_MS,1,1,1,248,105,1,1
XL_MS,1,1,10,248,310,1,1
XL_MS,1,1,1,248,256,3,3
XL_MS,1,1,6,347,261,1,1
XL_MS,1,2,5,335,268,1,1
XL_MS,1,2,1,335,346,1,1
XL_MS,1,2,5,345,269,1,1
XL_MS,1,1,7,152,334,1,1
XL_MS,1,1,1,280,242,2,2
XL_MS,1,2,5,327,312,1,1
XL_MS,1,1,3,233,206,1,1
XL_MS,1,1,3,233,312,1,1
XL_MS,1,1,1,233,207,1,1
XL_MS,1,3,3,56,271,1,1
XL_MS,1,3,2,333,205,1,1
XL_MS,1,3,4,333,306,2,2
XL_MS,1,3,4,333,253,1,1
XL_MS,1,3,5,333,350,1,1
XL_MS,1,3,2,333,309,1,1
XL_MS,1,3,2,333,267,1,1
XL_MS,1,3,2,333,269,1,1
XL_MS,1,3,2,316,200,1,1
XL_MS,1,3,2,311,234,1,1
XL_MS,1,5,1,263,172,1,1
XL_MS,1,1,2,82,30,1,1
XL_MS,1,1,1,82,304,1,1
XL_MS,1,1,1,82,91,3,3
XL_MS,1,1,1,82,325,1,1
XL_MS,1,1,1,82,298,2,2
XL_MS,1,1,1,82,111,3,3
XL_MS,1,1,2,82,249,2,2
XL_MS,1,1,1,82,274,2,2
XL_MS,1,1,1,172,171,1,1
XL_MS,1,1,1,172,166,1,1
XL_MS,1,1,8,172,347,2,2
XL_MS,1,3,1,338,219,1,1
XL_MS,1,3,1,338,217,1,1
XL_MS,1,3,4,338,350,1,1
XL_MS,1,3,5,338,331,1,1
XL_MS,1,1,4,151,240,1,1
XL_MS,1,4,2,349,304,1,1
XL_MS,1,4,4,229,334,1,1
XL_MS,1,4,1,161,245,1,1
XL_MS,1,4,1,349,324,1,1
XL_MS,1,4,7,229,275,1,1
XL_MS,1,4,9,229,321,1,1
XL_MS,1,2,3,276,31,1,1
XL_MS,1,2,2,288,126,1,1
XL_MS,1,5,3,350,144,1,1
XL_MS,1,5,5,301,184,1,1
XL_MS,1,5,4,301,72,1,1
XL_MS,1,5,1,248,136,1,1
XL_MS,1,5,1,301,154,1,1
XL_MS,1,5,4,301,350,2,2
XL_MS,1,3,5,269,289,1,1
XL_MS,1,3,3,269,273,1,1
XL_MS,1,7,5,338,350,1,1
XL_MS,1,7,6,350,283,1,1
XL_MS,1,2,1,327,222,1,1
XL_MS,1,2,3,327,300,1,1
XL_MS,1,2,1,327,335,2,2
XL_MS,1,2,2,327,315,1,1
XL_MS,1,2,3,327,218,1,1
XL_MS,1,2,4,327,286,1,1
XL_MS,1,2,1,327,184,1,1
XL_MS,1,2,1,327,157,1,1
XL_MS,1,2,2,327,317,8,8
XL_MS,1,2,5,327,335,1,1
XL_MS,1,2,2,327,233,1,1
XL_MS,1,2,1,327,320,1,1
XL_MS,1,2,1,327,188,1,1
XL_MS,1,2,3,327,130,1,1
XL_MS,1,2,6,327,346,1,1
XL_MS,1,2,2,327,289,1,1
XL_MS,1,2,6,327,327,1,1
XL_MS,1,2,5,327,206,1,1
XL_MS,1,2,1,327,178,1,1
XL_MS,1,2,6,327,331,1,1
XL_MS,1,2,3,327,328,1,1
XL_MS,1,2,1,327,332,2,2
XL_MS,1,2,2,327,324,1,1
XL_MS,1,2,3,327,176,1,1
XL_MS,1,2,2,327,259,1,1
XL_MS,1,2,1,327,306,1,1
XL_MS,1,6,1,317,183,1,1
XL_MS,1,4,5,306,307,5,8
XL_MS,1,4,5,306,247,1,1
XL_MS,1,3,4,78,319,1,1
XL_MS,1,3,3,173,329,1,1
XL_MS,1,7,3,339,321,1,1
XL_MS,1,7,3,214,349,1,1
XL_MS,1,7,1,214,107,1,1
XL_MS,1,8,3,166,309,1,1
XL_MS,1,8,1,341,166,1,1
XL_MS,1,8,1,350,203,1,1
XL_MS,1,8,1,319,165,1,1
XL_MS,1,8,3,350,322,1,1
XL_MS,1,8,2,350,321,1,1
XL_MS,1,8,6,350,169,1,1
XL_MS,1,8,1,133,66,1,1
XL_MS,1,10,3,334,302,1,1
XL_MS,1,10,3,292,324,1,1
XL_MS,1,10,4,248,251,1,1
XL_MS,1,10,1,309,165,1,1
XL_MS,1,10,4,309,275,1,1
XL_MS,1,10,3,292,276,1,1
XL_MS,1,12,3,350,348,1,1
XL_MS,1,10,1,283,207,1,1
XL_MS,1,9,2,347,200,1,1
XL_MS,1,9,2,347,290,1,1
XL_MS,1,9,6,345,350,1,1
XL_MS,1,4,3,244,313,1,1
XL_MS,1,5,5,154,350,1,1
XL_MS,1,5,6,154,350,1,1
XL_MS,1,5,5,263,224,2,2
XL_MS,1,3,2,100,328,1,1
XL_MS,1,8,2,254,316,1,1
XL_MS,1,3,1,244,140,1,1
XL_MS,1,3,3,244,327,2,2
XL_MS,1,3,3,244,263,1,1
XL_MS,1,3,3,340,236,1,1
XL_MS,1,4,1,310,89,1,1
XL_MS,1,4,4,285,308,1,1
XL_MS,1,4,1,331,102,1,1
XL_MS,1,4,6,285,350,1,1
XL_MS,1,7,1,255,206,2,2
XL_MS,1,4,4,336,347,1,1
XL_MS,1,4,3,36,303,1,1
XL_MS,1,11,4,335,350,2,2
XL_MS,1,11,1,291,240,1,1
XL_MS,1,11,3,335,313,1,1
XL_MS,1,11,1,311,334,1,1
XL_MS,1,11,1,342,198,1,1
XL_MS,1,11,5,238,339,1,1
XL_MS,1,11,1,335,343,1,1
XL_MS,1,11,3,335,329,1,1
XL_MS,1,11,2,335,244,1,1
XL_MS,1,11,1,335,334,1,1
XL_MS,1,11,5,342,212,1,1
XL_MS,1,11,2,128,282,1,1
XL_MS,1,11,6,238,151,1,1
XL_MS,1,4,1,275,111,1,1
XL_MS,1,4,2,275,349,1,1
XL_MS,1,4,1,275,255,1,1
XL_MS,1,4,7,275,233,1,1
XL_MS,1,4,5,160,162,2,5
XL_MS,1,4,6,275,335,1,1
XL_MS,1,6,5,284,350,1,1
XL_MS,1,3,2,75,193,1,1
XL_MS,1,3,1,223,69,2,2
XL_MS,1,4,4,167,350,1,1
XL_MS,1,1,6,133,350,1,1
XL_MS,1,1,6,329,285,1,1
XL_MS,1,4,4,350,350,1,1
XL_MS,1,2,1,320,300,4,4
XL_MS,1,2,4,320,322,1,1
XL_MS,1,2,3,320,30,1,2
XL_MS,1,2,1,320,227,1,1
XL_MS,1,1,1,300,178,1,1
XL_MS,1,1,3,300,344,2,2
XL_MS,1,1,3,300,333,3,3
XL_MS,1,1,2,300,344,1,1
XL_MS,1,1,6,300,350,1,1
XL_MS,1,1,2,300,318,8,8
XL_MS,1,1,3,300,344,1,1
XL_MS,1,1,3,178,344,3,3
XL_MS,1,1,3,178,333,3,3
XL_MS,1,1,2,178,333,1,1
XL_MS,1,1,2,178,294,2,2
XL_MS,1,1,1,346,67,1,1
XL_MS,1,4,3,313,294,2,2
XL_MS,1,4,4,313,242,1,1
XL_MS,1,4,4,313,347,1,1
XL_MS,1,1,3,223,321,1,1
XL_MS,1,1,2,223,179,1,1
XL_MS,1,1,1,223,243,1,1
XL_MS,1,1,3,167,333,1,1
XL_MS,1,4,1,72,258,1,1
XL_MS,1,1,2,129,295,1,1
XL_MS,1,1,1,129,197,1,1
XL_MS,1,1,1,129,154,1,1
XL_MS,1,1,1,129,134,2,2
XL_MS,1,1,1,129,133,1,1
XL_MS,1,4,4,315,350,1,1
XL_MS,1,4,2,145,297,1,1
XL_MS,1,4,4,145,199,1,1
XL_MS,1,3,4,124,317,1,1
XL_MS,1,3,2,124,235,1,1
XL_MS,1,3,3,124,30,1,1
XL_MS,1,3,7,124,299,1,1
XL_MS,1,3,3,124,281,1,1
XL_MS,1,3,2,292,346,1,1
XL_MS,1,3,10,292,220,1,1
XL_MS,1,3,3,223,350,1,1
XL_MS,1,3,2,350,269,1,1
XL_MS,1,3,1,350,102,1,1
XL_MS,1,6,3,350,350,1,1
XL_MS,1,2,8,292,303,1,1
XL_MS,1,2,9,292,349,1,1
XL_MS,1,2,8,292,258,1,1
XL_MS,1,3,1,319,196,1,1
XL_MS,1,1,2,200,350,1,1
XL_MS,1,1,1,200,215,13,13
XL_MS,1,1,3,200,135,1,1
XL_MS,1,1,4,200,300,1,1
XL_MS,1,1,1,200,209,14,14
XL_MS,1,1,1,200,272,1,1
XL_MS,1,1,1,200,255,1,1
XL_MS,1,1,1,200,263,1,1
XL_MS,1,1,1,200,199,1,1
XL_MS,1,1,1,200,308,1,1
XL_MS,1,1,5,200,179,1,1
XL_MS,1,1,2,200,315,1,1
XL_MS,1,1,4,200,296,1,1
XL_MS,1,1,9,200,350,1,1
XL_MS,1,1,2,200,333,1,1
XL_MS,1,1,5,200,243,1,1
XL_MS,1,3,2,336,234,1,1
XL_MS,1,2,2,241,297,1,1
XL_MS,1,2,2,241,280,1,1
XL_MS,1,2,4,305,277,1,1
XL_MS,1,6,5,111,350,1,1
XL_MS,1,2,2,323,322,3,3
XL_MS,1,2,2,323,318,1,1
XL_MS,1,2,1,323,84,1,1
XL_MS,1,2,3,323,278,1,1
XL_MS,1,2,3,323,87,1,1
XL_MS,1,2,1,323,208,1,1
XL_MS,1,2,1,323,263,1,1
XL_MS,1,2,1,225,115,1,1
XL_MS,1,2,1,323,69,1,2
XL_MS,1,2,6,323,329,1,2
XL_MS,1,2,4,323,338,2,2
XL_MS,1,2,6,322,300,2,3
XL_MS,1,2,2,322,344,2,2
XL_MS,1,2,4,322,31,2,3
XL_MS,1,2,3,30,31,1,1
XL_MS,1,2,7,196,316,1,1
XL_MS,1,2,5,196,307,1,1
XL_MS,1,2,1,196,130,1,1
XL_MS,1,1,2,120,329,1,1
XL_MS,1,1,1,142,280,1,1
XL_MS,1,3,1,246,306,2,2
XL_MS,1,3,3,246,302,1,1
XL_MS,1,3,3,298,314,1,1
XL_MS,1,3,1,246,306,1,1
XL_MS,1,1,3,261,275,1,1
XL_MS,1,1,1,261,277,2,2
XL_MS,1,1,4,261,350,1,1
XL_MS,1,1,2,261,234,1,1
XL_MS,1,1,7,261,293,1,1
XL_MS,1,2,1,274,226,1,1
XL_MS,1,2,4,197,316,1,1
XL_MS,1,5,4,293,350,1,1
XL_MS,1,5,1,320,89,1,1
XL_MS,1,5,4,293,257,1,1
XL_MS,1,5,3,320,331,1,1
XL_MS,1,2,2,254,349,1,1
XL_MS,1,1,1,112,255,1,1
XL_MS,1,3,2,321,271,2,2
XL_MS,1,3,3,321,321,1,1
XL_MS,1,3,1,247,212,1,1
XL_MS,1,3,1,321,151,1,1
XL_MS,1,3,10,321,350,1,1
XL_MS,1,3,11,321,240,1,1
XL_MS,1,3,6,321,316,1,1
XL_MS,1,3,2,321,345,1,1
XL_MS,1,3,2,321,208,1,1
XL_MS,1,3,4,247,306,1,1
XL_MS,1,2,4,341,121,1,1
XL_MS,1,1,1,198,107,1,1
XL_MS,1,1,1,151,168,2,2
XL_MS,1,1,3,151,333,2,3
XL_MS,1,1,2,151,318,1,1
XL_MS,1,1,3,151,316,1,1
XL_MS,1,1,1,151,247,1,1
XL_MS,1,1,1,142,172,1,1
XL_MS,1,1,9,142,323,1,1
XL_MS,1,2,2,235,195,1,1
XL_MS,1,2,1,235,283,1,1
XL_MS,1,1,1,208,182,1,1
XL_MS,1,2,2,278,137,1,1
XL_MS,1,1,2,343,297,1,1
XL_MS,1,4,4,194,350,1,1
XL_MS,1,2,1,337,118,1,1
XL_MS,1,2,2,337,269,1,1
XL_MS,1,9,1,350,203,1,1
XL_MS,1,9,6,238,222,1,1
XL_MS,1,9,1,350,245,1,1
XL_MS,1,3,10,292,299,1,1
XL_MS,1,3,1,292,283,1,1
XL_MS,1,3,2,350,269,1,1
XL_MS,1,3,2,350,220,1,1
XL_MS,1,3,4,350,337,1,1
XL_MS,1,4,6,279,343,1,1
XL_MS,1,1,1,150,301,1,1
XL_MS,1,1,6,150,167,1,1
XL_MS,1,1,6,150,285,1,1
XL_MS,1,3,5,350,350,1,2
XL_MS,1,3,1,165,106,1,1
XL_MS,1,2,7,323,308,1,1
XL_MS,1,2,1,323,199,1,1
XL_MS,1,2,5,323,131,1,1
XL_MS,1,2,1,323,230,1,1
XL_MS,1,2,2,323,268,1,1
XL_MS,1,1,1,175,264,2,2
XL_MS,1,1,1,175,128,4,4
XL_MS,1,4,1,307,102,1,1
XL_MS,1,3,1,321,184,1,1
XL_MS,1,3,2,160,146,1,1
XL_MS,1,3,1,343,350,6,6
XL_MS,1,3,1,343,324,3,4
XL_MS,1,3,2,343,130,1,1
XL_MS,1,3,1,160,255,1,1
XL_MS,1,3,1,160,272,1,1
XL_MS,1,3,3,343,31,3,5
XL_MS,1,3,9,343,273,1,1
XL_MS,1,3,2,160,84,1,1
XL_MS,1,3,1,160,197,1,1
XL_MS,1,2,1,296,107,1,1
XL_MS,1,2,3,296,323,1,1
XL_MS,1,3,9,339,289,1,1
XL_MS,1,3,2,241,318,1,1
XL_MS,1,3,10,241,348,1,1
XL_MS,1,3,3,339,260,1,1
XL_MS,1,3,1,241,144,1,1
XL_MS,1,3,2,339,349,1,1
XL_MS,1,3,10,339,347,2,5
XL_MS,1,3,7,339,350,1,1
XL_MS,1,3,2,339,232,2,2
XL_MS,1,3,6,339,335,1,1
XL_MS,1,3,5,241,106,1,1
XL_MS,1,3,4,339,341,2,2
XL_MS,1,4,1,227,307,1,1
XL_MS,1,4,1,227,218,1,1
XL_MS,1,2,4,311,211,1,1
XL_MS,1,2,4,311,350,1,1
XL_MS,1,4,5,320,332,1,1
XL_MS,1,4,1,320,97,1,1
XL_MS,1,4,4,320,260,1,1
XL_MS,1,2,3,229,341,1,1
XL_MS,1,5,2,186,308,1,1
XL_MS,1,5,4,232,121,1,1
XL_MS,1,5,2,343,286,1,1
XL_MS,1,5,6,186,350,1,1
XL_MS,1,6,1,320,286,1,1
XL_MS,1,6,1,307,249,1,1
XL_MS,1,6,1,285,293,1,2
XL_MS,1,6,7,133,262,1,1
XL_MS,1,6,1,285,306,2,4
XL_MS,1,6,1,285,293,1,2
XL_MS,1,6,3,32,317,1,1
XL_MS,1,6,1,133,145,1,1
XL_MS,1,6,3,347,324,2,2
XL_MS,1,6,6,347,316,1,1
XL_MS,1,6,1,173,182,1,1
XL_MS,1,6,3,32,274,1,1
XL_MS,1,6,9,32,141,1,1
XL_MS,1,6,1,32,347,1,1
XL_MS,1,6,5,32,220,1,1
XL_MS,1,6,1,285,291,1,1
XL_MS,1,6,3,285,340,1,1
XL_MS,1,6,8,32,331,1,1
XL_MS,1,6,3,32,296,1,1
XL_MS,1,6,9,133,328,1,1
XL_MS,1,6,1,133,283,1,1
XL_MS,1,1,1,174,320,2,2
XL_MS,1,3,2,333,277,1,1
XL_MS,1,3,4,333,343,1,1
XL_MS,1,3,3,333,330,11,11
XL_MS,1,3,2,269,205,1,1
XL_MS,1,3,3,333,281,1,1
XL_MS,1,3,7,333,350,1,1
XL_MS,1,3,1,259,111,1,1
XL_MS,1,3,12,259,252,1,1
XL_MS,1,3,2,259,347,1,1
XL_MS,1,1,1,210,297,3,3
XL_MS,1,1,1,210,131,1,1
XL_MS,1,3,1,224,315,2,2
XL_MS,1,1,2,234,273,1,1
XL_MS,1,1,2,234,282,1,1
XL_MS,1,8,8,309,312,1,1
XL_MS,1,9,2,331,243,1,1
XL_MS,1,9,9,331,350,7,8
XL_MS,1,2,1,309,128,1,1
XL_MS,1,2,6,309,338,1,1
XL_MS,1,3,1,284,227,1,1
XL_MS,1,2,6,207,321,2,3
XL_MS,1,2,1,329,324,1,1
XL_MS,1,4,1,334,169,1,1
XL_MS,1,4,3,204,287,1,1
XL_MS,1,4,2,204,333,1,1
XL_MS,1,4,1,279,227,1,1
XL_MS,1,4,1,238,189,1,1
XL_MS,1,4,4,204,343,1,1
XL_MS,1,4,3,204,305,1,1
XL_MS,1,4,6,204,302,1,1
XL_MS,1,4,2,204,45,1,1
XL_MS,1,4,4,204,208,1,1
XL_MS,1,4,7,204,265,1,1
XL_MS,1,4,3,204,245,1,1
XL_MS,1,4,5,204,297,1,1
XL_MS,1,4,6,345,342,2,3
XL_MS,1,10,1,350,302,1,1
XL_MS,1,3,2,54,317,1,1
XL_MS,1,3,3,333,289,1,1
XL_MS,1,5,2,295,279,1,1
XL_MS,1,4,4,276,349,1,1
XL_MS,1,4,1,173,149,1,1
XL_MS,1,4,1,349,149,1,1
XL_MS,1,2,2,291,299,1,1
XL_MS,1,3,1,192,206,1,1
XL_MS,1,3,3,344,321,1,1
XL_MS,1,3,5,344,251,1,1
XL_MS,1,2,1,263,294,1,1
XL_MS,1,2,5,140,204,1,1
XL_MS,1,2,10,140,215,1,1
XL_MS,1,1,2,198,342,1,1
XL_MS,1,1,1,198,181,2,2
XL_MS,1,5,1,311,278,1,1
XL_MS,1,2,2,292,180,1,1
XL_MS,1,2,9,292,322,1,1
XL_MS,1,2,4,292,281,1,1
XL_MS,1,2,4,292,304,1,1
XL_MS,1,2,3,292,283,1,1
XL_MS,1,2,1,292,345,1,1
XL_MS,1,2,3,292,227,1,1
XL_MS,1,2,1,292,340,1,1
XL_MS,1,1,1,222,228,1,1
XL_MS,1,1,1,222,202,1,1
XL_MS,1,1,3,222,173,1,1
XL_MS,1,1,5,222,331,1,1
XL_MS,1,1,3,245,349,1,1
XL_MS,1,2,4,337,350,1,1
XL_MS,1,2,10,337,284,1,1
XL_MS,1,2,2,337,281,1,1
XL_MS,1,2,5,337,323,1,1
XL_MS,1,3,1,287,214,1,1
XL_MS,1,3,9,247,305,1,1
XL_MS,1,3,1,247,227,1,1
XL_MS,1,2,1,178,283,1,1
XL_MS,1,2,1,178,159,1,1
XL_MS,1,1,1,189,106,1,1
XL_MS,1,1,1,189,119,3,3
XL_MS,1,1,1,189,172,2,2
XL_MS,1,1,1,189,141,1,1
XL_MS,1,1,5,98,259,1,1
XL_MS,1,1,1,98,83,1,1
XL_MS,1,1,1,98,79,1,1
XL_MS,1,1,7,98,188,1,1
XL_MS,1,1,2,98,347,2,2
XL_MS,1,1,1,98,63,1,1
XL_MS,1,1,1,99,264,1,1
XL_MS,1,1,1,99,333,1,1
XL_MS,1,1,1,99,132,1,1
XL_MS,1,1,3,99,198,4,7
XL_MS,1,1,2,99,265,1,1
XL_MS,1,1,2,99,229,1,1
XL_MS,1,1,5,348,175,1,1
XL_MS,1,1,1,348,327,1,1
XL_MS,1,4,1,330,313,1,1
XL_MS,1,1,5,328,319,1,1
XL_MS,1,1,1,328,299,1,1
XL_MS,1,1,4,104,257,1,1
XL_MS,1,4,1,258,327,1,1
XL_MS,1,4,4,258,258,6,14
XL_MS,1,4,1,258,221,1,1
XL_MS,1,4,3,258,350,1,1
XL_MS,1,4,4,272,260,1,2
XL_MS,1,4,2,272,345,1,1
XL_MS,1,4,2,272,347,2,2
XL_MS,1,4,4,272,267,3,3
XL_MS,1,4,7,311,157,1,1
XL_MS,1,4,1,258,289,1,1
XL_MS,1,4,2,311,320,1,1
XL_MS,1,4,2,350,110,1,1
XL_MS,1,1,1,214,212,1,1
XL_MS,1,1,1,214,212,1,1
XL_MS,1,4,2,310,259,1,1
XL_MS,1,4,1,350,136,1,1
XL_MS,1,4,5,350,350,1,1
XL_MS,1,1,1,313,90,2,2
XL_MS,1,1,3,313,302,2,2
XL_MS,1,1,4,313,249,1,1
XL_MS,1,1,1,313,298,1,1
XL_MS,1,1,1,313,145,1,1
XL_MS,1,1,2,313,303,1,1
XL_MS,1,1,2,313,226,1,1
XL_MS,1,1,3,313,341,1,1
XL_MS,1,1,1,121,69,1,1
XL_MS,1,1,2,121,344,1,1
XL_MS,1,1,8,301,299,1,1
XL_MS,1,1,1,174,97,1,1
XL_MS,1,2,2,209,231,1,1
XL_MS,1,2,5,339,300,1,1
XL_MS,1,2,7,339,295,1,1
XL_MS,1,2,4,339,185,1,1
XL_MS,1,2,3,209,316,1,1
XL_MS,1,2,4,339,224,1,1
XL_MS,1,5,4,341,349,1,1
XL_MS,1,5,1,341,149,1,1
XL_MS,1,5,1,341,149,1,1
XL_MS,1,5,1,341,149,2,2
XL_MS,1,5,8,328,277,1,1
XL_MS,1,5,4,341,325,1,1
XL_MS,1,5,1,328,145,1,1
XL_MS,1,5,1,341,149,1,1
XL_MS,1,5,6,328,341,1,1
XL_MS,1,5,6,341,334,1,1
XL_MS,1,5,3,273,319,1,1
XL_MS,1,5,2,328,326,1,1
XL_MS,1,5,5,328,321,2,2
XL_MS,1,1,4,119,246,1,1
XL_MS,1,1,2,227,322,1,1
XL_MS,1,3,8,350,338,1,1
XL_MS,1,3,5,350,91,1,1
XL_MS,1,3,1,295,286,1,1
XL_MS,1,3,3,275,245,2,2
XL_MS,1,3,4,340,312,1,1
XL_MS,1,3,3,275,311,1,1
XL_MS,1,3,1,275,291,1,1
XL_MS,1,3,1,340,225,1,1
XL_MS,1,4,4,225,350,2,2
XL_MS,1,4,3,350,302,1,1
XL_MS,1,4,1,61,110,1,1
XL_MS,1,4,1,350,263,2,2
XL_MS,1,4,4,225,300,1,1
XL_MS,1,4,2,225,282,1,1
XL_MS,1,4,1,350,315,1,1
XL_MS,1,4,1,350,318,1,1
XL_MS,1,1,14,266,350,1,1
XL_MS,1,3,7,316,161,1,1
XL_MS,1,2,1,251,157,1,1
XL_MS,1,2,2,345,233,2,4
XL_MS,1,2,2,349,336,9,9
XL_MS,1,2,3,349,327,4,4
XL_MS,1,2,5,349,51,1,1
XL_MS,1,2,4,349,240,1,1
XL_MS,1,2,1,349,166,1,1
XL_MS,1,2,5,349,350,2,2
XL_MS,1,2,2,349,160,1,1
XL_MS,1,5,3,166,177,1,1
XL_MS,1,1,5,315,191,1,1
XL_MS,1,1,2,315,258,1,1
XL_MS,1,1,2,315,262,1,1
XL_MS,1,1,1,315,108,1,1
XL_MS,1,1,1,315,218,1,1
XL_MS,1,1,1,315,289,1,1
XL_MS,1,1,1,315,209,1,1
XL_MS,1,1,2,315,328,1,1
XL_MS,1,1,2,315,271,1,1
XL_MS,1,1,2,315,232,1,1
XL_MS,1,1,3,315,347,1,1
XL_MS,1,1,2,315,334,1,1
XL_MS,1,5,4,198,350,2,2
XL_MS,1,5,8,198,350,1,1
XL_MS,1,2,6,284,310,1,1
XL_MS,1,2,1,284,206,1,1
XL_MS,1,2,2,284,232,1,1
XL_MS,1,2,1,284,302,1,1
XL_MS,1,2,3,284,207,1,1
XL_MS,1,2,3,284,237,5,6
XL_MS,1,2,1,284,182,1,1
XL_MS,1,2,1,284,185,1,1
XL_MS,1,2,4,284,256,4,5
XL_MS,1,5,2,349,243,1,1
XL_MS,1,1,2,313,220,1,1
XL_MS,1,1,1,158,185,1,1
XL_MS,1,2,2,269,214,1,1
XL_MS,1,1,3,106,330,1,1
XL_MS,1,1,1,106,75,1,1
XL_MS,1,1,1,106,172,2,2
XL_MS,1,1,2,106,345,1,1
XL_MS,1,1,1,106,144,2,2
XL_MS,1,5,2,350,303,1,1
XL_MS,1,2,4,318,350,1,1
XL_MS,1,2,1,313,217,1,1
XL_MS,1,2,2,318,52,1,1
XL_MS,1,2,6,313,216,1,1
XL_MS,1,1,3,97,349,2,2
XL_MS,1,1,1,97,95,2,2
XL_MS,1,4,3,290,284,1,1
XL_MS,1,4,8,290,208,1,1
XL_MS,1,4,2,348,318,1,1
XL_MS,1,4,3,290,315,1,1
XL_MS,1,4,1,348,273,1,1
XL_MS,1,6,4,350,319,1,1
XL_MS,1,6,2,310,335,1,1
XL_MS,1,6,11,190,350,1,1
XL_MS,1,6,4,310,312,1,1
XL_MS,1,3,9,30,329,1,1
XL_MS,1,2,3,335,350,1,1
XL_MS,1,2,5,335,318,1,1
XL_MS,1,2,4,335,319,1,1
XL_MS,1,2,5,335,304,1,1
XL_MS,1,2,2,335,279,1,1
XL_MS,1,5,2,341,242,1,1
XL_MS,1,2,6,223,288,1,1
XL_MS,1,1,1,68,340,1,1
XL_MS,1,4,4,340,290,1,1
XL_MS,1,4,2,313,345,1,1
XL_MS,1,4,4,313,300,3,3
XL_MS,1,4,1,257,85,1,1
XL_MS,1,4,1,313,70,1,1
XL_MS,1,4,2,313,298,1,1
XL_MS,1,4,2,313,306,1,1
XL_MS,1,4,1,313,261,1,1
XL_MS,1,4,4,313,329,1,1
XL_MS,1,4,5,313,337,1,1
XL_MS,1,4,2,313,82,1,1
XL_MS,1,4,7,313,274,1,1
XL_MS,1,4,2,257,241,1,1
XL_MS,1,4,10,313,350,1,1
XL_MS,1,4,6,313,349,2,2
XL_MS,1,4,1,313,64,1,1
XL_MS,1,2,4,334,297,1,1
XL_MS,1,6,4,346,333,1,1
XL_MS,1,6,2,346,298,1,1
XL_MS,1,6,1,330,275,1,1
XL_MS,1,4,3,264,339,1,1
XL_MS,1,4,4,264,272,6,11
XL_MS,1,4,3,350,197,1,1
XL_MS,1,4,4,335,262,1,1
XL_MS,1,4,5,264,290,1,1
XL_MS,1,4,2,350,31,1,1
XL_MS,1,9,1,346,213,1,1
XL_MS,1,8,1,304,211,1,1
XL_MS,1,8,2,262,328,1,1
XL_MS,1,8,1,262,156,2,2
XL_MS,1,8,4,262,274,1,1
XL_MS,1,8,1,262,311,1,1
XL_MS,1,8,1,262,311,1,1
XL_MS,1,8,1,304,105,2,2
XL_MS,1,5,3,350,350,1,1
XL_MS,1,5,3,350,259,4,4
XL_MS,1,5,6,225,285,1,1
XL_MS,1,4,4,332,190,1,1
XL_MS,1,4,5,314,269,1,1
XL_MS,1,4,6,314,128,1,1
XL_MS,1,4,3,257,314,1,1
XL_MS,1,4,5,298,252,1,1
XL_MS,1,4,1,338,291,1,1
XL_MS,1,4,3,257,201,1,1
XL_MS,1,4,3,257,288,1,1
XL_MS,1,4,4,338,319,1,1
XL_MS,1,4,4,257,304,1,1
XL_MS,1,4,9,257,275,1,1
XL_MS,1,4,2,257,336,1,1
XL_MS,1,4,4,338,152,1,1
XL_MS,1,4,2,116,279,1,1
XL_MS,1,4,1,257,227,3,4
XL_MS,1,4,6,257,302,1,1
XL_MS,1,4,11,257,222,1,1
XL_MS,1,5,1,267,89,1,1
XL_MS,1,3,1,256,233,1,1
XL_MS,1,3,1,256,327,1,1
XL_MS,1,3,4,256,236,1,1
XL_MS,1,7,2,350,258,1,1
XL_MS,1,7,4,350,245,1,1
XL_MS,1,8,4,350,83,1,1
XL_MS,1,1,1,137,152,3,3
XL_MS,1,1,1,137,169,1,1
XL_MS,1,1,2,137,249,1,1
XL_MS,1,1,5,137,341,1,1
XL_MS,1,2,5,327,350,1,1
XL_MS,1,2,1,178,226,1,1
XL_MS,1,2,1,125,345,1,1
XL_MS,1,2,3,125,321,1,1
XL_MS,1,7,3,310,253,1,1
XL_MS,1,7,3,260,293,1,1
XL_MS,1,7,1,310,233,1,1
XL_MS,1,4,4,330,325,1,1
XL_MS,1,4,3,330,293,1,1
XL_MS,1,4,1,312,245,1,1
XL_MS,1,8,4,312,261,1,1
XL_MS,1,3,1,154,298,1,1
XL_MS,1,4,3,343,330,1,1
XL_MS,1,4,4,140,314,2,4
XL_MS,1,4,2,343,230,1,1
XL_MS,1,4,6,140,350,1,1
XL_MS,1,4,6,140,325,1,1
XL_MS,1,4,2,140,248,1,1
XL_MS,1,4,1,30,44,1,1
XL_MS,1,4,10,140,338,1,1
XL_MS,1,1,2,162,335,1,1
XL_MS,1,6,1,350,145,1,1
XL_MS,1,6,6,309,292,1,1
XL_MS,1,3,1,39,256,1,1
XL_MS,1,3,3,339,349,1,1
XL_MS,1,3,1,330,283,1,1
XL_MS,1,3,4,339,350,1,1
XL_MS,1,3,4,339,350,1,1
XL_MS,1,3,4,339,167,1,1
XL_MS,1,3,11,330,305,1,1
XL_MS,1,3,1,339,307,1,1
XL_MS,1,1,4,120,240,1,1
XL_MS,1,1,3,120,348,1,1
XL_MS,1,4,2,216,213,1,1
XL_MS,1,4,2,279,236,1,1
XL_MS,1,4,3,279,319,1,1
XL_MS,1,4,2,257,137,1,1
XL_MS,1,4,1,315,282,1,1
XL_MS,1,4,3,257,334,1,1
XL_MS,1,4,7,257,233,1,1
XL_MS,1,4,2,257,337,1,1
XL_MS,1,3,3,284,302,1,1
XL_MS,1,5,3,331,336,1,1
XL_MS,1,5,3,191,254,1,1
XL_MS,1,5,2,336,344,1,1
XL_MS,1,5,9,350,350,1,1
XL_MS,1,5,4,216,350,1,1
XL_MS,1,4,4,250,349,1,1
XL_MS,1,2,1,293,332,1,1
XL_MS,1,2,2,314,205,1,1
XL_MS,1,2,2,314,220,1,1
XL_MS,1,2,1,314,320,1,1
XL_MS,1,2,6,278,320,1,1
XL_MS,1,3,1,336,293,1,1
XL_MS,1,3,1,336,286,1,1
XL_MS,1,4,4,350,350,1,1
XL_MS,1,3,1,350,299,1,1
XL_MS,1,3,11,244,350,1,1
XL_MS,1,4,1,258,154,1,1
XL_MS,1,4,3,330,328,1,1
XL_MS,1,4,4,330,275,1,1
XL_MS,1,1,1,113,113,1,1
XL_MS,1,4,3,250,350,1,1
XL_MS,1,2,2,222,223,1,1
XL_MS,1,2,3,222,345,1,1
XL_MS,1,1,2,199,279,1,1
XL_MS,1,1,4,260,42,1,1
XL_MS,1,4,1,255,348,1,1
XL_MS,1,4,3,319,100,1,1
XL_MS,1,4,3,271,263,1,1
XL_MS,1,2,1,332,246,3,3
XL_MS,1,2,1,332,299,1,1
XL_MS,1,2,7,332,322,1,1
XL_MS,1,1,4,128,344,2,2
XL_MS,1,1,1,128,106,1,1
XL_MS,1,1,7,293,262,1,1
XL_MS,1,1,1,293,339,1,1
XL_MS,1,1,1,293,293,13,13
XL_MS,1,1,1,293,145,1,1
XL_MS,1,1,11,293,350,1,1
XL_MS,1,1,1,293,211,2,2
XL_MS,1,1,1,293,291,10,10
XL_MS,1,1,3,293,340,1,1
XL_MS,1,1,9,293,328,1,1
XL_MS,1,1,1,293,283,1,1
XL_MS,1,2,3,332,266,1,2
XL_MS,1,2,1,332,350,1,1
XL_MS,1,2,5,332,350,1,1
XL_MS,1,2,1,332,164,1,1
XL_MS,1,1,3,265,136,1,1
XL_MS,1,1,1,178,188,3,3
XL_MS,1,3,1,278,297,1,1
XL_MS,1,3,3,159,301,1,1
XL_MS,1,3,2,159,319,2,2
XL_MS,1,3,1,77,132,1,1
XL_MS,1,3,3,278,336,1,1
XL_MS,1,3,2,278,319,1,1
XL_MS,1,3,5,159,308,1,1
XL_MS,1,3,1,159,229,1,1
XL_MS,1,3,1,278,217,1,1
XL_MS,1,3,7,278,227,1,1
XL_MS,1,6,2,304,319,1,1
XL_MS,1,6,3,84,308,1,1
XL_MS,1,6,1,278,115,1,1
XL_MS,1,6,3,306,350,1,2
XL_MS,1,6,5,306,184,1,1
XL_MS,1,6,2,306,209,1,1
XL_MS,1,6,2,278,296,1,1
XL_MS,1,6,2,306,163,1,1
XL_MS,1,6,1,306,83,1,1
XL_MS,1,6,1,306,183,1,1
XL_MS,1,6,8,306,350,1,1
XL_MS,1,6,3,306,260,1,1
XL_MS,1,6,6,278,300,2,2
XL_MS,1,6,10,278,245,1,1
XL_MS,1,6,4,278,350,2,2
XL_MS,1,6,1,84,120,1,1
XL_MS,1,6,1,306,243,1,1
XL_MS,1,6,1,306,89,1,1
XL_MS,1,2,3,314,330,1,1
XL_MS,1,1,2,148,302,1,1
XL_MS,1,1,2,148,292,1,1
XL_MS,1,1,9,148,197,1,1
XL_MS,1,1,3,148,300,1,1
XL_MS,1,2,5,250,318,1,1
XL_MS,1,2,1,250,265,1,1
XL_MS,1,4,1,310,169,1,1
XL_MS,1,4,1,303,183,1,1
XL_MS,1,4,8,151,350,1,1
XL_MS,1,4,10,303,350,1,1
XL_MS,1,2,2,310,302,1,1
XL_MS,1,2,2,310,236,1,1
XL_MS,1,2,2,310,236,1,1
XL_MS,1,2,4,199,325,1,1
XL_MS,1,2,3,310,334,1,1
XL_MS,1,6,1,305,258,1,1
XL_MS,1,6,6,305,238,1,1
XL_MS,1,6,1,305,282,1,1
XL_MS,1,1,3,331,215,1,1
XL_MS,1,2,5,286,302,1,1
XL_MS,1,1,3,122,67,1,1
XL_MS,1,1,1,122,154,2,2
XL_MS,1,1,1,122,154,1,1
XL_MS,1,3,2,222,326,1,1
XL_MS,1,3,4,310,321,1,1
XL_MS,1,3,3,310,342,1,1
XL_MS,1,3,4,310,342,1,1
XL_MS,1,7,4,342,88,1,1
XL_MS,1,5,3,332,313,2,2
XL_MS,1,5,2,332,297,1,1
XL_MS,1,5,1,332,337,1,1
XL_MS,1,5,3,332,299,1,1
XL_MS,1,5,6,332,334,1,1
XL_MS,1,5,1,332,198,1,1
XL_MS,1,5,1,334,228,1,1
XL_MS,1,5,1,269,145,1,1
XL_MS,1,5,1,332,247,1,1
XL_MS,1,7,1,262,306,2,2
XL_MS,1,7,1,262,293,1,1
XL_MS,1,7,1,262,291,1,1
XL_MS,1,7,3,262,340,1,1
XL_MS,1,5,1,199,216,1,1
XL_MS,1,5,6,277,288,1,1
XL_MS,1,5,1,199,166,1,1
XL_MS,1,3,3,153,174,2,2
XL_MS,1,3,1,153,115,1,1
XL_MS,1,3,2,338,336,2,4
XL_MS,1,2,1,316,166,3,3
XL_MS,1,2,2,316,344,1,1
XL_MS,1,2,6,316,338,1,1
XL_MS,1,2,1,316,166,1,1
XL_MS,1,5,1,298,284,1,1
XL_MS,1,5,3,322,295,1,1
XL_MS,1,5,2,298,38,1,1
XL_MS,1,5,4,322,314,1,1
XL_MS,1,5,1,298,338,4,4
XL_MS,1,5,7,298,271,1,1
XL_MS,1,5,7,298,323,1,1
XL_MS,1,5,3,298,204,1,1
XL_MS,1,6,7,282,290,1,1
XL_MS,1,2,6,279,304,1,1
XL_MS,1,2,3,258,336,1,1
XL_MS,1,2,2,279,216,1,1
XL_MS,1,2,2,258,31,1,1
XL_MS,1,2,9,258,272,1,1
XL_MS,1,2,4,279,297,1,1
XL_MS,1,2,3,258,325,1,1
XL_MS,1,2,2,279,193,1,1
XL_MS,1,6,3,309,350,1,1
XL_MS,1,6,5,309,270,1,1
XL_MS,1,6,5,309,318,1,1
XL_MS,1,6,4,309,319,1,1
XL_MS,1,6,5,309,304,1,1
XL_MS,1,6,2,309,279,1,1
XL_MS,1,6,3,309,326,1,1
XL_MS,1,6,6,343,339,1,2
XL_MS,1,6,7,343,350,1,2
XL_MS,1,6,1,66,97,1,1
XL_MS,1,6,5,343,321,1,2
XL_MS,1,4,2,297,241,1,1
XL_MS,1,4,1,297,288,1,1
XL_MS,1,5,2,321,347,1,1
XL_MS,1,5,6,321,234,1,1
XL_MS,1,5,3,350,176,1,1
XL_MS,1,5,2,280,166,1,1
XL_MS,1,5,1,321,248,1,1
XL_MS,1,5,4,321,172,1,1
XL_MS,1,5,4,321,337,1,1
XL_MS,1,5,4,280,348,9,11
XL_MS,1,5,5,321,335,1,1
XL_MS,1,5,4,321,350,1,1
XL_MS,1,5,3,321,310,1,1
XL_MS,1,5,4,321,333,1,1
XL_MS,1,5,3,321,253,1,1
XL_MS,1,6,1,301,176,1,1
XL_MS,1,3,2,346,237,1,1
XL_MS,1,3,1,287,213,1,1
XL_MS,1,3,3,309,209,1,1
XL_MS,1,3,4,309,313,1,1
XL_MS,1,5,2,339,228,1,1
XL_MS,1,5,2,288,296,1,1
XL_MS,1,5,3,288,350,1,1
XL_MS,1,9,2,100,209,1,1
XL_MS,1,9,1,100,201,1,1
XL_MS,1,9,3,270,265,1,1
XL_MS,1,4,6,350,350,1,1
XL_MS,1,4,6,350,101,2,2
XL_MS,1,3,3,243,350,1,1
XL_MS,1,14,2,350,317,1,1
XL_MS,1,5,4,340,350,1,1
XL_MS,1,1,1,326,161,1,1
XL_MS,1,1,1,326,209,1,1
XL_MS,1,1,1,247,183,1,1
XL_MS,1,1,4,247,337,1,1
XL_MS,1,7,1,306,149,1,1
XL_MS,1,7,3,292,267,1,1
XL_MS,1,7,7,292,262,1,1
XL_MS,1,2,6,282,267,1,1
XL_MS,1,1,2,213,349,3,3
XL_MS,1,1,1,213,264,2,2
XL_MS,1,1,1,213,75,2,2
XL_MS,1,1,1,213,298,1,1
XL_MS,1,1,4,213,281,1,1
XL_MS,1,1,1,213,184,1,1
XL_MS,1,1,1,213,175,1,1
XL_MS,1,4,2,347,122,1,1
XL_MS,1,2,1,114,264,5,6
XL_MS,1,2,1,114,113,3,4
XL_MS,1,2,2,349,325,4,6
XL_MS,1,2,1,114,144,1,1
XL_MS,1,2,1,349,128,2,2
XL_MS,1,2,1,114,308,1,1
XL_MS,1,2,1,349,153,1,1
XL_MS,1,2,1,114,144,1,1
XL_MS,1,3,1,270,215,1,1
XL_MS,1,2,3,210,278,1,1
XL_MS,1,2,4,340,167,1,1
XL_MS,1,1,2,330,334,1,1
XL_MS,1,1,6,330,320,1,1
XL_MS,1,1,3,286,113,1,1
XL_MS,1,1,1,286,298,6,6
XL_MS,1,1,4,286,350,1,1
XL_MS,1,1,2,286,331,1,1
XL_MS,1,1,2,286,312,1,1
XL_MS,1,1,1,286,284,8,8
XL_MS,1,3,2,308,324,1,1
XL_MS,1,3,5,308,276,1,1
XL_MS,1,3,1,308,226,1,1
XL_MS,1,3,1,308,210,1,1
XL_MS,1,3,2,308,286,1,1
XL_MS,1,6,7,339,350,2,2
XL_MS,1,6,5,339,321,2,2
XL_MS,1,6,2,332,124,1,2
XL_MS,1,7,5,350,321,2,2
XL_MS,1,1,9,191,234,1,1
XL_MS,1,2,5,342,350,1,1
XL_MS,1,1,6,108,124,3,3
XL_MS,1,1,2,108,331,2,2
XL_MS,1,1,3,108,346,2,2
XL_MS,1,1,3,108,332,1,1
XL_MS,1,1,5,108,327,2,2
XL_MS,1,1,4,108,288,1,1
XL_MS,1,1,1,108,267,1,1
XL_MS,1,1,3,108,348,1,1
XL_MS,1,1,3,108,280,2,2
XL_MS,1,1,4,108,306,1,1
XL_MS,1,1,4,108,349,2,2
XL_MS,1,1,3,108,297,1,1
XL_MS,1,1,2,108,156,1,1
XL_MS,1,1,6,108,350,1,1
XL_MS,1,1,3,108,316,4,4
XL_MS,1,1,1,118,226,7,7
XL_MS,1,1,1,118,204,1,1
XL_MS,1,1,1,118,194,1,1
XL_MS,1,1,4,118,345,1,1
XL_MS,1,1,6,118,264,1,1
XL_MS,1,1,4,118,156,1,1
XL_MS,1,1,1,118,226,1,1
XL_MS,1,1,2,118,284,1,1
XL_MS,1,1,3,118,348,1,1
XL_MS,1,1,1,118,342,1,1
XL_MS,1,1,1,118,227,4,4
XL_MS,1,1,3,118,200,1,1
XL_MS,1,1,5,118,136,1,1
XL_MS,1,2,4,335,324,1,1
XL_MS,1,2,1,184,84,1,1
XL_MS,1,2,1,184,70,2,2
XL_MS,1,2,10,184,302,1,1
XL_MS,1,1,1,247,90,1,1
XL_MS,1,4,4,350,336,1,1
XL_MS,1,4,4,241,324,1,1
XL_MS,1,10,1,350,240,1,1
XL_MS,1,10,5,289,32,1,1
XL_MS,1,10,4,350,318,1,1
XL_MS,1,10,1,222,240,1,1
XL_MS,1,10,2,350,30,1,1
XL_MS,1,10,4,289,279,1,1
XL_MS,1,10,2,284,210,1,1
XL_MS,1,10,2,350,347,1,1
XL_MS,1,10,2,284,341,1,1
XL_MS,1,11,4,339,273,1,1
XL_MS,1,11,1,320,213,1,1
XL_MS,1,1,4,141,350,1,1
XL_MS,1,1,10,141,296,1,1
XL_MS,1,1,3,124,306,4,5
XL_MS,1,1,2,124,274,1,1
XL_MS,1,1,4,124,193,1,1
XL_MS,1,1,6,124,338,1,1
XL_MS,1,1,1,124,145,3,3
XL_MS,1,4,2,286,335,1,1
XL_MS,1,1,1,170,215,1,1
XL_MS,1,3,1,350,161,2,3
XL_MS,1,3,1,350,268,2,2
XL_MS,1,3,1,216,333,3,3
XL_MS,1,3,1,216,108,2,2
XL_MS,1,3,2,216,249,1,1
XL_MS,1,3,1,216,256,2,2
XL_MS,1,3,3,350,350,1,1
XL_MS,1,3,1,216,214,1,1
XL_MS,1,3,4,216,164,2,2
XL_MS,1,3,2,216,265,3,3
XL_MS,1,3,2,216,172,1,1
XL_MS,1,3,1,216,255,1,1
XL_MS,1,3,1,216,338,13,17
XL_MS,1,3,2,216,222,1,2
XL_MS,1,3,1,350,213,3,4
XL_MS,1,3,2,350,306,8,12
XL_MS,1,3,1,216,346,2,2
XL_MS,1,3,2,216,278,1,1
XL_MS,1,3,2,216,331,2,2
XL_MS,1,3,7,350,188,1,1
XL_MS,1,3,4,350,350,1,1
XL_MS,1,3,5,216,350,2,5
XL_MS,1,3,2,350,308,1,1
XL_MS,1,3,2,350,291,1,1
XL_MS,1,3,3,216,71,1,1
XL_MS,1,3,5,350,331,1,1
XL_MS,1,1,1,227,216,1,1
XL_MS,1,1,1,65,222,2,2
XL_MS,1,1,3,215,321,1,1
XL_MS,1,1,1,215,327,1,1
XL_MS,1,1,3,215,30,1,1
XL_MS,1,1,1,215,75,1,1
XL_MS,1,1,3,215,226,1,1
XL_MS,1,1,3,215,123,1,1
XL_MS,1,1,2,215,162,1,1
XL_MS,1,2,3,258,30,1,1
XL_MS,1,2,1,258,207,1,1
XL_MS,1,2,9,258,104,1,1
XL_MS,1,5,5,216,277,1,1
XL_MS,1,5,3,216,350,1,1
XL_MS,1,5,1,289,149,1,1
XL_MS,1,5,4,216,335,1,1
XL_MS,1,5,5,216,302,1,1
XL_MS,1,5,2,216,231,1,1
XL_MS,1,5,3,216,238,1,1
XL_MS,1,5,2,289,266,2,2
XL_MS,1,5,7,289,350,1,1
XL_MS,1,12,1,350,215,2,2
XL_MS,1,12,4,350,335,1,1
XL_MS,1,1,3,263,350,1,1
XL_MS,1,1,3,263,134,2,2
XL_MS,1,1,2,327,318,2,2
XL_MS,1,1,4,327,343,1,1
XL_MS,1,1,6,327,292,1,1
XL_MS,1,2,6,274,309,1,1
XL_MS,1,2,2,274,290,2,4
XL_MS,1,1,1,220,306,1,1
XL_MS,1,2,4,335,276,1,1
XL_MS,1,2,3,335,293,1,1
XL_MS,1,2,4,335,340,1,1
XL_MS,1,2,2,335,276,1,1
XL_MS,1,2,1,335,145,1,1
XL_MS,1,2,4,195,350,1,1
XL_MS,1,2,3,195,310,1,1
XL_MS,1,2,5,335,269,1,1
XL_MS,1,2,8,335,350,1,1
XL_MS,1,1,1,348,339,20,20
XL_MS,1,1,1,348,215,1,1
XL_MS,1,1,2,348,302,1,1
XL_MS,1,1,2,348,343,1,1
XL_MS,1,1,2,348,263,1,1
XL_MS,1,1,2,317,345,1,1
XL_MS,1,1,1,264,113,13,13
XL_MS,1,1,3,264,350,1,1
XL_MS,1,1,3,264,306,2,2
XL_MS,1,1,1,264,116,1,1
XL_MS,1,1,2,264,347,1,1
XL_MS,1,1,1,264,169,1,1
XL_MS,1,1,1,264,175,4,4
XL_MS,1,1,1,264,144,2,2
XL_MS,1,1,1,262,165,1,1
XL_MS,1,1,2,262,348,1,1
XL_MS,1,1,1,207,304,2,2
XL_MS,1,1,1,207,247,1,1
XL_MS,1,3,1,325,253,1,1
XL_MS,1,3,1,325,137,1,1
XL_MS,1,3,5,325,311,1,1
XL_MS,1,2,1,127,301,1,1
XL_MS,1,2,1,127,328,4,5
XL_MS,1,2,2,127,220,1,1
XL_MS,1,1,8,346,226,1,1
XL_MS,1,1,2,346,286,6,6
XL_MS,1,2,1,156,206,1,1
XL_MS,1,2,1,236,197,1,1
XL_MS,1,2,2,156,103,5,5
XL_MS,1,2,11,236,301,1,1
XL_MS,1,2,3,156,350,3,3
XL_MS,1,2,6,236,306,1,1
XL_MS,1,2,3,236,234,1,1
XL_MS,1,2,3,236,327,1,1
XL_MS,1,2,1,327,106,1,1
XL_MS,1,3,3,350,265,1,1
XL_MS,1,3,3,350,324,1,1
XL_MS,1,3,3,350,348,1,1
XL_MS,1,3,11,350,350,1,1
XL_MS,1,1,5,89,235,1,1
XL_MS,1,1,7,89,297,2,2
XL_MS,1,1,6,89,203,1,1
XL_MS,1,1,2,89,344,1,1
XL_MS,1,1,4,89,310,1,1
XL_MS,1,1,2,89,301,2,2
XL_MS,1,1,3,89,322,1,1
XL_MS,1,1,3,89,291,1,1
XL_MS,1,6,2,350,186,1,1
XL_MS,1,6,6,350,350,1,1
XL_MS,1,6,2,350,322,1,1
XL_MS,1,6,1,350,136,1,1
XL_MS,1,6,1,343,156,2,2
XL_MS,1,6,2,343,344,1,1
XL_MS,1,6,5,206,323,1,1
XL_MS,1,6,6,350,350,1,1
XL_MS,1,6,6,343,163,1,1
XL_MS,1,6,4,350,321,1,1
XL_MS,1,6,4,350,321,1,1
XL_MS,1,6,4,343,245,1,1
XL_MS,1,6,6,343,30,1,1
XL_MS,1,6,4,343,313,1,2
XL_MS,1,6,1,350,110,1,1
XL_MS,1,6,3,350,31,1,1
XL_MS,1,6,3,343,327,1,1
XL_MS,1,6,3,350,141,1,1
XL_MS,1,6,2,343,337,1,1
XL_MS,1,6,1,105,125,1,2
XL_MS,1,4,2,240,331,1,1
XL_MS,1,4,1,252,118,1,1
XL_MS,1,4,1,283,83,1,1
XL_MS,1,4,6,252,350,1,1
XL_MS,1,4,1,283,350,5,6
XL_MS,1,2,4,285,206,2,2
XL_MS,1,2,1,285,182,1,1
XL_MS,1,2,1,345,298,1,1
XL_MS,1,2,4,345,350,1,1
XL_MS,1,2,2,345,286,1,1
XL_MS,1,1,3,287,299,1,1
XL_MS,1,1,5,313,252,1,1
XL_MS,1,1,1,313,145,1,1
XL_MS,1,5,5,196,296,1,1
XL_MS,1,1,1,246,178,1,1
XL_MS,1,3,6,329,350,1,1
XL_MS,1,1,1,178,256,1,1
XL_MS,1,1,5,318,252,1,1
XL_MS,1,3,2,273,205,1,1
XL_MS,1,3,1,273,183,1,1
XL_MS,1,9,5,287,293,1,1
XL_MS,1,9,2,315,318,1,1
XL_MS,1,9,2,349,288,1,1
XL_MS,1,9,4,289,108,1,1
XL_MS,1,9,1,315,199,1,1
XL_MS,1,9,2,289,342,1,1
XL_MS,1,9,3,289,336,1,1
XL_MS,1,9,4,315,185,1,1
XL_MS,1,9,1,289,250,1,1
XL_MS,1,2,8,298,338,1,1
XL_MS,1,1,4,272,336,1,1
XL_MS,1,4,3,183,293,1,1
XL_MS,1,2,1,168,243,1,1
XL_MS,1,2,8,168,321,1,1
XL_MS,1,2,5,193,261,1,1
XL_MS,1,2,2,193,229,1,1
XL_MS,1,2,4,168,165,1,1
XL_MS,1,2,6,193,317,1,2
XL_MS,1,2,1,168,249,1,1
XL_MS,1,2,2,252,217,2,2
XL_MS,1,2,2,252,208,1,1
XL_MS,1,7,10,169,328,1,1
XL_MS,1,7,4,78,350,1,1
XL_MS,1,1,9,270,346,1,1
XL_MS,1,6,3,281,234,1,1
XL_MS,1,6,5,316,312,1,1
XL_MS,1,3,5,340,280,1,1
XL_MS,1,3,3,340,324,2,2
XL_MS,1,3,2,301,126,1,1
XL_MS,1,3,1,301,298,2,2
XL_MS,1,3,1,301,264,1,1
XL_MS,1,3,1,301,135,1,1
XL_MS,1,3,1,57,105,1,1
XL_MS,1,3,3,301,317,1,1
XL_MS,1,3,6,301,210,1,1
XL_MS,1,3,2,301,122,1,1
XL_MS,1,3,3,301,302,11,12
XL_MS,1,1,5,328,328,1,1
XL_MS,1,1,10,328,131,1,1
XL_MS,1,2,3,335,330,1,1
XL_MS,1,2,6,335,73,1,1
XL_MS,1,2,6,335,267,1,1
XL_MS,1,2,3,335,33,1,1
XL_MS,1,2,5,335,350,1,1
XL_MS,1,2,4,335,320,1,1
XL_MS,1,2,5,335,143,1,1
XL_MS,1,2,2,335,299,1,1
XL_MS,1,2,3,335,334,1,1
XL_MS,1,1,2,350,321,2,2
XL_MS,1,1,4,350,288,1,1
XL_MS,1,1,6,299,350,1,1
XL_MS,1,1,3,336,339,1,1
XL_MS,1,1,3,320,253,3,4
XL_MS,1,1,1,320,325,2,2
XL_MS,1,1,4,320,330,1,1
XL_MS,1,1,2,258,342,1,1
XL_MS,1,1,4,258,290,1,1
XL_MS,1,1,2,258,311,1,1
XL_MS,1,2,1,335,289,1,1
XL_MS,1,2,4,335,350,1,1
XL_MS,1,1,1,226,321,1,1
XL_MS,1,1,2,226,276,1,1
XL_MS,1,1,2,187,335,1,1
XL_MS,1,2,5,321,232,1,1
XL_MS,1,2,1,321,265,1,1
XL_MS,1,2,1,321,145,1,1
XL_MS,1,2,1,154,219,1,1
XL_MS,1,2,5,335,338,1,1
XL_MS,1,1,6,301,331,1,1
XL_MS,1,1,3,301,271,1,1
XL_MS,1,1,3,301,333,1,1
XL_MS,1,1,3,301,283,1,1
XL_MS,1,1,1,301,70,2,2
XL_MS,1,1,1,301,64,1,1
XL_MS,1,6,3,233,201,1,1
XL_MS,1,6,3,233,93,1,1
XL_MS,1,1,4,186,350,1,1
XL_MS,1,1,3,110,260,1,1
XL_MS,1,2,5,268,201,1,1
XL_MS,1,3,2,350,305,1,1
XL_MS,1,1,1,188,217,1,1
XL_MS,1,1,4,188,350,1,1
XL_MS,1,1,2,188,347,1,1
XL_MS,1,1,3,188,248,1,1
XL_MS,1,1,2,188,325,1,1
XL_MS,1,1,3,188,236,1,1
XL_MS,1,3,3,319,343,1,1
XL_MS,1,1,3,225,297,3,3
XL_MS,1,1,2,186,316,3,3
XL_MS,1,1,1,253,316,1,1
XL_MS,1,1,4,253,334,2,2
XL_MS,1,1,1,253,210,1,1
XL_MS,1,1,2,253,256,1,1
XL_MS,1,1,4,253,315,1,1
XL_MS,1,1,2,253,286,1,1
XL_MS,1,1,3,253,331,1,1
XL_MS,1,1,4,253,120,1,1
XL_MS,1,1,5,253,161,1,1
XL_MS,1,1,4,253,272,1,1
XL_MS,1,1,2,238,199,1,1
XL_MS,1,1,4,238,350,1,1
XL_MS,1,1,5,238,323,1,1
XL_MS,1,2,2,350,228,1,1
XL_MS,1,1,5,161,173,1,1
XL_MS,1,1,1,161,68,7,7
XL_MS,1,1,2,161,313,1,1
XL_MS,1,1,3,161,350,2,2
XL_MS,1,1,1,161,333,4,4
XL_MS,1,1,3,161,339,1,1
XL_MS,1,1,1,161,108,18,18
XL_MS,1,1,1,161,256,18,18
XL_MS,1,1,3,161,350,1,1
XL_MS,1,1,3,161,313,1,1
XL_MS,1,1,2,161,265,1,1
XL_MS,1,1,4,161,335,2,3
XL_MS,1,1,1,161,255,1,1
XL_MS,1,1,2,161,306,7,7
XL_MS,1,1,4,161,350,1,1
XL_MS,1,1,1,161,328,1,1
XL_MS,1,1,4,161,350,1,1
XL_MS,1,1,1,161,314,1,1
XL_MS,1,1,3,161,300,2,2
XL_MS,1,1,3,161,238,3,3
XL_MS,1,1,1,161,145,1,1
XL_MS,1,1,8,161,282,2,2
XL_MS,1,1,1,161,198,1,1
XL_MS,1,1,2,161,328,1,1
XL_MS,1,1,1,161,199,1,1
XL_MS,1,3,3,330,98,1,1
XL_MS,1,3,2,330,205,1,1
XL_MS,1,3,4,330,350,1,1
XL_MS,1,3,1,330,288,1,1
XL_MS,1,3,2,330,339,1,1
XL_MS,1,3,4,330,313,1,1
XL_MS,1,3,5,330,325,1,1
XL_MS,1,3,4,330,350,40,46
XL_MS,1,3,9,330,300,1,1
XL_MS,1,3,3,330,304,1,1
XL_MS,1,3,8,330,310,1,1
XL_MS,1,1,9,126,349,1,1
XL_MS,1,1,1,103,91,2,2
XL_MS,1,1,1,103,280,1,1
XL_MS,1,1,2,103,213,1,2
XL_MS,1,1,1,103,94,1,1
XL_MS,1,1,1,103,58,1,1
XL_MS,1,1,1,103,69,2,2
XL_MS,1,2,1,348,306,1,1
XL_MS,1,1,1,335,167,1,1
XL_MS,1,4,3,240,260,1,1
XL_MS,1,4,1,350,293,1,1
XL_MS,1,4,3,350,295,1,1
XL_MS,1,4,4,350,169,1,1
XL_MS,1,4,2,350,281,1,1
XL_MS,1,4,6,350,58,1,1
XL_MS,1,4,2,350,347,2,2
XL_MS,1,4,2,350,324,2,2
XL_MS,1,4,1,240,348,3,3
XL_MS,1,4,3,350,343,1,1
XL_MS,1,4,4,350,315,1,1
XL_MS,1,4,3,350,265,1,1
XL_MS,1,4,3,350,258,1,1
XL_MS,1,4,3,240,174,1,1
XL_MS,1,4,8,240,324,1,1
XL_MS,1,4,1,240,253,1,1
XL_MS,1,4,1,332,320,1,1
XL_MS,1,4,5,318,267,1,1
XL_MS,1,4,5,318,323,1,1
XL_MS,1,4,2,282,302,1,1
XL_MS,1,4,8,282,271,1,1
XL_MS,1,2,2,342,279,1,1
XL_MS,1,1,1,302,339,1,1
XL_MS,1,2,3,112,196,1,1
XL_MS,1,1,3,127,273,1,1
XL_MS,1,4,6,350,344,1,1
XL_MS,1,1,2,338,207,2,2
XL_MS,1,1,1,213,231,1,1
XL_MS,1,2,1,345,115,1,1
XL_MS,1,4,1,126,97,1,1
XL_MS,1,4,1,303,148,1,1
XL_MS,1,1,4,309,350,1,1
XL_MS,1,1,2,309,334,1,1
XL_MS,1,3,1,30,166,1,1
XL_MS,1,1,4,285,279,1,1
XL_MS,1,3,1,336,291,1,1
XL_MS,1,3,1,336,115,1,1
XL_MS,1,3,4,336,164,1,1
XL_MS,1,3,4,336,350,1,1
XL_MS,1,3,2,350,116,1,1
XL_MS,1,3,3,350,329,1,1
XL_MS,1,3,2,350,337,1,1
XL_MS,1,3,4,336,350,3,3
XL_MS,1,3,2,350,164,1,1
XL_MS,1,4,4,291,211,1,1
XL_MS,1,4,1,322,145,1,2
XL_MS,1,4,5,291,318,1,1
XL_MS,1,4,6,268,270,1,1
XL_MS,1,4,4,326,341,1,1
XL_MS,1,3,2,313,325,1,1
XL_MS,1,2,1,205,302,1,1
XL_MS,1,2,1,205,260,1,1
XL_MS,1,1,1,219,90,3,3
XL_MS,1,1,2,219,350,1,1
XL_MS,1,1,1,219,199,1,1
XL_MS,1,1,4,219,350,1,1
XL_MS,1,5,1,343,272,2,2
XL_MS,1,7,1,229,213,1,1
XL_MS,1,8,6,204,98,1,1
XL_MS,1,2,1,313,225,1,1
XL_MS,1,2,6,295,350,1,1
XL_MS,1,2,1,295,203,1,1
XL_MS,1,2,1,295,106,1,1
XL_MS,1,2,1,295,181,1,1
XL_MS,1,2,1,295,145,1,1
XL_MS,1,2,1,295,238,1,1
XL_MS,1,2,2,295,272,1,1
XL_MS,1,2,3,295,349,2,2
XL_MS,1,2,14,295,350,1,1
XL_MS,1,2,4,295,222,1,1
XL_MS,1,4,2,215,262,1,1
XL_MS,1,4,1,349,149,1,1
XL_MS,1,4,1,349,149,1,1
XL_MS,1,4,1,349,149,2,3
XL_MS,1,4,1,349,149,1,1
XL_MS,1,4,2,349,243,1,1
XL_MS,1,4,5,349,215,1,1
XL_MS,1,4,3,349,291,1,1
XL_MS,1,4,5,349,295,1,1
XL_MS,1,4,5,349,310,1,1
XL_MS,1,3,1,234,206,1,1
XL_MS,1,6,3,334,344,2,2
XL_MS,1,6,7,334,185,1,1
XL_MS,1,6,4,334,273,2,3
XL_MS,1,6,1,283,274,1,1
XL_MS,1,6,6,334,265,1,1
XL_MS,1,6,3,283,260,1,1
XL_MS,1,4,4,297,350,1,1
XL_MS,1,3,4,266,350,1,1
XL_MS,1,3,9,251,347,1,1
XL_MS,1,3,3,251,131,1,1
XL_MS,1,3,2,251,314,1,1
XL_MS,1,5,1,268,212,1,1
XL_MS,1,5,4,335,253,1,1
XL_MS,1,3,1,198,191,1,1
XL_MS,1,3,3,174,225,1,1
XL_MS,1,3,2,174,158,1,1
XL_MS,1,4,4,322,332,1,2
XL_MS,1,5,4,314,298,1,1
XL_MS,1,5,2,282,160,1,1
XL_MS,1,1,3,339,350,1,1
XL_MS,1,1,4,339,350,1,1
XL_MS,1,1,2,339,286,1,1
XL_MS,1,1,10,339,238,1,1
XL_MS,1,5,1,232,221,1,1
XL_MS,1,5,1,232,149,1,1
XL_MS,1,5,1,232,214,1,1
XL_MS,1,5,1,232,156,1,1
XL_MS,1,5,1,232,217,1,1
XL_MS,1,5,1,232,246,1,1
XL_MS,1,5,10,232,322,3,4
XL_MS,1,5,2,266,215,1,1
XL_MS,1,5,3,350,178,2,2
XL_MS,1,5,4,232,308,1,1
XL_MS,1,5,7,350,278,2,2
XL_MS,1,7,4,273,334,1,1
XL_MS,1,7,1,273,95,1,1
XL_MS,1,7,1,273,210,1,1
XL_MS,1,8,4,350,333,2,2
XL_MS,1,2,3,193,334,1,1
XL_MS,1,2,1,193,306,1,1
XL_MS,1,3,1,350,194,2,2
XL_MS,1,3,1,350,203,1,1
XL_MS,1,3,1,331,288,1,1
XL_MS,1,3,10,342,346,1,1
XL_MS,1,3,10,342,348,1,1
XL_MS,1,3,6,342,324,1,1
XL_MS,1,3,2,342,327,1,1
XL_MS,1,3,9,342,137,1,1
XL_MS,1,3,3,123,329,1,1
XL_MS,1,3,6,342,343,1,1
XL_MS,1,3,3,181,274,1,1
XL_MS,1,3,6,247,313,1,1
XL_MS,1,4,1,328,213,1,1
XL_MS,1,4,3,31,334,1,1
XL_MS,1,7,2,299,298,1,1
XL_MS,1,7,3,299,318,1,1
XL_MS,1,4,1,292,194,1,1
XL_MS,1,5,5,350,350,8,10
XL_MS,1,5,1,30,260,1,1
XL_MS,1,5,5,350,215,3,4
XL_MS,1,5,5,252,193,1,1
XL_MS,1,5,4,252,326,1,1
XL_MS,1,5,5,252,350,1,1
XL_MS,1,5,2,30,272,5,7
XL_MS,1,5,5,252,297,1,1
XL_MS,1,6,1,204,115,1,1
XL_MS,1,6,1,59,152,1,1
XL_MS,1,6,1,321,86,1,1
XL_MS,1,6,5,59,252,1,1
XL_MS,1,6,9,59,260,1,1
XL_MS,1,6,7,350,341,1,1
XL_MS,1,3,3,291,348,1,1
XL_MS,1,2,6,328,291,1,1
XL_MS,1,1,1,312,259,1,1
XL_MS,1,1,1,124,268,1,1
XL_MS,1,1,3,299,293,1,1
XL_MS,1,5,2,299,343,1,1
XL_MS,1,5,4,277,229,1,1
XL_MS,1,5,3,277,238,1,1
XL_MS,1,5,5,277,234,1,1
XL_MS,1,1,1,128,172,1,1
XL_MS,1,1,1,128,335,1,1
XL_MS,1,1,1,128,153,1,1
XL_MS,1,1,1,128,179,1,1
XL_MS,1,3,1,328,108,1,1
XL_MS,1,8,2,228,205,1,1
XL_MS,1,6,2,179,236,1,1
XL_MS,1,6,2,331,283,1,1
XL_MS,1,1,1,117,208,1,1
XL_MS,1,1,5,117,350,1,1
XL_MS,1,1,2,117,232,1,1
XL_MS,1,1,3,117,174,1,1
XL_MS,1,1,2,117,349,1,1
XL_MS,1,1,7,117,313,1,1
XL_MS,1,1,1,129,172,3,3
XL_MS,1,1,1,129,91,2,2
XL_MS,1,1,1,129,153,1,1
XL_MS,1,1,1,129,63,1,1
XL_MS,1,1,1,129,179,5,5
XL_MS,1,1,2,186,325,1,1
XL_MS,1,1,1,186,172,4,4
XL_MS,1,1,1,186,235,1,1
XL_MS,1,1,2,186,230,1,1
XL_MS,1,1,1,186,153,1,1
XL_MS,1,1,1,186,179,1,1
XL_MS,1,3,3,350,247,1,1
XL_MS,1,1,1,113,111,1,1
XL_MS,1,1,1,113,272,1,1
XL_MS,1,1,6,113,281,1,1
XL_MS,1,1,1,113,116,13,13
XL_MS,1,1,1,113,195,1,1
XL_MS,1,1,3,113,324,1,1
XL_MS,1,1,1,113,144,6,6
XL_MS,1,1,3,113,71,1,1
XL_MS,1,1,1,113,145,6,6
XL_MS,1,3,1,267,278,1,1
XL_MS,1,5,4,304,257,1,1
XL_MS,1,5,4,214,206,1,1
XL_MS,1,3,1,276,261,1,1
XL_MS,1,3,2,210,280,1,1
XL_MS,1,3,3,276,341,1,1
XL_MS,1,3,2,253,156,1,1
XL_MS,1,3,1,210,109,1,1
XL_MS,1,2,4,344,324,1,1
XL_MS,1,2,2,344,237,1,1
XL_MS,1,2,2,344,160,1,1
XL_MS,1,2,1,344,182,1,1
XL_MS,1,2,1,277,255,1,1
XL_MS,1,3,1,77,97,1,1
XL_MS,1,4,4,238,203,1,1
XL_MS,1,2,1,341,332,1,1
XL_MS,1,1,1,335,175,1,1
XL_MS,1,6,2,322,209,1,1
XL_MS,1,6,2,322,216,1,1
XL_MS,1,6,1,236,260,1,1
XL_MS,1,4,6,350,313,1,1
XL_MS,1,2,4,282,341,1,1
XL_MS,1,2,3,247,281,2,4
XL_MS,1,2,4,247,333,1,1
XL_MS,1,3,3,183,350,1,1
XL_MS,1,5,3,325,293,1,1
XL_MS,1,3,1,286,245,1,1
XL_MS,1,1,2,243,30,1,1
XL_MS,1,1,4,243,42,1,1
XL_MS,1,1,2,243,321,1,1
XL_MS,1,1,7,243,112,1,1
XL_MS,1,1,8,243,317,1,1
XL_MS,1,1,1,243,249,9,9
XL_MS,1,1,3,243,290,1,1
XL_MS,1,1,1,119,172,3,3
XL_MS,1,1,6,119,219,1,1
XL_MS,1,2,1,325,347,1,1
XL_MS,1,2,1,325,225,1,1
XL_MS,1,2,1,325,128,1,1
XL_MS,1,2,1,325,116,4,4
XL_MS,1,2,2,325,347,1,1
XL_MS,1,2,1,325,170,1,1
XL_MS,1,2,5,325,107,1,1
XL_MS,1,2,1,325,153,9,9
XL_MS,1,3,1,317,298,1,1
XL_MS,1,5,1,267,261,1,1
XL_MS,1,5,3,267,261,1,1
XL_MS,1,5,6,267,187,1,1
XL_MS,1,5,1,235,145,1,1
XL_MS,1,5,1,294,142,1,1
XL_MS,1,5,2,267,346,1,1
XL_MS,1,5,1,294,145,1,1
XL_MS,1,5,1,235,92,1,1
XL_MS,1,5,1,348,95,1,1
XL_MS,1,5,2,235,248,1,1
XL_MS,1,5,1,294,208,1,1
XL_MS,1,5,1,159,245,1,1
XL_MS,1,5,1,348,288,1,1
XL_MS,1,5,1,159,308,1,1
XL_MS,1,5,8,267,264,1,1
XL_MS,1,5,4,235,321,1,1
XL_MS,1,5,6,159,30,1,1
XL_MS,1,5,2,267,336,1,1
XL_MS,1,5,4,294,312,1,1
XL_MS,1,5,3,294,259,1,1
XL_MS,1,5,5,348,321,7,24
XL_MS,1,5,5,159,331,1,1
XL_MS,1,5,6,235,350,1,1
XL_MS,1,2,3,342,324,1,1
XL_MS,1,1,10,231,350,1,1
XL_MS,1,6,1,350,213,1,1
XL_MS,1,1,1,198,173,2,2
XL_MS,1,1,4,198,326,1,1
XL_MS,1,2,1,256,288,1,1
XL_MS,1,8,2,345,246,1,1
XL_MS,1,11,1,350,90,1,1
XL_MS,1,11,1,350,219,1,1
XL_MS,1,11,2,334,315,1,1
XL_MS,1,11,2,350,303,2,2
XL_MS,1,11,1,66,118,1,1
XL_MS,1,11,2,66,161,1,1
XL_MS,1,11,5,334,245,1,1
XL_MS,1,11,4,334,235,1,1
XL_MS,1,11,2,350,302,1,1
XL_MS,1,11,3,66,245,1,1
XL_MS,1,1,1,338,221,1,1
XL_MS,1,3,2,259,262,1,1
XL_MS,1,1,2,261,233,1,1
XL_MS,1,1,3,288,215,1,1
XL_MS,1,1,1,288,263,1,1
XL_MS,1,3,2,289,271,1,1
XL_MS,1,5,5,335,267,1,1
XL_MS,1,4,1,350,182,1,1
XL_MS,1,4,8,350,341,1,1
XL_MS,1,4,7,350,310,1,1
XL_MS,1,1,5,260,307,2,2
XL_MS,1,1,1,260,154,2,2
XL_MS,1,1,3,260,225,1,1
XL_MS,1,1,4,260,30,1,1
XL_MS,1,1,12,260,350,1,1
XL_MS,1,1,1,260,180,1,1
XL_MS,1,6,2,199,349,2,2
XL_MS,1,6,2,295,281,1,1
XL_MS,1,2,2,286,191,3,3
XL_MS,1,2,2,306,298,1,1
XL_MS,1,2,2,306,306,1,1
XL_MS,1,2,1,306,259,1,1
XL_MS,1,2,1,306,331,1,1
XL_MS,1,2,2,306,82,1,1
XL_MS,1,1,4,160,324,1,1
XL_MS,1,1,1,160,293,1,1
XL_MS,1,1,4,160,268,1,1
XL_MS,1,1,5,160,318,1,1
XL_MS,1,1,3,160,207,1,1
XL_MS,1,1,1,127,91,1,1
XL_MS,1,1,1,127,338,1,1
XL_MS,1,1,2,127,306,1,1
XL_MS,1,1,2,127,213,1,2
XL_MS,1,4,1,301,44,1,1
XL_MS,1,4,10,140,338,1,1
XL_MS,1,4,10,140,303,2,2
XL_MS,1,4,6,314,319,1,1
XL_MS,1,4,4,93,188,1,1
XL_MS,1,4,7,314,345,1,1
XL_MS,1,4,1,140,153,1,1
XL_MS,1,4,3,314,338,1,1
XL_MS,1,8,1,348,248,1,1
XL_MS,1,8,1,294,247,1,1
XL_MS,1,8,1,294,246,1,1
XL_MS,1,8,1,318,331,1,1
XL_MS,1,1,1,227,123,1,1
XL_MS,1,6,5,323,264,1,1
XL_MS,1,6,1,207,239,1,1
XL_MS,1,6,3,207,337,1,1
XL_MS,1,4,1,321,305,1,1
XL_MS,1,1,1,118,226,3,3
XL_MS,1,1,6,118,264,1,1
XL_MS,1,1,2,118,326,1,1
XL_MS,1,1,1,118,227,4,4
XL_MS,1,1,2,118,328,1,1
XL_MS,1,1,2,118,333,1,1
XL_MS,1,1,2,118,135,1,1
XL_MS,1,3,1,196,154,1,1
XL_MS,1,2,3,308,337,2,2
XL_MS,1,2,2,243,322,5,6
XL_MS,1,2,2,243,339,2,2
XL_MS,1,2,2,308,234,40,90
XL_MS,1,2,2,308,207,3,4
XL_MS,1,2,2,308,334,7,8
XL_MS,1,2,2,308,220,2,4
XL_MS,1,2,3,243,242,2,2
XL_MS,1,2,3,308,341,1,1
XL_MS,1,2,3,308,338,2,2
XL_MS,1,2,3,308,349,1,2
XL_MS,1,2,2,243,337,3,3
XL_MS,1,2,2,308,215,3,4
XL_MS,1,2,2,243,342,3,3
XL_MS,1,2,3,308,326,2,2
XL_MS,1,2,7,308,252,1,1
XL_MS,1,2,2,243,286,1,1
XL_MS,1,2,2,243,291,1,1
XL_MS,1,2,2,243,303,2,2
XL_MS,1,2,2,243,323,1,1
XL_MS,1,2,2,243,292,1,1
XL_MS,1,2,2,308,285,2,2
XL_MS,1,2,2,308,324,4,7
XL_MS,1,2,3,308,263,1,1
XL_MS,1,3,2,322,239,1,1
XL_MS,1,1,3,299,340,1,1
XL_MS,1,5,4,173,341,1,1
XL_MS,1,5,1,193,249,1,1
XL_MS,1,1,1,219,219,1,1
XL_MS,1,1,1,219,215,1,1
XL_MS,1,2,2,293,350,1,1
XL_MS,1,2,5,264,347,1,1
XL_MS,1,3,2,103,326,1,1
XL_MS,1,3,1,346,306,1,1
XL_MS,1,3,3,266,302,3,6
XL_MS,1,3,2,266,254,2,2
XL_MS,1,3,3,266,271,2,2
XL_MS,1,3,3,309,177,1,1
XL_MS,1,3,4,309,350,5,5
XL_MS,1,3,4,264,256,1,1
XL_MS,1,2,3,349,204,6,14
XL_MS,1,2,2,203,203,1,1
XL_MS,1,5,1,30,260,1,1
XL_MS,1,5,2,350,209,1,1
XL_MS,1,5,1,236,216,1,1
XL_MS,1,5,5,350,215,3,3
XL_MS,1,5,5,350,215,1,2
XL_MS,1,5,4,341,326,3,3
XL_MS,1,5,2,30,212,2,4
XL_MS,1,5,5,341,297,1,1
XL_MS,1,5,3,350,331,1,1
XL_MS,1,5,2,350,308,1,1
XL_MS,1,5,2,236,343,1,1
XL_MS,1,3,3,313,350,1,1
XL_MS,1,3,1,313,216,1,1
XL_MS,1,3,12,313,304,1,1
XL_MS,1,2,1,263,283,1,1
XL_MS,1,2,4,263,314,1,1
XL_MS,1,2,1,263,138,1,1
XL_MS,1,3,1,350,339,1,1
XL_MS,1,3,2,350,179,1,1
XL_MS,1,1,1,211,184,1,1
XL_MS,1,1,9,211,311,1,1
XL_MS,1,1,4,211,30,1,1
XL_MS,1,2,2,332,300,1,1
XL_MS,1,4,6,302,124,1,1
XL_MS,1,4,4,302,211,1,1
XL_MS,1,4,2,302,311,1,1
XL_MS,1,4,1,302,307,1,1
XL_MS,1,4,6,302,330,1,1
XL_MS,1,2,10,329,302,1,1
XL_MS,1,1,4,349,253,1,1
XL_MS,1,3,2,278,223,1,1
XL_MS,1,3,1,121,86,1,2
XL_MS,1,3,5,278,237,1,1
XL_MS,1,3,1,278,172,2,2
XL_MS,1,3,3,121,201,1,1
XL_MS,1,3,1,278,239,4,4
XL_MS,1,3,5,121,350,1,1
XL_MS,1,3,4,214,350,1,1
XL_MS,1,3,7,278,112,1,1
XL_MS,1,3,1,278,268,1,1
XL_MS,1,3,2,121,292,1,1
XL_MS,1,3,3,278,296,1,1
XL_MS,1,3,6,278,292,1,1
XL_MS,1,3,3,278,332,1,1
XL_MS,1,3,4,278,268,1,1
XL_MS,1,7,1,346,339,1,1
XL_MS,1,7,1,127,207,2,2
XL_MS,1,7,1,127,280,1,1
XL_MS,1,2,2,259,206,1,1
XL_MS,1,2,4,259,342,1,1
XL_MS,1,1,3,294,348,1,1
XL_MS,1,1,4,264,248,1,1
XL_MS,1,2,1,126,98,1,1
XL_MS,1,2,5,126,178,1,1
XL_MS,1,2,3,126,308,1,1
XL_MS,1,2,2,126,350,1,1
XL_MS,1,1,3,172,323,1,1
XL_MS,1,1,1,172,306,1,1
XL_MS,1,1,2,172,326,1,1
XL_MS,1,1,3,172,37,1,1
XL_MS,1,2,2,193,171,1,1
XL_MS,1,3,10,315,322,1,1
XL_MS,1,2,3,75,325,1,1
XL_MS,1,1,4,243,337,1,1
XL_MS,1,1,2,251,298,1,1
XL_MS,1,1,2,251,306,1,1
XL_MS,1,1,1,251,331,1,1
XL_MS,1,1,2,251,82,1,1
XL_MS,1,3,2,331,338,1,1
XL_MS,1,2,4,336,302,1,1
XL_MS,1,2,4,221,331,1,1
XL_MS,1,1,9,291,329,1,1
XL_MS,1,1,3,291,267,1,1
XL_MS,1,1,2,291,267,1,1
XL_MS,1,1,1,291,331,2,2
XL_MS,1,3,1,293,203,1,1
XL_MS,1,3,1,293,102,1,1
XL_MS,1,1,4,144,187,1,1
XL_MS,1,1,1,172,91,1,1
XL_MS,1,1,1,172,105,1,1
XL_MS,1,1,1,188,226,2,2
XL_MS,1,2,6,216,325,1,1
XL_MS,1,2,2,305,344,2,2
XL_MS,1,2,4,164,83,1,1
XL_MS,1,2,1,164,306,1,1
XL_MS,1,6,1,282,156,1,1
XL_MS,1,6,1,238,70,2,2
XL_MS,1,6,2,238,179,1,1
XL_MS,1,2,1,350,111,1,1
XL_MS,1,1,1,332,334,23,23
XL_MS,1,1,8,332,94,1,1
XL_MS,1,1,2,332,205,1,1
XL_MS,1,1,4,332,229,1,1
XL_MS,1,1,1,332,334,1,1
XL_MS,1,1,1,332,195,1,1
XL_MS,1,1,1,332,317,1,1
XL_MS,1,1,9,332,350,1,1
XL_MS,1,1,1,332,199,1,1
XL_MS,1,1,1,332,254,1,1
XL_MS,1,1,1,332,332,2,2
XL_MS,1,1,3,332,309,1,1
XL_MS,1,1,4,332,267,1,1
XL_MS,1,1,3,332,293,1,1
XL_MS,1,1,6,332,327,1,1
XL_MS,1,1,3,332,333,1,1
XL_MS,1,1,5,332,336,1,1
XL_MS,1,1,2,332,296,1,1
XL_MS,1,3,3,350,350,1,1
XL_MS,1,4,4,350,350,4,7
XL_MS,1,4,4,350,319,1,1
XL_MS,1,1,5,187,296,1,1
XL_MS,1,1,5,301,182,1,1
XL_MS,1,1,1,301,194,1,1
XL_MS,1,1,5,301,350,1,1
XL_MS,1,1,7,301,196,1,1
XL_MS,1,1,1,301,226,1,1
XL_MS,1,1,4,301,264,1,1
XL_MS,1,1,3,301,276,1,1
XL_MS,1,2,1,191,228,1,1
XL_MS,1,2,1,331,69,1,1
XL_MS,1,2,3,191,275,1,1
XL_MS,1,1,2,154,297,1,1
XL_MS,1,1,5,154,334,1,1
XL_MS,1,1,4,154,342,1,1
XL_MS,1,1,3,154,350,1,1
XL_MS,1,11,1,345,176,1,1
XL_MS,1,1,1,218,225,1,1
XL_MS,1,3,2,350,200,1,1
XL_MS,1,3,3,350,131,1,1
XL_MS,1,3,3,350,350,1,1
XL_MS,1,3,1,350,333,4,5
XL_MS,1,3,1,350,108,4,5
XL_MS,1,3,2,350,329,1,1
XL_MS,1,3,2,180,249,1,1
XL_MS,1,3,1,350,79,1,1
XL_MS,1,3,1,350,256,5,6
XL_MS,1,3,3,350,350,2,2
XL_MS,1,3,3,350,306,1,1
XL_MS,1,3,4,350,350,1,1
XL_MS,1,3,4,350,350,2,5
XL_MS,1,3,2,350,175,2,4
XL_MS,1,3,4,350,350,1,1
XL_MS,1,3,2,350,107,1,1
XL_MS,1,3,1,350,346,2,2
XL_MS,1,3,1,350,102,1,1
XL_MS,1,3,2,350,331,2,3
XL_MS,1,3,5,350,350,1,1
XL_MS,1,3,2,350,325,1,1
XL_MS,1,3,1,350,140,1,1
XL_MS,1,3,3,350,265,1,1
XL_MS,1,3,1,350,145,1,1
XL_MS,1,5,1,224,247,1,1
XL_MS,1,5,1,332,255,1,1
XL_MS,1,2,1,200,248,1,1
XL_MS,1,2,2,200,172,1,1
XL_MS,1,2,2,217,296,1,1
XL_MS,1,2,6,200,58,1,1
XL_MS,1,2,9,200,250,1,1
XL_MS,1,2,1,217,69,1,1
XL_MS,1,2,1,200,119,1,1
XL_MS,1,2,1,200,185,1,1
XL_MS,1,2,2,217,216,1,1
XL_MS,1,2,1,200,134,1,1
XL_MS,1,2,8,217,327,1,1
XL_MS,1,2,6,200,312,1,1
XL_MS,1,2,3,200,276,1,1
XL_MS,1,2,7,200,294,1,1
XL_MS,1,2,1,200,213,1,1
XL_MS,1,2,4,200,30,1,1
XL_MS,1,2,2,200,309,1,1
XL_MS,1,2,6,200,293,1,1
XL_MS,1,2,2,200,290,1,1
XL_MS,1,2,7,200,311,1,1
XL_MS,1,1,3,194,317,1,1
XL_MS,1,1,1,194,334,1,1
XL_MS,1,1,1,194,246,1,1
XL_MS,1,1,1,194,115,1,1
XL_MS,1,1,4,194,279,1,1
XL_MS,1,2,1,291,306,1,1
XL_MS,1,1,1,260,160,1,1
XL_MS,1,2,2,175,224,1,1
XL_MS,1,3,10,339,347,1,1
XL_MS,1,6,1,343,298,1,1
XL_MS,1,6,2,338,349,1,1
XL_MS,1,4,2,331,303,1,1
XL_MS,1,2,3,320,35,1,1
XL_MS,1,1,6,154,98,1,1
XL_MS,1,1,3,175,281,1,1
XL_MS,1,3,2,337,322,3,3
XL_MS,1,3,2,337,322,3,3
XL_MS,1,3,2,337,334,3,3
XL_MS,1,3,2,337,220,1,1
XL_MS,1,3,3,337,340,1,1
XL_MS,1,3,2,337,206,1,1
XL_MS,1,3,2,337,337,2,2
XL_MS,1,3,2,337,215,1,1
XL_MS,1,3,2,337,342,3,3
XL_MS,1,3,3,337,326,1,1
XL_MS,1,3,2,337,286,1,1
XL_MS,1,3,2,337,323,1,1
XL_MS,1,3,6,337,350,1,1
XL_MS,1,3,3,337,120,1,1
XL_MS,1,3,2,337,324,3,3
XL_MS,1,2,2,322,322,1,1
XL_MS,1,2,2,322,294,1,1
XL_MS,1,2,2,322,334,10,10
XL_MS,1,2,2,322,220,5,6
XL_MS,1,2,3,322,340,3,3
XL_MS,1,2,3,322,242,1,1
XL_MS,1,2,3,322,343,3,3
XL_MS,1,2,3,322,341,1,1
XL_MS,1,2,2,322,263,5,7
XL_MS,1,2,2,322,206,5,5
XL_MS,1,2,3,322,338,3,3
XL_MS,1,2,3,322,349,1,1
XL_MS,1,2,2,322,337,1,1
XL_MS,1,2,2,322,215,5,5
XL_MS,1,2,2,322,322,1,1
XL_MS,1,2,3,322,326,4,4
XL_MS,1,2,7,322,252,1,1
XL_MS,1,2,2,322,286,1,1
XL_MS,1,2,2,322,245,1,1
XL_MS,1,2,2,322,291,1,1
XL_MS,1,2,2,322,301,1,1
XL_MS,1,2,2,322,323,1,1
XL_MS,1,2,2,322,292,1,1
XL_MS,1,2,2,322,285,3,3
XL_MS,1,2,2,322,324,5,5
XL_MS,1,2,3,322,263,1,1
XL_MS,1,4,1,350,346,1,1
XL_MS,1,4,4,350,350,20,30
XL_MS,1,4,5,350,350,1,1
XL_MS,1,4,4,244,254,9,11
XL_MS,1,4,3,350,282,1,1
XL_MS,1,4,7,350,252,1,1
XL_MS,1,4,7,350,333,1,1
XL_MS,1,4,9,350,250,1,1
XL_MS,1,4,2,350,312,1,1
XL_MS,1,4,3,350,269,1,1
XL_MS,1,4,9,350,174,1,1
XL_MS,1,4,4,350,293,1,1
XL_MS,1,4,1,350,248,1,1
XL_MS,1,4,4,350,210,1,1
XL_MS,1,4,9,350,182,1,1
XL_MS,1,4,4,350,298,1,1
XL_MS,1,4,8,350,199,1,1
XL_MS,1,4,3,244,278,1,1
XL_MS,1,12,5,345,207,1,1
XL_MS,1,12,3,327,322,1,1
XL_MS,1,12,2,346,184,1,1
XL_MS,1,1,5,304,204,1,1
XL_MS,1,1,1,304,303,1,1
XL_MS,1,1,2,304,216,1,1
XL_MS,1,1,1,304,75,2,2
XL_MS,1,1,3,304,302,1,1
XL_MS,1,1,1,304,169,1,1
XL_MS,1,1,5,304,346,1,1
XL_MS,1,1,1,304,290,1,1
XL_MS,1,1,1,304,220,1,1
XL_MS,1,1,1,304,118,2,2
XL_MS,1,1,1,304,80,3,3
XL_MS,1,1,4,304,30,1,1
XL_MS,1,1,3,304,198,1,1
XL_MS,1,1,2,304,306,1,1
XL_MS,1,1,5,304,202,1,1
XL_MS,1,1,1,304,58,1,1
XL_MS,1,1,1,304,69,4,4
XL_MS,1,1,1,304,277,3,3
XL_MS,1,1,3,304,270,2,2
XL_MS,1,1,3,304,342,1,1
XL_MS,1,1,4,304,288,1,1
XL_MS,1,1,4,304,192,1,1
XL_MS,1,1,1,304,227,1,1
XL_MS,1,1,1,304,152,1,1
XL_MS,1,2,4,312,308,2,2
XL_MS,1,5,10,321,350,1,1
XL_MS,1,1,1,245,245,1,1
XL_MS,1,2,3,283,345,1,1
XL_MS,1,2,1,321,83,1,1
XL_MS,1,2,1,321,345,1,1
XL_MS,1,2,2,321,327,1,1
XL_MS,1,2,2,288,347,1,1
XL_MS,1,2,3,321,287,1,1
XL_MS,1,5,1,264,334,1,1
XL_MS,1,5,3,264,30,1,1
XL_MS,1,5,4,350,335,1,1
XL_MS,1,5,5,264,350,1,1
XL_MS,1,5,11,350,277,1,1
XL_MS,1,5,2,350,332,1,1
XL_MS,1,5,4,350,122,1,1
XL_MS,1,5,3,350,278,1,1
XL_MS,1,5,3,264,325,1,1
XL_MS,1,5,3,350,345,1,1
XL_MS,1,5,10,350,282,1,1
XL_MS,1,5,8,350,324,1,1
XL_MS,1,3,7,342,309,1,1
XL_MS,1,3,6,328,302,1,1
XL_MS,1,1,2,68,350,1,1
XL_MS,1,1,1,68,108,3,3
XL_MS,1,1,4,68,350,2,2
XL_MS,1,1,3,68,341,2,2
XL_MS,1,1,2,68,261,2,2
XL_MS,1,3,2,246,234,1,1
XL_MS,1,3,1,349,283,1,1
XL_MS,1,5,4,350,302,1,1
XL_MS,1,4,3,274,310,1,1
XL_MS,1,4,5,350,227,1,1
XL_MS,1,4,1,274,147,1,1
XL_MS,1,4,5,350,313,1,1
XL_MS,1,4,4,350,347,1,1
XL_MS,1,4,3,350,346,1,1
XL_MS,1,3,3,140,309,1,1
XL_MS,1,2,4,244,206,1,1
XL_MS,1,2,3,333,350,1,1
XL_MS,1,2,2,333,333,11,11
XL_MS,1,2,3,333,350,1,1
XL_MS,1,2,2,333,132,1,1
XL_MS,1,2,5,333,185,2,2
XL_MS,1,2,1,333,165,1,1
XL_MS,1,2,1,333,253,1,1
XL_MS,1,2,3,333,293,1,1
XL_MS,1,2,4,333,267,1,1
XL_MS,1,2,1,333,249,1,1
XL_MS,1,2,1,333,119,1,1
XL_MS,1,2,3,333,72,1,1
XL_MS,1,2,2,333,324,1,1
XL_MS,1,2,3,333,215,1,1
XL_MS,1,2,2,333,249,1,1
XL_MS,1,2,2,333,243,1,1
XL_MS,1,2,3,333,30,1,1
XL_MS,1,2,2,333,320,1,1
XL_MS,1,2,5,333,341,1,1
XL_MS,1,1,3,98,44,1,1
XL_MS,1,1,3,98,313,1,1
XL_MS,1,1,8,98,322,1,1
XL_MS,1,1,3,98,294,2,2
XL_MS,1,1,1,98,285,1,1
XL_MS,1,1,2,98,278,1,1
XL_MS,1,1,3,211,321,1,1
XL_MS,1,1,5,211,251,1,1
XL_MS,1,1,4,222,235,1,1
XL_MS,1,3,2,350,298,1,1
XL_MS,1,1,1,161,303,1,1
XL_MS,1,2,2,322,294,1,1
XL_MS,1,2,2,322,334,10,10
XL_MS,1,2,2,322,220,5,5
XL_MS,1,2,3,322,340,3,3
XL_MS,1,2,3,322,343,3,3
XL_MS,1,2,3,322,341,1,1
XL_MS,1,2,2,322,263,5,6
XL_MS,1,2,3,322,338,3,3
XL_MS,1,2,3,322,349,1,1
XL_MS,1,2,2,322,215,5,5
XL_MS,1,2,3,322,326,4,4
XL_MS,1,2,7,322,252,1,1
XL_MS,1,2,2,322,245,1,1
XL_MS,1,2,2,322,285,3,3
XL_MS,1,2,2,322,324,4,4
XL_MS,1,2,3,322,263,1,1
XL_MS,1,2,2,339,294,1,1
XL_MS,1,2,2,339,334,2,2
XL_MS,1,2,2,339,220,2,2
XL_MS,1,2,2,339,263,2,2
XL_MS,1,2,2,339,206,2,2
XL_MS,1,2,2,339,215,2,2
XL_MS,1,2,3,339,326,1,1
XL_MS,1,2,2,339,245,1,1
XL_MS,1,3,1,67,298,1,1
XL_MS,1,3,1,67,317,1,1
XL_MS,1,3,3,67,346,3,3
XL_MS,1,3,3,67,309,1,1
XL_MS,1,3,3,67,350,1,1
XL_MS,1,3,3,67,300,1,1
XL_MS,1,3,1,67,199,1,1
XL_MS,1,3,3,346,67,2,2
XL_MS,1,3,3,67,347,2,2
XL_MS,1,1,6,335,331,2,2
XL_MS,1,1,1,335,227,1,1
XL_MS,1,1,3,335,350,1,1
XL_MS,1,1,3,335,260,1,1
XL_MS,1,1,1,335,140,1,1
XL_MS,1,1,5,335,343,1,1
XL_MS,1,1,1,335,195,1,1
XL_MS,1,1,4,335,285,1,1
XL_MS,1,1,1,335,119,1,1
XL_MS,1,1,1,335,165,1,1
XL_MS,1,1,1,335,227,2,2
XL_MS,1,1,1,335,199,1,1
XL_MS,1,1,7,335,104,1,1
XL_MS,1,1,5,335,335,1,1
XL_MS,1,1,3,335,278,1,1
XL_MS,1,1,9,335,141,1,1
XL_MS,1,1,4,335,340,1,1
XL_MS,1,1,2,335,186,1,1
XL_MS,1,1,5,335,343,1,1
XL_MS,1,1,1,335,343,1,1
XL_MS,1,1,4,335,350,1,1
XL_MS,1,1,5,335,350,1,1
XL_MS,1,1,2,335,290,1,1
XL_MS,1,2,5,334,350,1,1
XL_MS,1,2,3,340,310,1,1
XL_MS,1,1,3,268,334,1,1
XL_MS,1,1,1,61,61,1,1
XL_MS,1,3,4,144,350,1,1
XL_MS,1,3,2,217,300,1,1
XL_MS,1,3,11,217,350,1,1
XL_MS,1,3,1,144,137,1,1
XL_MS,1,3,12,217,252,1,1
XL_MS,1,3,3,246,243,1,2
XL_MS,1,3,1,217,292,2,2
XL_MS,1,3,6,144,311,1,1
XL_MS,1,3,6,217,350,1,1
XL_MS,1,3,1,144,119,2,2
XL_MS,1,3,2,144,285,1,1
XL_MS,1,3,7,144,185,1,1
XL_MS,1,3,4,144,286,1,1
XL_MS,1,3,2,217,320,1,1
XL_MS,1,3,1,144,213,1,1
XL_MS,1,3,3,144,310,1,1
XL_MS,1,3,2,144,303,1,1
XL_MS,1,3,2,144,162,2,2
XL_MS,1,3,2,144,316,2,2
XL_MS,1,3,12,144,333,1,1
XL_MS,1,3,2,144,254,1,1
XL_MS,1,3,5,144,234,1,1
XL_MS,1,3,7,144,285,1,1
XL_MS,1,3,3,246,331,1,1
XL_MS,1,3,1,247,243,1,1
XL_MS,1,3,2,271,300,1,1
XL_MS,1,3,3,247,344,1,1
XL_MS,1,3,7,247,342,1,1
XL_MS,1,3,2,247,265,1,1
XL_MS,1,3,2,247,328,1,1
XL_MS,1,2,4,324,210,1,1
XL_MS,1,2,2,324,323,5,5
XL_MS,1,2,1,324,72,1,1
XL_MS,1,5,1,256,303,4,4
XL_MS,1,5,5,150,269,6,26
XL_MS,1,5,6,150,271,1,1
XL_MS,1,5,3,150,324,2,2
XL_MS,1,5,4,204,350,1,1
XL_MS,1,5,5,268,302,2,6
XL_MS,1,5,2,204,239,2,2
XL_MS,1,5,5,268,301,1,3
XL_MS,1,5,1,268,279,2,2
XL_MS,1,5,1,204,80,1,1
XL_MS,1,5,2,204,252,1,1
XL_MS,1,5,2,204,339,1,1
XL_MS,1,5,6,204,255,1,1
XL_MS,1,5,5,268,301,1,4
XL_MS,1,5,3,150,341,1,1
XL_MS,1,5,1,204,340,1,1
XL_MS,1,5,7,150,185,1,1
XL_MS,1,5,2,204,331,1,1
XL_MS,1,5,4,150,288,1,2
XL_MS,1,5,5,150,310,1,2
XL_MS,1,5,7,302,350,1,1
XL_MS,1,5,1,302,149,1,1
XL_MS,1,1,3,303,265,1,1
XL_MS,1,1,1,303,313,1,1
XL_MS,1,1,5,303,269,7,14
XL_MS,1,1,1,303,290,1,1
XL_MS,1,1,2,303,322,1,1
XL_MS,1,1,5,303,317,1,1
XL_MS,1,4,6,247,198,1,1
XL_MS,1,4,1,322,306,1,1
XL_MS,1,3,3,267,317,1,1
XL_MS,1,3,3,267,121,2,4
XL_MS,1,3,3,350,350,2,2
XL_MS,1,3,1,267,338,1,1
XL_MS,1,3,3,267,327,1,1
XL_MS,1,3,1,350,227,1,1
XL_MS,1,4,4,68,70,1,1
XL_MS,1,4,3,68,153,1,1
XL_MS,1,4,3,68,106,1,1
XL_MS,1,1,1,100,90,3,3
XL_MS,1,1,1,100,298,1,1
XL_MS,1,1,1,100,318,1,1
XL_MS,1,1,1,100,198,1,1
XL_MS,1,1,1,100,317,1,1
XL_MS,1,1,1,100,199,2,2
XL_MS,1,1,7,100,312,1,1
XL_MS,1,1,3,100,126,1,1
XL_MS,1,1,1,100,99,1,1
XL_MS,1,1,2,100,93,1,1
XL_MS,1,1,4,100,271,1,1
XL_MS,1,1,2,100,342,2,2
XL_MS,1,1,3,100,176,1,1
XL_MS,1,1,3,100,304,1,1
XL_MS,1,1,2,100,257,1,1
XL_MS,1,1,5,100,142,1,1
XL_MS,1,1,1,100,323,1,1
XL_MS,1,3,2,321,323,1,1
XL_MS,1,1,5,298,350,1,1
XL_MS,1,1,3,298,67,1,1
XL_MS,1,1,1,298,75,3,3
XL_MS,1,1,1,298,298,32,32
XL_MS,1,1,1,298,280,1,1
XL_MS,1,1,4,298,284,1,1
XL_MS,1,1,2,298,318,1,1
XL_MS,1,1,1,298,203,1,1
XL_MS,1,1,1,298,147,1,1
XL_MS,1,1,1,298,44,1,1
XL_MS,1,1,3,298,311,1,1
XL_MS,1,1,1,298,343,1,1
XL_MS,1,1,2,298,240,2,2
XL_MS,1,1,2,298,347,2,2
XL_MS,1,1,6,298,350,1,1
XL_MS,1,1,4,298,343,1,1
XL_MS,1,1,1,298,299,1,1
XL_MS,1,1,1,298,315,2,2
XL_MS,1,1,4,298,235,1,1
XL_MS,1,1,3,298,296,1,1
XL_MS,1,1,2,298,320,1,1
XL_MS,1,1,3,298,187,1,1
XL_MS,1,1,5,298,336,1,1
XL_MS,1,3,1,321,293,1,1
XL_MS,1,3,1,321,241,1,1
XL_MS,1,3,2,297,271,1,1
XL_MS,1,3,2,201,262,3,3
XL_MS,1,3,5,265,269,1,1
XL_MS,1,3,2,265,298,1,1
XL_MS,1,2,11,262,294,1,1
XL_MS,1,2,4,320,239,1,1
XL_MS,1,1,3,315,339,3,3
XL_MS,1,1,1,315,125,1,1
XL_MS,1,1,4,315,350,1,1
XL_MS,1,1,5,315,328,1,1
XL_MS,1,1,7,315,251,1,1
XL_MS,1,1,1,90,156,3,3
XL_MS,1,1,2,90,335,1,1
XL_MS,1,1,4,90,307,1,1
XL_MS,1,1,2,90,243,2,2
XL_MS,1,1,1,90,349,1,1
XL_MS,1,1,3,90,349,5,5
XL_MS,1,1,4,90,287,1,1
XL_MS,1,1,3,90,341,2,2
XL_MS,1,1,4,90,172,1,1
XL_MS,1,1,8,90,350,1,1
XL_MS,1,1,3,90,327,1,1
XL_MS,1,1,3,90,210,1,1
XL_MS,1,1,2,90,304,1,1
XL_MS,1,1,1,90,288,1,1
XL_MS,1,1,3,90,59,1,1
XL_MS,1,1,3,90,169,1,1
XL_MS,1,1,11,90,350,1,1
XL_MS,1,1,5,90,350,1,1
XL_MS,1,1,8,90,230,1,1
XL_MS,1,1,1,114,115,1,1
XL_MS,1,1,1,114,317,3,3
XL_MS,1,1,6,114,254,1,1
XL_MS,1,1,1,114,317,2,2
XL_MS,1,1,3,114,345,1,1
XL_MS,1,1,1,115,317,2,2
XL_MS,1,1,1,115,228,1,1
XL_MS,1,1,3,115,332,1,1
XL_MS,1,1,1,115,299,1,1
XL_MS,1,1,7,115,317,1,1
XL_MS,1,1,7,115,96,1,1
XL_MS,1,1,1,115,285,1,1
XL_MS,1,1,11,115,340,1,1
XL_MS,1,1,3,115,315,1,1
XL_MS,1,1,1,115,179,1,1
XL_MS,1,1,3,115,187,1,1
XL_MS,1,1,1,317,165,2,2
XL_MS,1,1,1,317,192,1,1
XL_MS,1,1,1,317,215,3,3
XL_MS,1,1,1,317,147,1,1
XL_MS,1,1,1,317,263,2,2
XL_MS,1,1,1,317,140,1,1
XL_MS,1,1,1,317,115,1,1
XL_MS,1,1,3,317,67,1,1
XL_MS,1,1,1,317,317,1,1
XL_MS,1,1,2,317,324,1,1
XL_MS,1,2,2,180,343,1,1
XL_MS,1,2,2,228,314,1,1
XL_MS,1,2,5,180,304,1,1
XL_MS,1,2,1,228,246,1,1
XL_MS,1,2,1,180,188,2,2
XL_MS,1,2,1,180,344,1,1
XL_MS,1,2,8,180,350,1,1
XL_MS,1,2,7,180,336,1,1
XL_MS,1,2,3,180,218,1,1
XL_MS,1,2,2,228,285,1,1
XL_MS,1,2,1,228,180,1,1
XL_MS,1,2,2,180,45,1,1
XL_MS,1,2,10,180,269,1,1
XL_MS,1,2,9,228,58,1,1
XL_MS,1,4,4,297,304,3,3
XL_MS,1,4,6,348,331,1,1
XL_MS,1,4,4,297,290,2,2
XL_MS,1,4,5,348,298,1,2
XL_MS,1,4,1,83,340,1,2
XL_MS,1,4,3,70,153,1,1
XL_MS,1,4,3,70,106,1,1
XL_MS,1,4,2,297,330,1,1
XL_MS,1,4,3,83,213,1,1
XL_MS,1,4,3,297,331,1,1
XL_MS,1,4,11,83,350,1,2
XL_MS,1,4,3,297,268,1,1
XL_MS,1,4,7,297,262,1,1
XL_MS,1,3,2,317,323,2,2
XL_MS,1,3,11,317,320,4,4
XL_MS,1,3,5,330,184,2,3
XL_MS,1,3,2,330,207,20,36
XL_MS,1,3,3,35,343,2,3
XL_MS,1,3,2,330,327,13,29
XL_MS,1,3,3,330,297,1,1
XL_MS,1,3,3,35,338,2,3
XL_MS,1,3,3,330,349,4,4
XL_MS,1,3,2,330,337,9,17
XL_MS,1,3,2,330,215,9,12
XL_MS,1,3,2,330,342,9,17
XL_MS,1,3,3,330,326,2,7
XL_MS,1,3,7,35,252,1,1
XL_MS,1,3,3,330,343,1,1
XL_MS,1,3,7,330,249,1,1
XL_MS,1,3,2,330,245,2,3
XL_MS,1,3,3,330,316,1,1
XL_MS,1,3,2,330,291,4,7
XL_MS,1,3,2,330,301,3,6
XL_MS,1,3,5,330,350,1,1
XL_MS,1,3,6,330,350,2,2
XL_MS,1,3,1,330,316,1,1
XL_MS,1,3,3,35,334,1,1
XL_MS,1,3,3,330,330,1,1
XL_MS,1,2,2,249,294,3,6
XL_MS,1,2,9,249,330,1,1
XL_MS,1,2,3,249,341,1,2
XL_MS,1,2,7,249,340,1,1
XL_MS,1,2,3,234,349,6,10
XL_MS,1,2,6,249,316,1,1
XL_MS,1,2,2,249,240,1,1
XL_MS,1,2,3,249,140,2,2
XL_MS,1,2,3,234,344,1,1
XL_MS,1,2,10,249,350,1,1
XL_MS,1,2,5,234,340,1,1
XL_MS,1,2,12,234,350,3,4
XL_MS,1,2,6,249,304,3,6
XL_MS,1,2,3,249,230,1,1
XL_MS,1,2,3,234,267,1,1
XL_MS,1,2,3,249,171,1,1
XL_MS,1,2,5,234,343,1,1
XL_MS,1,1,2,261,204,1,1
XL_MS,1,7,8,350,317,1,1
XL_MS,1,6,6,335,339,1,1
XL_MS,1,6,4,322,300,1,1
XL_MS,1,4,11,350,255,1,1
XL_MS,1,4,3,136,272,1,1
XL_MS,1,4,3,288,350,1,1
XL_MS,1,4,3,125,296,1,1
XL_MS,1,1,1,111,135,1,1
XL_MS,1,1,5,111,30,1,1
XL_MS,1,1,1,111,102,1,1
XL_MS,1,1,12,111,252,2,2
XL_MS,1,1,2,111,347,1,1
XL_MS,1,1,2,111,303,1,1
XL_MS,1,1,7,111,344,1,1
XL_MS,1,1,2,111,199,1,1
XL_MS,1,1,5,111,311,1,1
XL_MS,1,1,3,111,334,1,1
XL_MS,1,1,1,111,200,1,1
XL_MS,1,1,4,111,183,1,1
XL_MS,1,1,2,111,299,1,1
XL_MS,1,1,5,111,294,1,1
XL_MS,1,1,4,111,180,1,1
XL_MS,1,1,4,111,296,1,1
XL_MS,1,1,3,111,186,1,1
XL_MS,1,1,8,111,310,1,1
XL_MS,1,1,9,111,330,1,1
XL_MS,1,1,1,297,194,1,1
XL_MS,1,1,1,297,79,1,1
XL_MS,1,2,3,179,340,1,4
XL_MS,1,2,3,350,277,1,1
XL_MS,1,2,3,179,350,1,1
XL_MS,1,2,1,179,207,2,2
XL_MS,1,2,1,350,298,19,19
XL_MS,1,2,1,350,255,3,4
XL_MS,1,2,2,350,306,8,17
XL_MS,1,2,1,179,346,1,2
XL_MS,1,2,1,350,335,2,2
XL_MS,1,2,4,179,276,1,1
XL_MS,1,2,5,350,311,1,1
XL_MS,1,2,1,179,193,1,1
XL_MS,1,2,1,179,205,1,1
XL_MS,1,2,1,350,207,1,1
XL_MS,1,2,3,179,328,1,1
XL_MS,1,2,2,179,219,3,3
XL_MS,1,2,2,179,344,1,1
XL_MS,1,2,11,350,204,2,2
XL_MS,1,2,1,179,140,1,2
XL_MS,1,2,3,179,71,1,1
XL_MS,1,3,3,202,215,1,1
XL_MS,1,1,8,90,350,1,1
XL_MS,1,2,11,308,350,1,1
XL_MS,1,2,2,349,349,1,1
XL_MS,1,2,3,349,349,1,1
XL_MS,1,3,8,30,273,1,1
XL_MS,1,3,8,350,252,1,1
XL_MS,1,3,3,30,30,1,1
XL_MS,1,3,2,30,336,1,1
XL_MS,1,3,1,350,140,1,1
XL_MS,1,3,1,350,125,1,1
XL_MS,1,3,9,30,271,1,1
XL_MS,1,3,1,350,282,1,1
XL_MS,1,3,9,350,350,1,1
XL_MS,1,3,5,350,66,1,1
XL_MS,1,3,3,350,341,1,1
XL_MS,1,3,5,30,298,1,2
XL_MS,1,3,3,350,309,1,1
XL_MS,1,3,4,350,306,2,2
XL_MS,1,3,1,350,286,1,1
XL_MS,1,3,1,30,103,1,1
XL_MS,1,3,4,30,30,1,1
XL_MS,1,3,3,30,343,1,1
XL_MS,1,5,5,350,113,1,1
XL_MS,1,3,1,350,84,1,1
XL_MS,1,3,2,308,271,1,1
XL_MS,1,3,1,308,339,2,2
XL_MS,1,3,1,308,200,1,1
XL_MS,1,3,1,350,250,1,1
XL_MS,1,3,7,308,289,2,2
XL_MS,1,3,3,308,172,2,3
XL_MS,1,3,1,308,250,1,1
XL_MS,1,1,8,294,331,1,1
XL_MS,1,1,11,294,350,1,1
XL_MS,1,1,1,294,350,26,26
XL_MS,1,1,1,294,298,1,1
XL_MS,1,1,2,294,308,1,1
XL_MS,1,1,4,294,262,6,6
XL_MS,1,1,2,294,280,1,1
XL_MS,1,1,5,294,269,1,1
XL_MS,1,1,3,294,60,1,1
XL_MS,1,1,2,294,228,1,1
XL_MS,1,1,3,294,347,1,1
XL_MS,1,1,3,294,318,1,1
XL_MS,1,1,2,294,185,1,1
XL_MS,1,1,1,294,302,1,1
XL_MS,1,1,3,294,305,1,1
XL_MS,1,1,3,294,189,1,1
XL_MS,1,1,7,294,350,1,1
XL_MS,1,1,10,294,264,1,1
XL_MS,1,1,3,294,203,1,1
XL_MS,1,1,1,294,192,1,1
XL_MS,1,1,8,294,350,2,2
XL_MS,1,1,8,285,310,1,1
XL_MS,1,1,1,285,284,10,10
XL_MS,1,1,1,285,284,13,13
XL_MS,1,1,3,285,347,1,1
XL_MS,1,1,2,285,249,1,1
XL_MS,1,1,1,285,272,1,1
XL_MS,1,1,2,285,318,1,1
XL_MS,1,1,1,285,148,1,1
XL_MS,1,1,2,285,346,1,1
XL_MS,1,1,1,285,248,19,19
XL_MS,1,1,3,285,302,1,1
XL_MS,1,1,5,285,334,1,1
XL_MS,1,1,2,285,346,3,3
XL_MS,1,1,1,285,204,1,1
XL_MS,1,5,4,350,249,1,1
XL_MS,1,3,2,335,328,1,1
XL_MS,1,1,10,87,63,1,1
XL_MS,1,1,4,87,168,1,1
XL_MS,1,1,2,334,276,1,1
XL_MS,1,1,1,334,159,1,1
XL_MS,1,1,6,334,279,1,1
XL_MS,1,1,3,334,313,1,1
XL_MS,1,1,1,334,138,1,1
XL_MS,1,1,5,334,262,1,1
XL_MS,1,1,3,334,332,1,1
XL_MS,1,1,1,334,261,1,1
XL_MS,1,1,5,334,234,1,1
XL_MS,1,2,5,294,184,17,29
XL_MS,1,2,6,294,191,1,1
XL_MS,1,2,3,294,65,1,1
XL_MS,1,2,2,294,206,1,1
XL_MS,1,2,1,294,248,1,1
XL_MS,1,2,2,294,172,1,1
XL_MS,1,2,2,294,322,1,1
XL_MS,1,2,1,294,227,1,1
XL_MS,1,2,2,294,245,6,16
XL_MS,1,2,5,249,142,1,1
XL_MS,1,2,8,294,274,1,1
XL_MS,1,5,1,323,248,1,1
XL_MS,1,5,2,184,327,1,1
XL_MS,1,5,1,323,248,1,1
XL_MS,1,5,2,350,131,1,1
XL_MS,1,5,2,323,280,1,1
XL_MS,1,5,1,184,312,1,1
XL_MS,1,5,1,323,152,1,1
XL_MS,1,5,9,323,350,1,1
XL_MS,1,5,10,350,350,1,1
XL_MS,1,5,4,323,153,1,1
XL_MS,1,5,3,184,337,1,1
XL_MS,1,5,6,323,344,1,1
XL_MS,1,5,3,350,350,1,1
XL_MS,1,5,1,323,229,1,1
XL_MS,1,5,3,323,284,1,1
XL_MS,1,5,4,323,121,2,2
XL_MS,1,5,2,323,148,1,1
XL_MS,1,5,5,350,142,2,2
XL_MS,1,5,8,259,274,1,1
XL_MS,1,3,4,335,333,2,2
XL_MS,1,3,1,196,213,1,1
XL_MS,1,2,1,237,223,1,1
XL_MS,1,2,3,271,321,1,1
XL_MS,1,2,1,237,253,1,1
XL_MS,1,2,1,237,316,1,1
XL_MS,1,2,6,237,326,1,1
XL_MS,1,2,3,271,258,3,4
XL_MS,1,2,7,237,324,1,1
XL_MS,1,2,1,271,325,1,1
XL_MS,1,2,2,271,287,1,1
XL_MS,1,2,2,237,73,1,1
XL_MS,1,2,2,271,202,2,2
XL_MS,1,2,3,271,258,1,1
XL_MS,1,2,3,237,323,1,1
XL_MS,1,2,9,237,340,1,1
XL_MS,1,2,4,237,251,1,1
XL_MS,1,2,1,237,95,1,1
XL_MS,1,2,2,271,126,1,1
XL_MS,1,1,4,194,286,1,1
XL_MS,1,1,2,194,324,1,1
XL_MS,1,1,3,194,239,1,1
XL_MS,1,1,12,194,350,1,1
XL_MS,1,1,6,194,314,1,1
XL_MS,1,1,2,194,336,1,1
XL_MS,1,1,1,194,145,1,1
XL_MS,1,1,2,194,267,1,1
XL_MS,1,1,1,194,215,1,1
XL_MS,1,1,2,194,286,1,1
XL_MS,1,1,3,194,324,1,1
XL_MS,1,1,3,194,311,1,1
XL_MS,1,1,5,194,296,1,1
XL_MS,1,1,3,194,309,1,1
XL_MS,1,1,2,194,241,1,1
XL_MS,1,1,2,194,261,1,1
XL_MS,1,1,7,194,314,1,1
XL_MS,1,1,2,194,346,1,1
XL_MS,1,1,3,194,350,1,1
XL_MS,1,1,1,194,258,1,1
XL_MS,1,1,6,99,336,1,1
XL_MS,1,2,7,69,350,1,1
XL_MS,1,1,2,339,313,1,1
XL_MS,1,1,2,339,281,1,1
XL_MS,1,1,1,339,105,1,1
XL_MS,1,1,11,339,350,1,1
XL_MS,1,1,5,339,294,1,1
XL_MS,1,1,4,339,299,1,1
XL_MS,1,1,1,339,99,2,2
XL_MS,1,1,6,339,347,1,1
XL_MS,1,1,10,339,323,1,1
XL_MS,1,1,1,339,154,1,1
XL_MS,1,1,4,339,337,1,1
XL_MS,1,1,1,339,71,1,1
XL_MS,1,1,4,339,252,1,1
XL_MS,1,1,3,339,326,1,1
XL_MS,1,1,3,339,320,1,1
XL_MS,1,1,3,339,267,1,1
XL_MS,1,1,9,339,346,1,1
XL_MS,1,1,2,339,149,1,1
XL_MS,1,1,6,339,342,1,1
XL_MS,1,3,3,334,134,1,1
XL_MS,1,3,3,346,67,4,5
XL_MS,1,3,3,67,300,1,1
XL_MS,1,3,3,346,67,3,4
XL_MS,1,3,2,346,226,1,1
XL_MS,1,1,1,260,281,1,1
XL_MS,1,1,1,260,121,1,1
XL_MS,1,2,1,254,280,1,1
XL_MS,1,2,1,349,117,1,1
XL_MS,1,1,4,140,296,1,1
XL_MS,1,1,2,140,226,1,1
XL_MS,1,1,9,140,291,1,1
XL_MS,1,1,3,140,350,1,1
XL_MS,1,1,1,140,157,1,1
XL_MS,1,1,1,140,325,1,1
XL_MS,1,1,3,140,334,1,1
XL_MS,1,1,1,140,131,1,1
XL_MS,1,1,5,140,290,1,1
XL_MS,1,6,2,288,304,1,1
XL_MS,1,6,3,288,350,3,3
XL_MS,1,6,6,288,350,1,1
XL_MS,1,6,8,288,258,1,1
XL_MS,1,6,1,288,128,1,1
XL_MS,1,6,1,288,156,1,1
XL_MS,1,6,1,288,324,1,1
XL_MS,1,6,3,288,328,1,1
XL_MS,1,6,2,278,286,1,1
XL_MS,1,6,1,278,320,1,1
XL_MS,1,6,6,226,330,1,1
XL_MS,1,6,1,288,320,1,1
XL_MS,1,6,3,278,277,1,1
XL_MS,1,6,5,288,318,1,1
XL_MS,1,6,5,288,304,1,1
XL_MS,1,6,2,288,324,1,1
XL_MS,1,6,2,288,279,1,1
XL_MS,1,6,7,226,350,1,1
XL_MS,1,6,5,226,347,1,1
XL_MS,1,6,5,324,350,1,1
XL_MS,1,6,4,288,223,1,1
XL_MS,1,6,5,226,319,1,1
XL_MS,1,6,6,288,315,2,2
XL_MS,1,6,3,177,301,1,1
XL_MS,1,6,1,295,228,1,1
XL_MS,1,4,4,278,32,1,1
XL_MS,1,4,3,278,313,1,1
XL_MS,1,4,1,304,296,2,2
XL_MS,1,4,1,278,227,1,1
XL_MS,1,4,2,350,203,1,1
XL_MS,1,4,3,278,279,1,1
XL_MS,1,4,2,350,256,1,1
XL_MS,1,4,2,304,254,1,1
XL_MS,1,4,3,350,198,1,1
XL_MS,1,4,2,278,322,2,5
XL_MS,1,4,3,350,340,1,1
XL_MS,1,4,5,350,289,1,1
XL_MS,1,4,4,304,287,2,2
XL_MS,1,4,11,350,197,2,2
XL_MS,1,4,8,350,277,1,1
XL_MS,1,4,4,350,156,1,1
XL_MS,1,4,3,278,306,1,1
XL_MS,1,4,10,350,350,1,1
XL_MS,1,4,8,350,148,1,1
XL_MS,1,4,1,278,279,1,1
XL_MS,1,4,5,278,328,1,1
XL_MS,1,4,5,304,272,1,1
XL_MS,1,4,3,304,344,1,1
XL_MS,1,1,2,306,288,2,3
XL_MS,1,1,1,306,145,5,5
XL_MS,1,1,11,306,350,5,5
XL_MS,1,1,3,306,293,1,1
XL_MS,1,1,4,306,330,1,1
XL_MS,1,1,1,306,262,1,1
XL_MS,1,1,2,306,317,3,3
XL_MS,1,1,1,306,320,1,1
XL_MS,1,1,1,306,194,1,1
XL_MS,1,1,3,306,349,1,1
XL_MS,1,1,2,306,347,1,1
XL_MS,1,1,1,306,318,1,1
XL_MS,1,1,3,306,286,1,1
XL_MS,1,1,1,306,77,1,1
XL_MS,1,1,4,306,178,1,1
XL_MS,1,1,10,306,347,1,1
XL_MS,1,1,11,306,350,1,1
XL_MS,1,1,6,306,350,1,1
XL_MS,1,1,1,91,75,1,1
XL_MS,1,1,1,91,169,1,1
XL_MS,1,1,1,91,80,1,1
XL_MS,1,1,1,91,274,1,1
XL_MS,1,1,1,91,105,4,4
XL_MS,1,1,2,91,331,3,3
XL_MS,1,1,1,91,314,1,1
XL_MS,1,1,7,91,188,1,1
XL_MS,1,1,1,91,216,1,1
XL_MS,1,1,1,91,198,1,1
XL_MS,1,1,1,91,63,2,2
XL_MS,1,1,1,91,109,1,1
XL_MS,1,8,1,310,159,1,1
XL_MS,1,8,1,265,154,1,1
XL_MS,1,2,2,284,284,1,1
XL_MS,1,2,2,284,287,1,1
XL_MS,1,1,1,284,284,5,5
XL_MS,1,1,2,284,343,1,1
XL_MS,1,1,1,284,166,1,1
XL_MS,1,1,2,284,137,1,1
XL_MS,1,1,1,284,151,1,1
XL_MS,1,1,1,284,69,1,1
XL_MS,1,1,1,284,248,5,5
XL_MS,1,3,3,131,215,1,1
XL_MS,1,3,1,131,298,1,1
XL_MS,1,3,1,340,108,1,2
XL_MS,1,3,1,131,256,1,1
XL_MS,1,3,1,340,346,1,1
XL_MS,1,3,6,340,277,1,1
XL_MS,1,3,5,131,350,1,2
XL_MS,1,3,2,131,203,1,1
XL_MS,1,3,1,131,346,1,1
XL_MS,1,6,1,161,112,1,1
XL_MS,1,2,1,323,319,1,1
XL_MS,1,2,13,350,305,1,1
XL_MS,1,2,3,350,320,1,1
XL_MS,1,2,3,350,312,1,1
XL_MS,1,2,2,323,305,1,1
XL_MS,1,2,1,350,259,1,1
XL_MS,1,1,1,193,193,3,3
XL_MS,1,1,1,193,216,1,1
XL_MS,1,1,1,193,344,1,1
XL_MS,1,5,3,30,336,1,1
XL_MS,1,5,6,333,304,1,2
XL_MS,1,5,2,310,264,1,1
XL_MS,1,5,5,333,271,1,1
XL_MS,1,5,3,310,337,1,1
XL_MS,1,5,5,30,345,1,1
XL_MS,1,5,3,333,289,1,1
XL_MS,1,5,1,331,106,2,2
XL_MS,1,5,6,310,328,1,1
XL_MS,1,4,2,328,282,1,1
XL_MS,1,4,4,106,100,3,4
XL_MS,1,4,1,294,181,1,1
XL_MS,1,4,4,106,350,1,1
XL_MS,1,4,1,350,85,1,1
XL_MS,1,4,2,324,321,1,1
XL_MS,1,4,2,324,321,2,2
XL_MS,1,4,3,235,219,1,1
XL_MS,1,4,1,324,261,1,1
XL_MS,1,4,3,324,235,1,1
XL_MS,1,4,3,230,30,1,1
XL_MS,1,4,3,324,221,1,1
XL_MS,1,4,1,235,212,2,2
XL_MS,1,4,9,235,329,1,1
XL_MS,1,4,6,235,258,2,2
XL_MS,1,4,1,235,305,2,2
XL_MS,1,4,11,230,350,1,1
XL_MS,1,4,2,230,322,2,5
XL_MS,1,4,1,235,334,6,8
XL_MS,1,4,11,235,197,3,3
XL_MS,1,4,4,324,277,1,1
XL_MS,1,4,3,324,340,1,1
XL_MS,1,4,3,324,204,2,2
XL_MS,1,4,3,235,282,1,2
XL_MS,1,4,2,235,252,1,1
XL_MS,1,4,5,324,298,1,1
XL_MS,1,4,6,324,35,2,2
XL_MS,1,3,1,264,201,1,1
XL_MS,1,3,6,264,341,1,1
XL_MS,1,3,5,331,339,1,1
XL_MS,1,3,2,331,348,1,1
XL_MS,1,1,1,313,116,1,1
XL_MS,1,1,3,313,342,2,2
XL_MS,1,1,2,313,322,1,1
XL_MS,1,3,7,91,341,1,1
XL_MS,1,5,1,335,249,1,1
XL_MS,1,3,2,325,329,1,1
XL_MS,1,3,3,325,323,1,1
XL_MS,1,3,1,325,272,1,1
XL_MS,1,3,3,325,327,1,1
XL_MS,1,3,1,325,213,1,1
XL_MS,1,3,3,35,323,1,1
XL_MS,1,1,1,325,283,1,1
XL_MS,1,1,1,325,111,3,3
XL_MS,1,1,2,325,249,1,1
XL_MS,1,1,2,325,265,1,1
XL_MS,1,1,1,325,274,1,1
XL_MS,1,1,1,225,282,2,2
XL_MS,1,1,1,225,240,1,1
XL_MS,1,1,1,225,126,3,3
XL_MS,1,1,1,225,125,1,1
XL_MS,1,1,3,225,266,1,1
XL_MS,1,1,6,225,344,1,1
XL_MS,1,1,3,195,203,1,1
XL_MS,1,1,6,195,350,1,1
XL_MS,1,2,1,223,240,2,2
XL_MS,1,2,1,223,151,1,1
XL_MS,1,2,1,223,248,1,1
XL_MS,1,2,10,223,285,1,1
XL_MS,1,2,10,223,335,1,1
XL_MS,1,2,4,223,55,1,1
XL_MS,1,2,2,223,248,1,1
XL_MS,1,1,8,254,247,1,1
XL_MS,1,6,1,348,332,1,1
XL_MS,1,2,8,186,148,1,1
XL_MS,1,2,2,207,322,3,3
XL_MS,1,2,8,259,317,3,6
XL_MS,1,2,4,259,211,1,1
XL_MS,1,2,2,207,334,1,1
XL_MS,1,2,6,207,343,1,1
XL_MS,1,2,5,259,339,1,1
XL_MS,1,2,3,259,72,3,6
XL_MS,1,2,2,207,30,1,1
XL_MS,1,2,2,207,219,1,1
XL_MS,1,2,2,207,219,1,1
XL_MS,1,2,5,259,345,1,1
XL_MS,1,2,7,207,217,1,1
XL_MS,1,2,2,207,285,1,1
XL_MS,1,2,4,207,339,1,1
XL_MS,1,2,2,207,332,1,1
XL_MS,1,2,1,207,188,1,1
XL_MS,1,2,5,259,350,1,1
XL_MS,1,3,1,323,281,1,1
XL_MS,1,1,1,135,295,3,3
XL_MS,1,1,1,135,248,1,1
XL_MS,1,1,6,135,333,1,1
XL_MS,1,1,2,135,281,3,3
XL_MS,1,1,1,135,204,1,1
XL_MS,1,1,1,135,119,1,1
XL_MS,1,1,1,135,146,2,2
XL_MS,1,1,1,135,140,1,1
XL_MS,1,1,1,135,317,1,1
XL_MS,1,1,1,135,210,1,1
XL_MS,1,1,1,135,157,1,1
XL_MS,1,1,1,135,176,1,1
XL_MS,1,1,1,135,188,1,1
XL_MS,1,1,8,135,327,1,1
XL_MS,1,1,6,135,311,1,1
XL_MS,1,1,1,135,105,1,1
XL_MS,1,2,2,334,249,5,9
XL_MS,1,2,3,334,242,5,5
XL_MS,1,2,3,334,343,2,2
XL_MS,1,2,2,334,327,10,11
XL_MS,1,2,2,334,206,4,4
XL_MS,1,2,3,334,338,2,2
XL_MS,1,2,3,334,349,1,1
XL_MS,1,2,2,334,337,7,7
XL_MS,1,2,2,334,215,4,4
XL_MS,1,2,2,334,322,7,7
XL_MS,1,2,2,334,342,8,8
XL_MS,1,2,3,334,326,2,2
XL_MS,1,2,2,334,286,3,3
XL_MS,1,2,2,334,291,2,2
XL_MS,1,2,1,334,83,1,1
XL_MS,1,2,2,334,303,6,6
XL_MS,1,2,2,334,301,2,2
XL_MS,1,2,2,334,323,3,3
XL_MS,1,2,2,334,292,2,2
XL_MS,1,2,1,334,348,1,1
XL_MS,1,2,2,334,285,2,2
XL_MS,1,2,2,334,324,8,8
XL_MS,1,2,3,220,340,1,1
XL_MS,1,2,3,220,343,1,1
XL_MS,1,2,3,249,341,1,1
XL_MS,1,2,3,220,338,1,1
XL_MS,1,2,3,249,338,1,1
XL_MS,1,2,3,249,349,1,1
XL_MS,1,2,2,220,337,2,2
XL_MS,1,2,2,220,322,2,2
XL_MS,1,2,2,220,342,3,3
XL_MS,1,2,3,220,326,3,9
XL_MS,1,2,1,220,289,1,1
XL_MS,1,2,2,220,286,1,1
XL_MS,1,2,2,220,323,1,1
XL_MS,1,2,2,220,285,1,1
XL_MS,1,2,6,220,304,1,1
XL_MS,1,2,2,249,324,4,8
XL_MS,1,2,2,323,323,1,1
XL_MS,1,2,1,323,72,2,2
XL_MS,1,1,3,320,347,1,1
XL_MS,1,1,3,320,162,1,1
XL_MS,1,3,3,340,242,2,2
XL_MS,1,3,2,340,327,3,3
XL_MS,1,3,2,340,206,1,1
XL_MS,1,3,2,340,337,2,2
XL_MS,1,3,2,340,215,1,1
XL_MS,1,3,2,340,342,3,3
XL_MS,1,3,2,340,286,1,1
XL_MS,1,3,2,340,291,1,1
XL_MS,1,3,2,340,323,1,1
XL_MS,1,3,2,340,324,3,3
XL_MS,1,1,1,295,293,1,1
XL_MS,1,1,1,295,243,1,1
XL_MS,1,1,2,295,30,1,1
XL_MS,1,1,1,295,115,1,1
XL_MS,1,1,1,295,69,1,1
XL_MS,1,1,1,295,83,5,5
XL_MS,1,1,1,295,317,1,1
XL_MS,1,1,7,295,259,1,1
XL_MS,1,1,5,295,297,1,1
XL_MS,1,1,2,295,345,1,1
XL_MS,1,2,1,258,210,1,1
XL_MS,1,10,2,321,282,1,1
XL_MS,1,10,4,321,263,1,1
XL_MS,1,1,1,348,292,2,2
XL_MS,1,1,1,282,119,1,1
XL_MS,1,1,3,282,251,1,1
XL_MS,1,1,6,282,304,1,1
XL_MS,1,1,1,282,339,1,1
XL_MS,1,1,2,282,305,1,1
XL_MS,1,1,5,282,180,1,1
XL_MS,1,1,5,282,297,1,1
XL_MS,1,1,2,255,243,1,1
XL_MS,1,2,3,290,350,2,2
XL_MS,1,2,2,144,201,1,1
XL_MS,1,2,8,144,346,1,1
XL_MS,1,2,1,290,204,1,1
XL_MS,1,2,4,144,308,1,1
XL_MS,1,2,4,144,187,1,1
XL_MS,1,2,10,144,344,1,1
XL_MS,1,2,3,246,127,1,1
XL_MS,1,1,5,144,350,1,1
XL_MS,1,1,1,144,252,1,1
XL_MS,1,1,4,144,284,1,1
XL_MS,1,1,1,144,144,1,1
XL_MS,1,1,1,159,240,1,1
XL_MS,1,1,1,159,76,1,1
XL_MS,1,1,1,159,126,2,2
XL_MS,1,1,1,107,313,1,1
XL_MS,1,1,5,135,314,1,1
XL_MS,1,1,3,135,270,1,1
XL_MS,1,1,1,215,283,1,1
XL_MS,1,1,4,215,300,4,4
XL_MS,1,1,1,215,198,1,1
XL_MS,1,1,1,215,192,1,1
XL_MS,1,1,2,215,281,1,1
XL_MS,1,1,1,215,123,1,1
XL_MS,1,1,1,215,266,1,1
XL_MS,1,1,1,215,140,1,1
XL_MS,1,1,1,215,125,2,2
XL_MS,1,1,5,215,204,2,2
XL_MS,1,1,1,215,348,1,1
XL_MS,1,1,2,215,286,1,1
XL_MS,1,1,5,215,179,1,1
XL_MS,1,1,2,215,315,1,1
XL_MS,1,1,2,215,305,1,1
XL_MS,1,1,4,215,337,1,1
XL_MS,1,1,11,215,215,2,2
XL_MS,1,1,9,215,289,2,2
XL_MS,1,1,4,215,296,1,1
XL_MS,1,1,3,215,193,1,1
XL_MS,1,1,9,215,350,1,1
XL_MS,1,1,2,215,333,1,1
XL_MS,1,1,6,215,350,1,1
XL_MS,1,1,5,215,243,3,3
XL_MS,1,1,2,180,315,1,1
XL_MS,1,2,1,323,238,2,2
XL_MS,1,2,1,323,173,1,1
XL_MS,1,2,2,323,348,1,1
XL_MS,1,2,1,323,340,1,1
XL_MS,1,2,1,323,128,1,1
XL_MS,1,2,1,323,72,3,3
XL_MS,1,2,6,323,342,1,1
XL_MS,1,1,4,303,215,1,1
XL_MS,1,1,1,303,241,1,1
XL_MS,1,1,2,303,349,1,1
XL_MS,1,1,3,303,239,1,1
XL_MS,1,1,4,284,350,1,1
XL_MS,1,1,2,284,347,1,1
XL_MS,1,1,1,284,248,6,6
XL_MS,1,1,2,284,347,1,1
XL_MS,1,1,2,284,346,1,1
XL_MS,1,1,3,284,83,1,1
XL_MS,1,1,2,284,305,1,1
XL_MS,1,1,3,248,302,1,2
XL_MS,1,1,9,248,350,8,13
XL_MS,1,1,3,248,170,1,1
XL_MS,1,1,2,248,349,1,1
XL_MS,1,1,2,248,311,1,1
XL_MS,1,1,2,248,332,1,1
XL_MS,1,1,9,229,350,5,9
XL_MS,1,1,4,229,183,1,1
XL_MS,1,1,1,319,180,1,1
XL_MS,1,2,1,205,109,1,1
XL_MS,1,2,4,205,254,1,1
XL_MS,1,2,4,205,347,1,1
XL_MS,1,1,2,288,179,1,1
XL_MS,1,2,1,313,268,1,1
XL_MS,1,2,3,313,325,4,4
XL_MS,1,2,1,313,108,1,1
XL_MS,1,2,9,196,275,1,1
XL_MS,1,2,1,313,256,1,1
XL_MS,1,2,3,313,323,2,2
XL_MS,1,2,2,313,172,6,10
XL_MS,1,2,12,313,252,2,2
XL_MS,1,2,2,313,306,1,1
XL_MS,1,2,2,313,293,2,2
XL_MS,1,2,1,196,103,4,6
XL_MS,1,2,5,313,350,2,2
XL_MS,1,2,3,196,294,1,1
XL_MS,1,2,5,313,279,1,1
XL_MS,1,2,3,196,350,1,1
XL_MS,1,2,4,196,300,1,1
XL_MS,1,2,4,313,324,2,2
XL_MS,1,2,8,196,241,1,1
XL_MS,1,2,1,196,347,1,1
XL_MS,1,2,4,196,333,1,1
XL_MS,1,2,1,269,210,1,1
XL_MS,1,2,3,205,243,1,1
XL_MS,1,2,2,205,303,1,1
XL_MS,1,2,4,205,300,1,1
XL_MS,1,2,2,269,288,2,3
XL_MS,1,2,1,205,178,1,1
XL_MS,1,2,2,269,248,2,4
XL_MS,1,2,1,205,118,1,1
XL_MS,1,2,1,205,135,1,1
XL_MS,1,2,1,205,183,1,1
XL_MS,1,2,1,269,301,1,1
XL_MS,1,2,4,205,315,1,1
XL_MS,1,2,1,205,211,1,1
XL_MS,1,2,1,205,314,8,8
XL_MS,1,2,1,269,173,1,1
XL_MS,1,2,4,269,350,1,1
XL_MS,1,2,7,205,233,1,1
XL_MS,1,2,8,269,350,1,1
XL_MS,1,2,4,205,348,1,1
XL_MS,1,2,2,205,347,1,2
XL_MS,1,2,2,205,106,2,3
XL_MS,1,1,1,255,240,1,1
XL_MS,1,1,3,255,233,2,2
XL_MS,1,1,4,255,349,1,1
XL_MS,1,1,2,255,349,2,2
XL_MS,1,1,3,255,304,1,1
XL_MS,1,1,1,255,224,1,1
XL_MS,1,1,3,255,321,1,1
XL_MS,1,1,4,255,299,1,1
XL_MS,1,1,1,75,298,1,1
XL_MS,1,1,3,75,349,1,1
XL_MS,1,1,1,75,83,2,2
XL_MS,1,1,4,75,350,5,7
XL_MS,1,1,1,75,150,5,5
XL_MS,1,1,1,75,80,1,1
XL_MS,1,1,2,75,215,1,1
XL_MS,1,1,4,75,142,1,1
XL_MS,1,1,1,75,294,1,1
XL_MS,1,1,2,75,261,1,1
XL_MS,1,1,1,75,79,1,1
XL_MS,1,1,1,75,105,8,8
XL_MS,1,1,4,75,296,1,1
XL_MS,1,1,2,75,111,1,1
XL_MS,1,1,1,75,154,2,2
XL_MS,1,1,4,75,270,1,1
XL_MS,1,1,1,75,323,1,1
XL_MS,1,1,1,75,293,1,1
XL_MS,1,1,1,75,227,2,2
XL_MS,1,1,3,75,302,1,1
XL_MS,1,1,1,75,106,1,1
XL_MS,1,1,1,323,332,1,1
XL_MS,1,2,2,284,284,1,1
XL_MS,1,9,4,350,268,1,1
XL_MS,1,5,1,259,149,1,1
XL_MS,1,5,1,154,192,1,1
XL_MS,1,5,1,252,344,1,1
XL_MS,1,5,1,207,123,1,1
XL_MS,1,5,2,207,332,1,1
XL_MS,1,5,1,252,180,1,1
XL_MS,1,5,2,244,251,1,1
XL_MS,1,5,3,154,119,1,1
XL_MS,1,5,2,244,343,1,1
XL_MS,1,5,4,252,59,1,1
XL_MS,1,5,4,252,151,1,1
XL_MS,1,5,13,207,350,1,1
XL_MS,1,5,3,207,339,2,2
XL_MS,1,5,1,207,103,1,1
XL_MS,1,5,1,154,254,1,1
XL_MS,1,5,2,207,328,1,1
XL_MS,1,5,8,154,225,1,1
XL_MS,1,5,2,252,324,1,1
XL_MS,1,7,1,104,151,1,1
XL_MS,1,7,2,333,328,1,1
XL_MS,1,7,4,104,350,1,1
XL_MS,1,7,1,333,259,1,1
XL_MS,1,2,5,257,236,1,1
XL_MS,1,2,4,258,206,4,4
XL_MS,1,1,2,223,342,1,1
XL_MS,1,5,3,350,331,1,1
XL_MS,1,5,2,106,322,1,1
XL_MS,1,5,3,106,324,1,1
XL_MS,1,2,1,333,145,1,1
XL_MS,1,8,1,316,293,1,1
XL_MS,1,3,8,284,350,1,1
XL_MS,1,3,4,284,257,1,1
XL_MS,1,1,2,319,347,1,1
XL_MS,1,2,2,163,160,2,2
XL_MS,1,2,2,163,165,2,2
XL_MS,1,2,1,163,225,1,1
XL_MS,1,2,2,163,165,1,1
XL_MS,1,2,1,163,300,1,1
XL_MS,1,4,4,350,282,1,1
XL_MS,1,4,1,319,97,1,1
XL_MS,1,1,1,283,274,5,5
XL_MS,1,1,1,283,105,1,1
XL_MS,1,1,4,283,307,1,1
XL_MS,1,1,1,283,194,1,1
XL_MS,1,1,1,283,63,1,1
XL_MS,1,1,1,166,179,3,3
XL_MS,1,1,1,166,192,1,1
XL_MS,1,4,2,346,311,1,1
XL_MS,1,2,1,227,225,1,1
XL_MS,1,4,1,257,151,1,1
XL_MS,1,2,8,135,299,1,1
XL_MS,1,2,3,282,279,1,1
XL_MS,1,2,3,88,334,1,1
XL_MS,1,2,5,335,298,1,1
XL_MS,1,3,5,341,186,1,1
XL_MS,1,3,1,341,236,1,1
XL_MS,1,3,4,331,350,2,2
XL_MS,1,3,1,331,226,1,1
XL_MS,1,5,4,344,344,2,2
XL_MS,1,5,2,344,347,2,2
XL_MS,1,5,2,344,346,2,2
XL_MS,1,5,2,344,347,2,2
XL_MS,1,5,4,344,223,1,1
XL_MS,1,5,2,344,346,2,2
XL_MS,1,5,5,344,343,1,1
XL_MS,1,5,2,344,345,2,2
XL_MS,1,4,2,344,345,4,4
XL_MS,1,4,2,344,347,2,2
XL_MS,1,4,2,344,344,2,2
XL_MS,1,4,2,344,346,2,2
XL_MS,1,4,2,344,347,2,2
XL_MS,1,4,2,344,347,2,2
XL_MS,1,4,2,344,346,1,1
XL_MS,1,4,5,344,343,1,1
XL_MS,1,4,2,344,345,2,2
XL_MS,1,4,10,350,350,1,1
XL_MS,1,4,7,350,265,1,1
XL_MS,1,4,4,350,350,1,1
XL_MS,1,2,3,68,340,1,1
XL_MS,1,1,3,229,302,8,8
XL_MS,1,1,3,229,301,1,1
XL_MS,1,1,1,229,243,1,1
XL_MS,1,1,3,229,300,1,1
XL_MS,1,1,1,229,200,2,2
XL_MS,1,1,1,229,156,8,8
XL_MS,1,1,1,229,197,1,1
XL_MS,1,3,1,302,200,1,1
XL_MS,1,3,1,302,151,1,1
XL_MS,1,3,1,302,125,1,1
XL_MS,1,3,1,302,128,8,8
XL_MS,1,3,2,302,30,1,1
XL_MS,1,1,1,140,140,2,2
XL_MS,1,1,1,140,188,1,1
XL_MS,1,1,1,140,188,1,1
XL_MS,1,8,8,295,291,2,2
XL_MS,1,8,8,295,147,2,3
XL_MS,1,8,8,295,158,2,3
XL_MS,1,8,1,300,201,1,1
XL_MS,1,8,1,300,317,1,1
XL_MS,1,8,8,291,147,2,3
XL_MS,1,8,8,291,158,2,3
XL_MS,1,2,2,160,165,2,2
XL_MS,1,2,2,160,165,1,1
XL_MS,1,2,2,165,165,1,1
XL_MS,1,2,1,165,300,1,1
XL_MS,1,1,1,61,58,1,1
XL_MS,1,1,3,117,330,1,1
XL_MS,1,1,1,292,290,12,12
XL_MS,1,1,1,292,301,1,1
XL_MS,1,2,1,333,213,1,1
XL_MS,1,2,3,333,299,1,1
XL_MS,1,1,2,293,209,1,1
XL_MS,1,1,1,293,145,1,1
XL_MS,1,1,1,293,211,2,2
XL_MS,1,1,1,293,291,9,9
XL_MS,1,1,3,293,340,1,1
XL_MS,1,1,9,293,328,1,1
XL_MS,1,1,1,293,283,1,1
XL_MS,1,3,8,215,277,1,1
XL_MS,1,3,3,125,321,1,1
XL_MS,1,3,10,215,177,1,1
XL_MS,1,3,2,301,323,1,1
XL_MS,1,3,3,301,324,1,1
XL_MS,1,3,12,125,350,1,1
XL_MS,1,3,2,301,336,2,3
XL_MS,1,3,1,125,264,1,1
XL_MS,1,3,1,301,154,1,1
XL_MS,1,3,9,301,350,1,1
XL_MS,1,3,9,301,329,1,1
XL_MS,1,3,3,301,318,1,1
XL_MS,1,3,4,301,350,1,1
XL_MS,1,3,5,215,268,1,2
XL_MS,1,3,6,301,144,1,1
XL_MS,1,3,2,125,178,1,1
XL_MS,1,3,1,125,350,1,1
XL_MS,1,3,6,125,176,1,1
XL_MS,1,3,1,301,116,1,1
XL_MS,1,3,3,125,327,1,1
XL_MS,1,3,3,215,234,2,3
XL_MS,1,3,3,124,198,1,1
XL_MS,1,3,2,302,342,3,4
XL_MS,1,3,3,302,302,5,11
XL_MS,1,3,3,302,271,5,8
XL_MS,1,3,1,302,201,1,1
XL_MS,1,3,2,215,336,2,2
XL_MS,1,3,4,302,319,1,1
XL_MS,1,3,2,215,276,1,1
XL_MS,1,3,4,124,335,1,1
XL_MS,1,3,3,124,284,1,1
XL_MS,1,3,1,215,309,1,1
XL_MS,1,3,9,124,287,1,1
XL_MS,1,3,1,302,347,1,1
XL_MS,1,3,1,215,137,1,1
XL_MS,1,3,2,215,298,2,2
XL_MS,1,3,3,302,309,5,7
XL_MS,1,3,3,302,108,1,1
XL_MS,1,3,2,215,329,1,1
XL_MS,1,3,2,302,280,1,1
XL_MS,1,1,3,164,320,1,1
XL_MS,1,1,1,308,293,1,1
XL_MS,1,1,1,308,335,1,1
XL_MS,1,1,1,149,149,2,2
XL_MS,1,1,1,149,149,2,2
XL_MS,1,1,1,149,149,2,2
XL_MS,1,1,6,149,200,1,2
XL_MS,1,1,6,149,197,2,2
XL_MS,1,1,1,149,332,2,2
XL_MS,1,1,1,149,204,1,1
XL_MS,1,1,1,149,245,1,1
XL_MS,1,1,6,149,302,1,2
XL_MS,1,1,2,149,319,5,10
XL_MS,1,1,1,149,321,1,1
XL_MS,1,1,4,149,227,1,1
XL_MS,1,1,2,149,331,1,1
XL_MS,1,1,1,149,78,1,1
XL_MS,1,1,1,149,298,1,1
XL_MS,1,1,6,149,283,1,1
XL_MS,1,1,2,149,312,26,34
XL_MS,1,3,3,309,311,1,1
XL_MS,1,3,3,309,309,2,2
XL_MS,1,1,1,268,298,1,1
XL_MS,1,1,2,268,306,1,1
XL_MS,1,1,1,268,279,1,1
XL_MS,1,1,1,268,102,1,1
XL_MS,1,1,5,268,350,1,2
XL_MS,1,8,1,350,298,1,1
XL_MS,1,3,1,330,255,1,1
XL_MS,1,3,3,210,350,1,1
XL_MS,1,4,1,328,249,1,1
XL_MS,1,2,8,292,118,1,1
XL_MS,1,1,5,219,279,1,1
XL_MS,1,1,1,219,214,1,1
XL_MS,1,1,2,219,311,4,4
XL_MS,1,1,3,219,214,1,1
XL_MS,1,1,1,219,183,4,4
XL_MS,1,1,1,219,178,2,2
XL_MS,1,1,1,219,158,1,1
XL_MS,1,1,1,219,223,1,1
XL_MS,1,1,1,219,227,2,2
XL_MS,1,1,4,219,322,1,1
XL_MS,1,1,8,219,350,1,1
XL_MS,1,1,4,219,174,1,1
XL_MS,1,1,7,219,350,1,1
XL_MS,1,1,6,219,219,1,1
XL_MS,1,1,3,219,300,1,1
XL_MS,1,3,2,325,329,1,1
XL_MS,1,3,7,240,310,1,1
XL_MS,1,3,8,240,288,2,3
XL_MS,1,3,2,240,267,1,1
XL_MS,1,7,4,310,350,1,1
XL_MS,1,7,2,316,321,6,7
XL_MS,1,7,1,308,205,1,1
XL_MS,1,7,5,316,305,1,1
XL_MS,1,7,1,308,230,1,1
XL_MS,1,2,5,286,312,1,1
XL_MS,1,1,1,129,150,1,1
XL_MS,1,1,6,129,321,1,1
XL_MS,1,1,1,129,79,1,1
XL_MS,1,1,10,129,350,1,1
XL_MS,1,1,1,129,314,1,1
XL_MS,1,1,5,129,350,1,1
XL_MS,1,1,1,129,106,2,2
XL_MS,1,1,6,155,327,1,1
XL_MS,1,3,6,167,266,1,1
XL_MS,1,3,5,281,182,1,1
XL_MS,1,3,1,281,246,1,2
XL_MS,1,3,1,167,191,1,1
XL_MS,1,3,1,281,282,1,1
XL_MS,1,3,3,167,307,1,1
XL_MS,1,3,2,281,317,1,1
XL_MS,1,3,5,281,296,1,1
XL_MS,1,3,4,281,156,1,1
XL_MS,1,2,2,291,293,2,2
XL_MS,1,1,1,304,194,1,1
XL_MS,1,1,1,282,272,1,1
XL_MS,1,3,1,327,206,1,1
XL_MS,1,3,4,215,249,1,1
XL_MS,1,3,3,327,298,1,1
XL_MS,1,3,1,327,298,1,1
XL_MS,1,3,1,215,198,1,1
XL_MS,1,3,4,327,281,1,1
XL_MS,1,3,9,215,333,1,1
XL_MS,1,3,3,327,322,1,1
XL_MS,1,3,2,215,189,1,2
XL_MS,1,3,1,327,208,2,3
XL_MS,1,3,3,327,279,1,1
XL_MS,1,3,3,215,294,3,5
XL_MS,1,3,2,215,282,1,1
XL_MS,1,3,4,327,316,1,1
XL_MS,1,3,5,215,331,1,1
XL_MS,1,3,3,215,333,1,2
XL_MS,1,3,3,327,322,1,1
XL_MS,1,3,2,215,310,1,1
XL_MS,1,3,7,327,350,1,1
XL_MS,1,3,1,327,88,1,1
XL_MS,1,3,11,327,309,1,1
XL_MS,1,3,13,342,350,1,1
XL_MS,1,4,3,233,327,1,1
XL_MS,1,4,1,350,221,1,1
XL_MS,1,4,3,350,198,1,1
XL_MS,1,4,2,278,339,2,2
XL_MS,1,4,4,350,272,1,1
XL_MS,1,4,3,350,271,1,1
XL_MS,1,4,4,278,334,1,1
XL_MS,1,4,6,278,58,1,1
XL_MS,1,4,4,350,350,1,1
XL_MS,1,4,4,350,81,1,1
XL_MS,1,4,8,278,350,1,1
XL_MS,1,4,9,226,317,1,1
XL_MS,1,4,8,350,350,1,1
XL_MS,1,4,9,350,344,1,1
XL_MS,1,4,2,226,122,1,1
XL_MS,1,4,5,350,205,1,1
XL_MS,1,4,1,350,223,1,1
XL_MS,1,4,4,350,338,1,1
XL_MS,1,4,1,278,96,1,1
XL_MS,1,4,4,226,30,1,1
XL_MS,1,4,3,350,248,1,1
XL_MS,1,4,3,226,333,2,2
XL_MS,1,6,2,331,345,1,1
XL_MS,1,6,2,234,236,1,1
XL_MS,1,3,5,30,350,1,1
XL_MS,1,3,2,343,264,1,1
XL_MS,1,3,3,343,149,1,1
XL_MS,1,3,7,343,188,1,1
XL_MS,1,8,1,299,110,1,1
XL_MS,1,8,6,299,205,3,3
XL_MS,1,8,3,350,30,1,1
XL_MS,1,8,1,299,312,1,1
XL_MS,1,8,6,350,285,1,1
XL_MS,1,3,2,302,342,4,5
XL_MS,1,3,2,302,318,1,1
XL_MS,1,3,2,302,296,1,1
XL_MS,1,3,2,129,69,1,1
XL_MS,1,3,1,302,309,1,1
XL_MS,1,3,1,129,161,1,1
XL_MS,1,3,1,302,157,1,1
XL_MS,1,3,3,302,347,1,1
XL_MS,1,3,2,302,253,1,1
XL_MS,1,3,3,302,329,1,1
XL_MS,1,3,1,129,224,1,1
XL_MS,1,3,1,302,292,1,1
XL_MS,1,3,2,129,250,1,1
XL_MS,1,3,8,215,299,1,1
XL_MS,1,3,3,302,275,1,1
XL_MS,1,2,2,276,183,1,1
XL_MS,1,2,4,276,223,1,1
XL_MS,1,2,2,276,344,1,1
XL_MS,1,2,6,276,256,1,1
XL_MS,1,2,1,276,191,1,1
XL_MS,1,2,3,276,320,1,2
XL_MS,1,2,6,276,283,1,1
XL_MS,1,4,10,155,299,1,1
XL_MS,1,4,2,325,300,1,1
XL_MS,1,4,1,325,205,1,1
XL_MS,1,4,3,321,324,1,1
XL_MS,1,4,3,321,247,1,1
XL_MS,1,4,3,321,291,1,1
XL_MS,1,4,2,321,212,1,1
XL_MS,1,4,7,325,338,1,1
XL_MS,1,2,3,329,323,1,1
XL_MS,1,2,3,236,276,1,1
XL_MS,1,5,5,164,350,1,1
XL_MS,1,5,3,350,350,1,1
XL_MS,1,5,2,350,320,1,1
XL_MS,1,5,11,279,348,1,1
XL_MS,1,1,7,248,341,1,1
XL_MS,1,1,1,206,206,2,2
XL_MS,1,1,3,206,339,2,2
XL_MS,1,1,3,206,281,1,1
XL_MS,1,1,2,206,327,1,1
XL_MS,1,1,6,206,350,1,1
XL_MS,1,1,3,290,309,1,1
XL_MS,1,5,3,234,259,1,1
XL_MS,1,8,4,250,251,1,1
XL_MS,1,8,1,214,115,1,1
XL_MS,1,2,1,205,282,1,1
XL_MS,1,3,1,350,255,1,1
XL_MS,1,3,1,350,338,5,5
XL_MS,1,3,3,350,327,2,2
XL_MS,1,3,2,350,306,1,1
XL_MS,1,3,2,350,340,1,1
XL_MS,1,3,5,350,350,1,1
XL_MS,1,4,6,189,320,1,1
XL_MS,1,3,11,112,281,1,1
XL_MS,1,3,5,112,241,1,1
XL_MS,1,3,1,336,278,1,1
XL_MS,1,3,1,317,240,1,1
XL_MS,1,3,1,317,310,1,1
XL_MS,1,3,3,317,267,1,1
XL_MS,1,3,2,112,246,1,1
XL_MS,1,3,2,317,331,1,1
XL_MS,1,3,9,317,171,1,1
XL_MS,1,3,3,317,308,1,1
XL_MS,1,3,1,317,339,2,2
XL_MS,1,3,3,317,238,1,1
XL_MS,1,3,5,317,348,1,1
XL_MS,1,3,4,317,319,1,1
XL_MS,1,3,10,317,219,1,1
XL_MS,1,3,3,317,304,1,1
XL_MS,1,3,7,317,274,1,1
XL_MS,1,3,2,317,187,1,1
XL_MS,1,8,3,285,322,1,1
XL_MS,1,8,5,285,350,1,1
XL_MS,1,8,1,207,159,1,1
XL_MS,1,8,1,208,227,1,1
XL_MS,1,8,10,350,208,1,1
XL_MS,1,8,2,285,336,1,1
XL_MS,1,8,1,350,317,1,1
XL_MS,1,8,5,350,147,1,1
XL_MS,1,8,7,285,293,1,1
XL_MS,1,8,1,277,335,1,1
XL_MS,1,8,8,350,350,1,1
XL_MS,1,8,6,285,225,1,1
XL_MS,1,8,7,285,318,1,1
XL_MS,1,4,1,350,249,1,1
XL_MS,1,4,2,265,233,1,1
XL_MS,1,4,3,265,308,1,1
XL_MS,1,4,1,265,173,1,1
XL_MS,1,1,2,157,204,1,1
XL_MS,1,1,8,350,259,1,1
XL_MS,1,3,7,30,326,1,1
XL_MS,1,3,1,350,306,1,1
XL_MS,1,4,2,249,320,1,1
XL_MS,1,4,2,297,160,1,1
XL_MS,1,4,5,297,295,1,1
XL_MS,1,4,1,297,304,1,1
XL_MS,1,4,2,249,176,1,1
XL_MS,1,4,1,297,253,1,1
XL_MS,1,3,2,243,220,1,1
XL_MS,1,3,1,243,320,1,1
XL_MS,1,1,1,162,320,1,1
XL_MS,1,1,1,162,185,1,1
XL_MS,1,11,3,297,297,1,1
XL_MS,1,11,2,342,244,1,1
XL_MS,1,11,1,148,343,1,1
XL_MS,1,11,2,148,312,1,1
XL_MS,1,1,1,318,318,1,1
XL_MS,1,1,1,318,318,4,4
XL_MS,1,3,1,326,165,1,1
XL_MS,1,3,5,279,304,1,1
XL_MS,1,3,2,326,281,1,1
XL_MS,1,3,1,279,201,1,1
XL_MS,1,3,2,279,256,2,2
XL_MS,1,3,4,279,336,1,1
XL_MS,1,3,1,326,249,1,1
XL_MS,1,3,1,326,140,1,1
XL_MS,1,3,9,279,350,1,1
XL_MS,1,3,2,279,326,10,10
XL_MS,1,3,3,279,279,13,16
XL_MS,1,3,8,279,326,1,1
XL_MS,1,3,2,279,340,1,2
XL_MS,1,3,9,279,350,1,1
XL_MS,1,3,2,279,291,3,3
XL_MS,1,3,11,279,350,1,1
XL_MS,1,3,1,326,127,1,1
XL_MS,1,3,3,279,279,8,12
XL_MS,1,3,10,279,344,1,1
XL_MS,1,1,1,261,111,1,1
XL_MS,1,3,3,242,341,1,1
XL_MS,1,3,2,242,263,3,4
XL_MS,1,3,2,242,206,1,1
XL_MS,1,3,3,242,349,1,1
XL_MS,1,3,2,242,215,3,3
XL_MS,1,3,7,242,252,1,1
XL_MS,1,3,2,242,285,2,2
XL_MS,1,3,2,242,324,4,4
XL_MS,1,3,3,242,263,1,1
XL_MS,1,6,1,350,206,1,1
XL_MS,1,6,1,350,170,1,1
XL_MS,1,6,2,260,254,1,1
XL_MS,1,6,1,350,293,1,1
XL_MS,1,6,2,350,279,1,1
XL_MS,1,6,1,169,303,1,1
XL_MS,1,3,3,306,307,1,1
XL_MS,1,3,5,50,336,1,1
XL_MS,1,8,2,350,261,1,1
XL_MS,1,4,1,301,272,1,1
XL_MS,1,4,3,301,315,1,1
XL_MS,1,4,2,281,139,1,1
XL_MS,1,5,1,350,263,1,1
XL_MS,1,5,5,350,142,1,1
XL_MS,1,1,1,298,298,14,14
XL_MS,1,1,4,298,350,1,1
XL_MS,1,1,4,298,350,2,2
XL_MS,1,1,1,298,256,4,4
XL_MS,1,1,4,298,350,1,1
XL_MS,1,1,2,298,265,1,1
XL_MS,1,1,1,298,274,6,6
XL_MS,1,1,2,298,306,4,5
XL_MS,1,1,3,298,350,1,1
XL_MS,1,1,1,298,172,3,3
XL_MS,1,1,1,298,145,1,1
XL_MS,1,1,7,298,188,2,2
XL_MS,1,1,3,298,279,1,1
XL_MS,1,1,3,298,256,2,2
XL_MS,1,1,4,298,296,2,2
XL_MS,1,1,1,298,335,1,1
XL_MS,1,1,3,298,242,2,3
XL_MS,1,1,4,298,264,1,1
XL_MS,1,1,2,298,336,1,1
XL_MS,1,1,1,298,315,1,1
XL_MS,1,1,1,298,63,5,5
XL_MS,1,1,9,298,322,1,1
XL_MS,1,1,1,298,216,1,1
XL_MS,1,1,3,298,302,1,1
XL_MS,1,1,1,298,227,1,1
XL_MS,1,1,1,298,213,1,1
XL_MS,1,1,1,298,299,1,1
XL_MS,1,1,1,298,315,1,1
XL_MS,1,2,3,283,349,1,1
XL_MS,1,2,2,231,345,1,1
XL_MS,1,2,1,283,289,1,1
XL_MS,1,2,2,231,339,1,1
XL_MS,1,2,3,283,316,1,1
XL_MS,1,2,2,283,139,1,1
XL_MS,1,11,1,281,137,1,1
XL_MS,1,11,2,339,31,1,1
XL_MS,1,11,4,160,314,1,1
XL_MS,1,11,5,294,350,1,1
XL_MS,1,11,4,281,317,1,1
XL_MS,1,11,3,294,64,1,1
XL_MS,1,11,4,281,268,1,1
XL_MS,1,11,2,281,123,1,1
XL_MS,1,11,2,281,130,1,1
XL_MS,1,11,3,294,331,1,1
XL_MS,1,11,2,281,335,1,1
XL_MS,1,2,3,349,349,5,5
XL_MS,1,2,3,349,293,1,1
XL_MS,1,2,4,349,108,1,1
XL_MS,1,2,5,349,212,1,1
XL_MS,1,2,3,349,238,1,1
XL_MS,1,2,1,349,264,1,1
XL_MS,1,2,1,349,196,3,3
XL_MS,1,2,2,349,172,1,1
XL_MS,1,2,3,349,309,1,1
XL_MS,1,2,8,349,335,1,1
XL_MS,1,2,3,349,330,1,1
XL_MS,1,2,10,349,343,4,4
XL_MS,1,2,4,349,30,1,1
XL_MS,1,2,5,349,350,1,1
XL_MS,1,2,3,349,214,1,1
XL_MS,1,2,2,349,318,1,1
XL_MS,1,2,8,349,329,2,2
XL_MS,1,2,3,349,54,1,1
XL_MS,1,2,1,349,250,1,1
XL_MS,1,1,1,323,189,1,1
XL_MS,1,3,1,349,221,1,1
XL_MS,1,3,5,349,242,1,1
XL_MS,1,3,4,349,350,12,15
XL_MS,1,3,5,349,323,2,2
XL_MS,1,3,1,349,105,4,4
XL_MS,1,3,2,349,302,1,1
XL_MS,1,3,5,349,348,1,1
XL_MS,1,3,1,349,290,1,1
XL_MS,1,3,10,349,343,1,1
XL_MS,1,3,3,349,339,1,1
XL_MS,1,3,7,349,339,1,1
XL_MS,1,3,4,349,173,1,1
XL_MS,1,3,1,350,182,1,1
XL_MS,1,3,2,350,320,1,1
XL_MS,1,3,3,350,300,1,1
XL_MS,1,3,6,78,124,1,1
XL_MS,1,3,2,78,311,1,1
XL_MS,1,4,4,253,260,1,1
XL_MS,1,4,2,253,347,1,1
XL_MS,1,4,4,258,100,1,1
XL_MS,1,4,4,253,267,3,3
XL_MS,1,4,3,258,245,1,1
XL_MS,1,4,4,253,292,1,1
XL_MS,1,4,4,258,305,1,1
XL_MS,1,4,6,311,327,1,1
XL_MS,1,1,5,197,215,1,1
XL_MS,1,1,1,197,86,1,1
XL_MS,1,1,5,197,215,1,1
XL_MS,1,5,4,338,279,1,1
XL_MS,1,5,4,338,219,1,1
XL_MS,1,5,2,338,319,1,1
XL_MS,1,5,6,338,334,1,1
XL_MS,1,9,3,274,296,1,1
XL_MS,1,9,1,330,275,1,1
XL_MS,1,9,1,330,250,1,1
XL_MS,1,9,2,274,324,1,1
XL_MS,1,8,1,331,261,1,1
XL_MS,1,4,1,350,165,1,1
XL_MS,1,3,3,293,277,17,29
XL_MS,1,3,2,293,325,1,1
XL_MS,1,3,5,293,241,1,1
XL_MS,1,3,7,293,93,1,1
XL_MS,1,3,2,65,334,1,1
XL_MS,1,3,3,65,348,1,1
XL_MS,1,3,6,293,243,2,2
XL_MS,1,3,4,293,57,1,1
XL_MS,1,3,3,293,137,1,1
XL_MS,1,3,11,293,182,1,1
XL_MS,1,3,3,293,324,1,1
XL_MS,1,3,5,289,350,1,1
XL_MS,1,3,1,272,317,1,1
XL_MS,1,3,8,272,347,1,1
XL_MS,1,1,1,169,63,1,1
XL_MS,1,1,4,169,350,1,1
XL_MS,1,1,1,169,79,1,1
XL_MS,1,1,4,169,350,2,2
XL_MS,1,1,11,169,350,2,2
XL_MS,1,1,1,169,213,1,1
XL_MS,1,1,3,169,350,2,2
XL_MS,1,1,2,169,324,1,1
XL_MS,1,1,2,169,347,1,1
XL_MS,1,1,2,169,347,1,1
XL_MS,1,1,1,169,105,1,1
XL_MS,1,1,1,169,343,1,1
XL_MS,1,1,2,169,320,1,1
XL_MS,1,1,1,169,339,1,1
XL_MS,1,1,4,169,350,1,1
XL_MS,1,1,3,169,285,1,1
XL_MS,1,1,1,169,263,1,1
XL_MS,1,1,3,169,307,1,1
XL_MS,1,1,2,169,229,1,1
XL_MS,1,1,7,169,256,2,2
XL_MS,1,1,5,169,350,1,1
XL_MS,1,5,1,103,230,1,1
XL_MS,1,1,3,250,30,1,1
XL_MS,1,1,1,250,246,1,1
XL_MS,1,1,4,250,347,1,1
XL_MS,1,3,1,350,111,2,2
XL_MS,1,3,4,350,206,1,1
XL_MS,1,9,6,328,339,1,1
XL_MS,1,9,1,273,264,2,2
XL_MS,1,9,1,175,307,1,1
XL_MS,1,9,3,328,238,1,1
XL_MS,1,9,1,328,250,1,1
XL_MS,1,2,7,205,267,1,1
XL_MS,1,3,1,344,290,1,2
XL_MS,1,3,2,344,321,1,1
XL_MS,1,3,1,344,206,1,1
XL_MS,1,3,1,344,159,2,2
XL_MS,1,3,2,344,228,1,1
XL_MS,1,3,4,344,327,2,2
XL_MS,1,3,7,249,132,1,1
XL_MS,1,3,2,249,322,2,2
XL_MS,1,3,1,344,306,1,1
XL_MS,1,3,6,344,336,1,1
XL_MS,1,3,3,344,337,1,2
XL_MS,1,4,3,308,34,1,1
XL_MS,1,2,1,190,288,1,1
XL_MS,1,5,2,346,270,1,1
XL_MS,1,5,3,204,154,2,2
XL_MS,1,5,4,30,325,1,1
XL_MS,1,5,2,346,287,1,2
XL_MS,1,5,5,269,301,1,2
XL_MS,1,5,2,30,183,1,1
XL_MS,1,5,1,346,206,1,1
XL_MS,1,5,1,30,192,1,1
XL_MS,1,5,2,204,252,2,3
XL_MS,1,5,6,204,255,1,1
XL_MS,1,5,5,269,301,1,2
XL_MS,1,5,5,204,350,1,1
XL_MS,1,5,3,30,324,1,1
XL_MS,1,5,2,204,331,1,1
XL_MS,1,5,4,30,288,2,8
XL_MS,1,5,4,346,203,1,1
XL_MS,1,5,5,346,310,2,3
XL_MS,1,5,1,269,227,1,1
XL_MS,1,5,4,346,281,1,1
XL_MS,1,5,1,269,237,1,1
XL_MS,1,4,10,225,284,1,1
XL_MS,1,4,1,225,243,1,1
XL_MS,1,4,1,282,165,1,1
XL_MS,1,4,2,225,338,1,1
XL_MS,1,4,4,279,344,1,1
XL_MS,1,4,2,225,239,1,1
XL_MS,1,4,3,279,329,1,1
XL_MS,1,4,1,279,227,1,1
XL_MS,1,4,2,279,335,1,1
XL_MS,1,4,4,279,336,1,1
XL_MS,1,4,5,282,77,1,1
XL_MS,1,4,3,225,345,1,1
XL_MS,1,4,3,279,340,1,1
XL_MS,1,4,4,282,30,1,1
XL_MS,1,4,5,225,220,1,1
XL_MS,1,4,1,279,197,1,1
XL_MS,1,4,13,279,350,1,1
XL_MS,1,3,2,343,327,3,3
XL_MS,1,3,2,343,206,1,1
XL_MS,1,3,2,343,337,2,2
XL_MS,1,3,2,343,215,1,1
XL_MS,1,3,2,343,342,3,3
XL_MS,1,3,2,343,286,1,1
XL_MS,1,3,2,343,323,1,1
XL_MS,1,3,2,343,324,3,3
XL_MS,1,3,2,341,327,1,1
XL_MS,1,3,2,341,337,1,1
XL_MS,1,3,2,341,322,1,1
XL_MS,1,3,2,341,342,1,1
XL_MS,1,3,2,341,303,1,1
XL_MS,1,3,2,341,324,1,1
XL_MS,1,2,2,327,206,5,6
XL_MS,1,2,3,327,338,3,3
XL_MS,1,2,3,327,349,1,2
XL_MS,1,2,2,263,337,3,4
XL_MS,1,2,2,327,215,5,6
XL_MS,1,2,2,263,322,4,5
XL_MS,1,2,3,327,326,4,4
XL_MS,1,2,2,327,245,1,1
XL_MS,1,2,2,327,291,1,2
XL_MS,1,2,2,263,303,2,3
XL_MS,1,2,2,327,323,1,2
XL_MS,1,2,2,327,292,1,2
XL_MS,1,2,2,327,285,3,3
XL_MS,1,2,2,327,324,5,8
XL_MS,1,2,3,327,263,1,1
XL_MS,1,3,1,339,318,1,1
XL_MS,1,3,3,339,271,1,1
XL_MS,1,3,1,339,140,1,1
XL_MS,1,3,1,339,59,1,1
XL_MS,1,3,4,130,202,1,1
XL_MS,1,3,8,130,341,1,1
XL_MS,1,3,4,176,341,1,1
XL_MS,1,3,5,339,237,1,1
XL_MS,1,3,8,339,228,1,1
XL_MS,1,3,3,130,310,1,1
XL_MS,1,3,4,339,171,1,1
XL_MS,1,3,4,130,71,1,1
XL_MS,1,3,3,339,308,1,1
XL_MS,1,3,8,339,289,1,1
XL_MS,1,3,2,130,226,5,5
XL_MS,1,3,1,339,248,1,1
XL_MS,1,3,5,339,265,1,1
XL_MS,1,3,1,339,162,1,1
XL_MS,1,3,1,130,276,1,1
XL_MS,1,3,5,339,227,1,1
XL_MS,1,3,3,339,344,1,1
XL_MS,1,3,2,321,216,1,1
XL_MS,1,3,2,321,288,1,1
XL_MS,1,3,2,321,347,1,1
XL_MS,1,3,5,321,137,1,1
XL_MS,1,2,2,303,209,1,1
XL_MS,1,2,3,303,335,1,1
XL_MS,1,1,2,172,236,1,1
XL_MS,1,1,9,172,350,1,1
XL_MS,1,1,2,172,333,2,2
XL_MS,1,1,1,172,140,7,7
XL_MS,1,1,9,172,184,2,2
XL_MS,1,1,3,172,170,2,2
XL_MS,1,1,8,172,219,2,2
XL_MS,1,1,10,172,350,1,1
XL_MS,1,1,1,172,139,4,4
XL_MS,1,1,3,172,343,4,4
XL_MS,1,1,5,172,295,1,1
XL_MS,1,1,5,222,251,1,1
XL_MS,1,3,3,271,238,4,11
XL_MS,1,3,2,271,344,1,1
XL_MS,1,3,3,271,270,2,4
XL_MS,1,3,3,122,310,1,1
XL_MS,1,3,3,271,302,1,1
XL_MS,1,3,2,270,189,1,1
XL_MS,1,3,2,238,344,1,1
XL_MS,1,3,3,238,270,1,3
XL_MS,1,1,1,333,108,2,2
XL_MS,1,1,4,333,350,1,1
XL_MS,1,1,2,333,265,1,1
XL_MS,1,1,1,333,255,7,7
XL_MS,1,1,3,333,327,1,1
XL_MS,1,1,2,333,306,4,4
XL_MS,1,1,4,333,350,2,2
XL_MS,1,1,4,333,350,2,2
XL_MS,1,1,1,333,312,1,1
XL_MS,1,1,1,333,90,3,3
XL_MS,1,1,5,333,350,2,4
XL_MS,1,1,1,333,217,1,1
XL_MS,1,1,3,333,71,1,1
XL_MS,1,3,2,236,303,1,1
XL_MS,1,2,2,317,340,1,1
XL_MS,1,8,1,350,192,1,1
XL_MS,1,1,2,249,256,2,2
XL_MS,1,1,1,249,289,1,1
XL_MS,1,1,4,249,121,1,1
XL_MS,1,1,3,128,267,1,1
XL_MS,1,1,4,350,200,1,1
XL_MS,1,2,6,263,333,1,1
XL_MS,1,1,8,115,245,1,1
XL_MS,1,1,3,115,334,1,1
XL_MS,1,2,1,185,216,1,1
XL_MS,1,2,12,343,350,1,1
XL_MS,1,2,3,343,286,1,1
XL_MS,1,2,5,343,111,1,1
XL_MS,1,2,4,343,273,1,1
XL_MS,1,2,1,343,325,1,1
XL_MS,1,2,6,343,321,1,1
XL_MS,1,2,2,343,347,1,1
XL_MS,1,2,6,343,299,1,1
XL_MS,1,2,1,343,188,1,1
XL_MS,1,2,10,343,188,1,1
XL_MS,1,2,2,185,344,1,1
XL_MS,1,2,1,343,285,1,1
XL_MS,1,2,11,343,298,1,1
XL_MS,1,2,3,343,31,1,1
XL_MS,1,2,8,343,350,1,1
XL_MS,1,2,6,343,350,1,1
XL_MS,1,2,3,343,259,1,1
XL_MS,1,2,4,343,174,1,1
XL_MS,1,2,6,343,342,1,1
XL_MS,1,2,1,343,64,1,1
XL_MS,1,2,6,343,333,1,1
XL_MS,1,2,1,343,299,1,1
XL_MS,1,3,7,322,327,1,1
XL_MS,1,3,1,322,233,1,1
XL_MS,1,3,2,322,321,1,1
XL_MS,1,3,6,322,263,1,1
XL_MS,1,1,1,83,280,1,1
XL_MS,1,1,2,83,249,1,1
XL_MS,1,1,1,83,343,2,2
XL_MS,1,1,2,83,347,2,2
XL_MS,1,1,3,83,120,1,1
XL_MS,1,10,1,285,280,1,1
XL_MS,1,1,2,290,287,2,2
XL_MS,1,1,5,290,269,1,1
XL_MS,1,1,2,290,323,1,1
XL_MS,1,1,1,290,340,1,1
XL_MS,1,1,2,290,322,1,1
XL_MS,1,1,2,290,317,1,1
XL_MS,1,2,1,162,294,1,1
XL_MS,1,2,1,315,165,1,1
XL_MS,1,2,4,315,343,1,1
XL_MS,1,2,8,315,301,1,1
XL_MS,1,2,1,216,339,1,1
XL_MS,1,2,5,315,245,3,3
XL_MS,1,2,2,216,245,1,1
XL_MS,1,2,9,216,350,1,1
XL_MS,1,2,2,315,301,1,1
XL_MS,1,2,1,216,147,1,1
XL_MS,1,2,2,315,291,1,1
XL_MS,1,2,3,315,320,1,1
XL_MS,1,2,2,315,218,1,1
XL_MS,1,2,3,216,320,1,1
XL_MS,1,2,3,216,152,1,1
XL_MS,1,4,4,308,283,1,1
XL_MS,1,4,4,308,343,1,1
XL_MS,1,4,2,308,333,2,2
XL_MS,1,4,3,325,329,3,3
XL_MS,1,4,3,308,341,1,1
XL_MS,1,4,8,325,248,1,1
XL_MS,1,4,5,308,201,1,1
XL_MS,1,4,4,308,168,1,1
XL_MS,1,4,6,308,183,1,1
XL_MS,1,4,6,308,107,1,1
XL_MS,1,4,3,350,248,1,1
XL_MS,1,4,2,308,283,1,1
XL_MS,1,4,2,308,343,1,1
XL_MS,1,4,1,325,247,1,1
XL_MS,1,2,1,294,99,1,1
XL_MS,1,1,8,208,350,1,1
XL_MS,1,1,7,208,241,1,1
XL_MS,1,1,1,208,151,2,2
XL_MS,1,3,4,350,350,1,1
XL_MS,1,1,2,240,141,1,1
XL_MS,1,1,3,240,290,1,1
XL_MS,1,1,10,240,348,1,1
XL_MS,1,1,4,240,327,1,1
XL_MS,1,1,3,240,344,1,1
XL_MS,1,1,1,240,119,2,2
XL_MS,1,1,1,240,126,2,2
XL_MS,1,1,1,240,240,7,7
XL_MS,1,1,2,240,162,1,1
XL_MS,1,1,3,240,334,1,1
XL_MS,1,1,2,240,285,1,1
XL_MS,1,1,10,240,340,1,1
XL_MS,1,1,7,240,341,2,2
XL_MS,1,1,6,240,350,3,3
XL_MS,1,1,8,240,298,2,2
XL_MS,1,1,4,240,258,1,1
XL_MS,1,6,2,257,349,1,1
XL_MS,1,6,3,234,263,4,4
XL_MS,1,2,8,234,312,1,1
XL_MS,1,2,4,335,206,1,1
XL_MS,1,2,2,234,329,1,1
XL_MS,1,1,1,86,105,1,1
XL_MS,1,3,2,312,288,1,1
XL_MS,1,3,1,312,290,1,1
XL_MS,1,3,2,218,233,1,1
XL_MS,1,3,4,59,256,1,1
XL_MS,1,3,2,218,226,2,2
XL_MS,1,3,6,218,350,1,1
XL_MS,1,2,2,203,267,1,1
XL_MS,1,3,3,147,181,1,1
XL_MS,1,3,1,350,133,1,1
XL_MS,1,5,5,350,350,2,2
XL_MS,1,1,2,111,310,1,1
XL_MS,1,1,3,111,309,1,1
XL_MS,1,1,3,111,295,1,1
XL_MS,1,1,2,111,331,1,1
XL_MS,1,1,1,111,327,1,1
XL_MS,1,1,1,111,129,1,1
XL_MS,1,2,5,132,185,1,1
XL_MS,1,2,5,132,202,1,1
XL_MS,1,2,5,132,327,1,1
XL_MS,1,1,1,192,192,2,2
XL_MS,1,3,1,323,146,1,1
XL_MS,1,3,2,323,276,1,1
XL_MS,1,3,2,323,303,1,1
XL_MS,1,3,3,323,205,1,1
XL_MS,1,3,3,323,142,1,1
XL_MS,1,1,1,253,254,10,10
XL_MS,1,1,1,253,255,1,1
XL_MS,1,1,1,253,257,1,1
XL_MS,1,1,1,253,254,2,2
XL_MS,1,3,3,350,350,4,10
XL_MS,1,3,3,350,350,10,13
XL_MS,1,3,1,350,274,1,1
XL_MS,1,3,1,336,44,1,1
XL_MS,1,3,2,350,30,1,1
XL_MS,1,3,2,336,286,1,1
XL_MS,1,3,3,336,350,1,1
XL_MS,1,3,1,350,181,1,1
XL_MS,1,3,4,350,333,1,1
XL_MS,1,3,2,350,330,1,1
XL_MS,1,3,4,350,161,1,1
XL_MS,1,3,2,350,284,1,1
XL_MS,1,3,3,350,318,1,1
XL_MS,1,3,2,350,265,1,1
XL_MS,1,2,2,283,274,1,1
XL_MS,1,2,8,283,312,1,1
XL_MS,1,1,1,230,340,1,1
XL_MS,1,4,5,299,328,1,1
XL_MS,1,1,1,51,215,1,1
XL_MS,1,1,1,51,313,1,1
XL_MS,1,2,6,318,64,1,1
XL_MS,1,1,1,152,152,7,7
XL_MS,1,1,2,152,249,1,1
XL_MS,1,1,5,152,341,1,1
XL_MS,1,1,3,335,340,1,1
XL_MS,1,1,1,293,243,5,5
XL_MS,1,1,1,293,214,1,1
XL_MS,1,1,2,293,109,2,2
XL_MS,1,1,1,293,84,1,1
XL_MS,1,1,1,293,194,3,3
XL_MS,1,1,1,293,204,2,2
XL_MS,1,1,2,293,166,1,1
XL_MS,1,1,1,293,151,2,2
XL_MS,1,1,1,293,158,1,1
XL_MS,1,1,1,293,126,1,1
XL_MS,1,1,1,293,249,1,1
XL_MS,1,1,1,293,140,1,1
XL_MS,1,1,1,293,178,1,1
XL_MS,1,1,1,293,157,1,1
XL_MS,1,1,1,293,188,1,1
XL_MS,1,1,3,293,330,2,3
XL_MS,1,1,1,293,91,1,1
XL_MS,1,1,5,293,92,2,2
XL_MS,1,1,4,293,335,3,3
XL_MS,1,1,5,293,341,1,1
XL_MS,1,1,6,293,274,1,1
XL_MS,1,1,1,293,103,1,1
XL_MS,1,4,2,247,110,1,1
XL_MS,1,4,2,331,345,1,1
XL_MS,1,3,2,350,344,1,1
XL_MS,1,3,12,347,350,1,1
XL_MS,1,2,2,301,336,1,1
XL_MS,1,1,2,226,311,7,7
XL_MS,1,1,4,226,58,1,1
XL_MS,1,1,1,226,174,1,1
XL_MS,1,1,6,226,183,1,1
XL_MS,1,1,11,226,350,3,3
XL_MS,1,1,1,226,145,1,1
XL_MS,1,1,1,226,334,1,1
XL_MS,1,1,2,226,226,1,1
XL_MS,1,1,4,226,269,2,2
XL_MS,1,1,10,226,264,1,1
XL_MS,1,1,5,226,332,1,1
XL_MS,1,1,1,226,140,1,1
XL_MS,1,1,7,226,307,3,3
XL_MS,1,1,9,226,329,1,1
XL_MS,1,1,2,226,208,3,3
XL_MS,1,1,3,226,270,1,1
XL_MS,1,1,1,226,272,2,2
XL_MS,1,1,8,226,350,1,1
XL_MS,1,1,5,221,198,1,1
XL_MS,1,1,1,221,350,2,2
XL_MS,1,1,2,221,295,2,2
XL_MS,1,1,11,221,350,1,1
XL_MS,1,1,2,221,214,1,1
XL_MS,1,1,1,221,125,1,1
XL_MS,1,1,9,221,329,1,1
XL_MS,1,1,1,221,83,1,1
XL_MS,1,1,4,221,289,1,1
XL_MS,1,1,11,221,350,2,2
XL_MS,1,1,3,221,318,1,1
XL_MS,1,1,1,221,129,1,1
XL_MS,1,1,2,221,193,1,1
XL_MS,1,1,2,221,107,1,1
XL_MS,1,1,3,221,335,1,1
XL_MS,1,1,1,221,105,1,1
XL_MS,1,1,1,213,125,1,1
XL_MS,1,1,9,213,211,2,2
XL_MS,1,1,1,213,181,1,1
XL_MS,1,1,3,213,302,2,2
XL_MS,1,1,6,213,341,1,1
XL_MS,1,1,4,213,49,1,1
XL_MS,1,1,2,213,304,2,2
XL_MS,1,1,3,213,123,3,3
XL_MS,1,1,3,213,139,1,1
XL_MS,1,1,1,213,346,1,1
XL_MS,1,1,3,213,234,1,1
XL_MS,1,1,4,213,306,1,1
XL_MS,1,1,6,213,265,1,1
XL_MS,1,1,7,213,217,1,1
XL_MS,1,1,2,213,144,1,1
XL_MS,1,1,1,213,198,4,4
XL_MS,1,1,1,213,197,2,2
XL_MS,1,1,2,213,208,3,4
XL_MS,1,1,4,213,174,1,1
XL_MS,1,1,4,213,30,2,2
XL_MS,1,1,3,213,327,6,6
XL_MS,1,1,2,213,300,5,5
XL_MS,1,1,3,213,338,1,1
XL_MS,1,5,5,350,350,1,1
XL_MS,1,3,5,269,252,1,1
XL_MS,1,5,4,245,319,1,1
XL_MS,1,5,1,245,128,1,1
XL_MS,1,5,1,245,245,1,1
XL_MS,1,5,4,245,171,1,1
XL_MS,1,5,1,307,339,1,1
XL_MS,1,5,5,307,247,2,4
XL_MS,1,5,2,245,246,1,1
XL_MS,1,5,3,307,304,1,1
XL_MS,1,5,3,307,66,1,1
XL_MS,1,5,4,307,256,1,1
XL_MS,1,4,3,335,324,1,1
XL_MS,1,4,1,335,178,1,1
XL_MS,1,1,1,149,321,1,1
XL_MS,1,1,1,149,279,1,1
XL_MS,1,1,1,149,69,1,1
XL_MS,1,1,2,149,348,1,1
XL_MS,1,1,3,149,310,1,1
XL_MS,1,1,3,149,279,1,1
XL_MS,1,1,2,149,334,1,1
XL_MS,1,1,4,149,315,1,1
XL_MS,1,1,10,149,350,1,1
XL_MS,1,1,6,149,133,1,1
XL_MS,1,1,7,149,230,1,1
XL_MS,1,1,1,149,179,17,17
XL_MS,1,1,3,149,309,1,1
XL_MS,1,1,6,149,350,1,1
XL_MS,1,1,1,149,334,1,1
XL_MS,1,2,1,304,324,19,19
XL_MS,1,2,1,304,179,1,1
XL_MS,1,2,2,304,336,1,1
XL_MS,1,2,2,304,334,1,1
XL_MS,1,1,3,224,226,1,1
XL_MS,1,2,2,338,329,1,1
XL_MS,1,2,4,338,206,1,1
XL_MS,1,3,1,336,165,1,1
XL_MS,1,3,3,285,302,1,1
XL_MS,1,3,2,285,219,1,1
XL_MS,1,1,2,96,329,1,1
XL_MS,1,1,1,107,318,1,1
XL_MS,1,1,4,107,304,1,1
XL_MS,1,1,7,107,333,1,1
XL_MS,1,1,7,107,349,1,1
XL_MS,1,1,2,107,334,1,1
XL_MS,1,1,3,107,309,1,1
XL_MS,1,1,6,107,30,1,1
XL_MS,1,1,3,107,345,1,1
XL_MS,1,1,5,107,277,1,1
XL_MS,1,1,3,107,345,1,1
XL_MS,1,1,3,107,310,1,1
XL_MS,1,1,1,107,306,1,1
XL_MS,1,1,5,107,174,1,1
XL_MS,1,1,2,107,346,1,1
XL_MS,1,1,3,107,311,1,1
XL_MS,1,1,3,107,327,1,1
XL_MS,1,1,2,107,270,1,1
XL_MS,1,1,1,107,139,1,1
XL_MS,1,3,3,350,155,1,1
XL_MS,1,1,4,347,350,1,1
XL_MS,1,2,3,254,350,1,1
XL_MS,1,2,1,254,288,1,1
XL_MS,1,4,3,326,340,1,1
XL_MS,1,4,5,202,311,1,1
XL_MS,1,4,1,326,277,1,1
XL_MS,1,4,5,202,331,1,1
XL_MS,1,1,2,347,236,2,2
XL_MS,1,1,1,347,145,1,1
XL_MS,1,4,1,169,80,3,3
XL_MS,1,4,1,169,274,3,3
XL_MS,1,4,1,169,172,3,3
XL_MS,1,4,1,350,69,1,1
XL_MS,1,4,1,350,105,20,25
XL_MS,1,4,8,350,332,1,1
XL_MS,1,4,1,350,285,1,1
XL_MS,1,1,1,137,63,1,1
XL_MS,1,3,1,332,220,1,1
XL_MS,1,3,1,332,118,2,2
XL_MS,1,3,1,332,288,1,1
XL_MS,1,3,3,332,282,1,1
XL_MS,1,3,1,332,334,1,1
XL_MS,1,3,3,332,329,5,6
XL_MS,1,3,2,332,167,1,1
XL_MS,1,2,2,321,30,2,3
XL_MS,1,2,2,30,261,1,1
XL_MS,1,2,2,321,334,1,1
XL_MS,1,2,7,30,341,1,1
XL_MS,1,3,3,339,121,2,2
XL_MS,1,3,1,275,217,1,1
XL_MS,1,2,3,206,338,1,1
XL_MS,1,2,2,206,337,3,3
XL_MS,1,2,2,206,322,3,3
XL_MS,1,2,8,206,317,2,2
XL_MS,1,2,2,206,342,4,4
XL_MS,1,2,3,206,70,1,2
XL_MS,1,2,2,206,286,1,1
XL_MS,1,2,5,206,342,1,1
XL_MS,1,2,2,206,323,2,2
XL_MS,1,2,3,206,72,1,1
XL_MS,1,2,8,206,248,1,1
XL_MS,1,2,12,206,350,1,1
XL_MS,1,2,2,206,285,1,1
XL_MS,1,2,4,206,270,1,1
XL_MS,1,2,6,206,304,1,1
XL_MS,1,2,2,206,324,4,4
XL_MS,1,2,2,264,271,1,1
XL_MS,1,1,1,238,227,1,1
XL_MS,1,1,3,238,79,1,1
XL_MS,1,2,6,307,343,1,1
XL_MS,1,2,1,341,166,1,1
XL_MS,1,2,2,289,288,1,2
XL_MS,1,2,3,311,297,1,1
XL_MS,1,2,2,311,288,1,2
XL_MS,1,2,1,311,336,1,1
XL_MS,1,2,8,303,333,1,1
XL_MS,1,2,3,311,284,14,15
XL_MS,1,4,4,108,300,1,1
XL_MS,1,1,3,270,323,1,1
XL_MS,1,2,2,273,277,2,3
XL_MS,1,2,2,166,272,2,2
XL_MS,1,2,2,166,47,2,5
XL_MS,1,2,3,166,326,1,1
XL_MS,1,2,2,166,314,1,1
XL_MS,1,2,1,166,324,1,1
XL_MS,1,2,6,166,350,1,1
XL_MS,1,3,7,325,349,1,1
XL_MS,1,3,2,324,246,1,1
XL_MS,1,3,3,324,140,6,9
XL_MS,1,3,3,325,155,8,8
XL_MS,1,3,2,325,244,5,9
XL_MS,1,3,3,324,329,2,2
XL_MS,1,3,9,325,350,1,1
XL_MS,1,3,4,325,350,1,1
XL_MS,1,3,4,325,302,1,1
XL_MS,1,3,3,325,197,1,1
XL_MS,1,3,8,325,30,1,1
XL_MS,1,3,3,324,346,2,2
XL_MS,1,3,2,324,285,1,1
XL_MS,1,3,1,325,259,1,1
XL_MS,1,3,3,324,140,1,2
XL_MS,1,3,5,324,222,1,1
XL_MS,1,3,2,325,113,1,1
XL_MS,1,1,1,110,203,4,4
XL_MS,1,1,1,110,123,1,1
XL_MS,1,1,1,110,288,4,4
XL_MS,1,1,4,110,269,1,1
XL_MS,1,1,2,110,132,1,1
XL_MS,1,1,1,248,203,1,1
XL_MS,1,1,1,248,297,1,1
XL_MS,1,1,1,248,160,2,2
XL_MS,1,1,1,248,137,1,1
XL_MS,1,1,1,248,204,1,1
XL_MS,1,1,1,248,159,6,6
XL_MS,1,1,1,248,208,1,1
XL_MS,1,1,1,248,130,1,1
XL_MS,1,1,1,248,146,1,1
XL_MS,1,1,1,248,158,1,1
XL_MS,1,1,1,248,249,1,1
XL_MS,1,1,1,248,157,2,2
XL_MS,1,1,1,248,196,3,3
XL_MS,1,1,5,248,336,1,1
XL_MS,1,1,1,248,176,3,3
XL_MS,1,1,1,248,188,5,5
XL_MS,1,1,7,248,191,1,1
XL_MS,1,1,1,248,300,1,1
XL_MS,1,1,7,248,302,1,1
XL_MS,1,1,1,248,105,1,1
XL_MS,1,1,4,248,250,1,1
XL_MS,1,5,6,346,282,1,1
XL_MS,1,5,1,245,249,1,1
XL_MS,1,5,2,346,203,1,1
XL_MS,1,5,5,234,349,1,1
XL_MS,1,5,7,234,285,1,1
XL_MS,1,5,6,346,350,1,1
XL_MS,1,5,1,233,337,1,1
XL_MS,1,3,4,299,350,1,1
XL_MS,1,3,2,296,289,1,1
XL_MS,1,2,2,246,274,2,2
XL_MS,1,2,1,201,325,1,1
XL_MS,1,2,9,201,323,1,1
XL_MS,1,11,1,350,89,1,1
XL_MS,1,1,1,184,214,1,1
XL_MS,1,1,2,184,109,1,1
XL_MS,1,1,1,184,297,2,2
XL_MS,1,1,1,184,204,1,1
XL_MS,1,1,6,184,350,1,1
XL_MS,1,1,3,184,341,1,1
XL_MS,1,1,1,184,208,1,1
XL_MS,1,1,1,184,146,1,1
XL_MS,1,1,1,184,140,1,1
XL_MS,1,1,1,184,125,4,4
XL_MS,1,1,1,184,157,1,1
XL_MS,1,1,1,184,196,1,1
XL_MS,1,1,1,184,154,1,1
XL_MS,1,1,4,184,350,1,1
XL_MS,1,1,4,184,316,1,1
XL_MS,1,1,1,254,140,1,1
XL_MS,1,1,2,254,295,1,1
XL_MS,1,1,1,254,201,1,1
XL_MS,1,1,1,254,246,1,1
XL_MS,1,1,1,254,247,1,1
XL_MS,1,1,4,254,319,1,1
XL_MS,1,1,9,254,184,1,1
XL_MS,1,1,9,254,272,1,1
XL_MS,1,1,7,254,350,1,1
XL_MS,1,1,9,254,295,1,1
XL_MS,1,1,6,254,343,1,1
XL_MS,1,1,14,254,350,1,1
XL_MS,1,1,8,254,270,1,1
XL_MS,1,1,7,254,314,1,1
XL_MS,1,1,11,254,350,1,1
XL_MS,1,1,2,254,122,1,1
XL_MS,1,1,3,254,280,1,1
XL_MS,1,1,2,254,320,1,1
XL_MS,1,1,2,254,303,1,1
XL_MS,1,1,7,254,167,1,1
XL_MS,1,1,10,254,324,1,1
XL_MS,1,1,2,254,287,1,1
XL_MS,1,1,7,254,262,1,1
XL_MS,1,1,8,254,77,1,1
XL_MS,1,2,1,229,216,3,3
XL_MS,1,1,8,271,348,1,1
XL_MS,1,2,6,312,320,1,1
XL_MS,1,4,3,251,331,1,1
XL_MS,1,4,2,251,305,1,1
XL_MS,1,1,2,108,249,1,1
XL_MS,1,1,1,108,256,26,26
XL_MS,1,1,3,108,295,15,31
XL_MS,1,1,1,108,256,1,1
XL_MS,1,1,1,108,207,2,2
XL_MS,1,1,2,108,265,1,1
XL_MS,1,1,1,108,298,4,4
XL_MS,1,1,1,108,338,8,8
XL_MS,1,1,1,108,213,11,11
XL_MS,1,1,1,108,346,2,2
XL_MS,1,1,1,108,145,1,1
XL_MS,1,1,7,108,188,1,1
XL_MS,1,1,4,108,260,1,1
XL_MS,1,1,5,108,350,3,6
XL_MS,1,1,2,108,291,1,1
XL_MS,1,1,1,108,145,1,1
XL_MS,1,1,1,108,347,1,1
XL_MS,1,1,1,108,219,1,1
XL_MS,1,1,3,108,238,1,1
XL_MS,1,3,2,338,337,2,2
XL_MS,1,3,2,338,215,1,1
XL_MS,1,3,2,338,342,3,3
XL_MS,1,3,2,338,286,1,1
XL_MS,1,3,2,338,323,1,1
XL_MS,1,3,2,338,324,3,3
XL_MS,1,2,10,296,245,1,1
XL_MS,1,4,4,310,274,1,1
XL_MS,1,4,5,310,350,1,1
XL_MS,1,2,2,324,249,1,1
XL_MS,1,2,1,324,193,1,1
XL_MS,1,2,4,323,304,1,1
XL_MS,1,1,8,171,347,1,1
XL_MS,1,1,1,171,199,1,1
XL_MS,1,1,2,171,239,1,1
XL_MS,1,1,3,250,350,1,1
XL_MS,1,3,1,297,261,1,1
XL_MS,1,3,1,297,272,2,2
XL_MS,1,3,7,87,333,1,1
XL_MS,1,3,1,297,279,2,2
XL_MS,1,3,1,326,76,2,2
XL_MS,1,3,1,297,176,1,1
XL_MS,1,3,3,297,279,1,1
XL_MS,1,3,8,87,218,3,5
XL_MS,1,3,10,326,350,2,2
XL_MS,1,3,12,326,148,1,1
XL_MS,1,3,1,297,154,1,1
XL_MS,1,3,2,297,142,1,1
XL_MS,1,3,15,297,188,1,1
XL_MS,1,3,1,297,309,1,1
XL_MS,1,3,1,87,298,1,1
XL_MS,1,3,5,326,350,1,1
XL_MS,1,3,7,87,346,1,1
XL_MS,1,3,5,297,278,1,1
XL_MS,1,3,5,297,325,1,1
XL_MS,1,3,1,297,207,1,1
XL_MS,1,3,4,297,309,1,1
XL_MS,1,3,3,326,64,1,1
XL_MS,1,3,3,297,295,1,1
XL_MS,1,3,1,297,296,1,1
XL_MS,1,3,1,297,258,1,1
XL_MS,1,6,1,350,220,1,1
XL_MS,1,6,1,350,283,4,4
XL_MS,1,6,1,350,294,1,1
XL_MS,1,6,1,350,221,1,1
XL_MS,1,6,6,167,301,1,1
XL_MS,1,6,1,167,149,5,8
XL_MS,1,6,2,167,141,1,1
XL_MS,1,6,5,350,293,1,1
XL_MS,1,6,8,350,350,1,1
XL_MS,1,6,1,167,108,3,3
XL_MS,1,1,1,249,338,2,2
XL_MS,1,1,1,249,108,7,7
XL_MS,1,1,10,249,348,1,1
XL_MS,1,1,4,210,349,1,1
XL_MS,1,1,1,210,209,1,1
XL_MS,1,4,2,32,342,1,1
XL_MS,1,4,1,32,128,1,1
XL_MS,1,2,2,231,303,1,1
XL_MS,1,6,1,325,216,1,1
XL_MS,1,6,6,325,197,2,5
XL_MS,1,6,6,325,344,1,1
XL_MS,1,6,6,325,255,10,20
XL_MS,1,6,2,200,119,1,1
XL_MS,1,6,6,294,256,1,1
XL_MS,1,6,5,200,215,1,1
XL_MS,1,6,3,200,31,1,1
XL_MS,1,1,3,333,313,1,1
XL_MS,1,1,3,333,339,6,7
XL_MS,1,1,4,333,99,1,1
XL_MS,1,2,6,337,350,1,1
XL_MS,1,1,1,206,128,2,2
XL_MS,1,1,1,206,125,3,3
XL_MS,1,1,1,206,196,1,1
XL_MS,1,1,1,206,215,2,2
XL_MS,1,1,3,206,232,1,1
XL_MS,1,1,1,206,158,12,12
XL_MS,1,1,1,220,215,1,1
XL_MS,1,1,1,220,227,2,2
XL_MS,1,1,3,220,175,1,1
XL_MS,1,1,1,215,216,2,2
XL_MS,1,1,2,110,275,1,1
XL_MS,1,1,1,110,319,1,1
XL_MS,1,6,4,206,267,1,1
XL_MS,1,4,10,260,302,1,1
XL_MS,1,1,1,241,263,2,2
XL_MS,1,1,1,241,264,1,1
XL_MS,1,1,1,241,263,4,4
XL_MS,1,1,1,241,277,3,3
XL_MS,1,1,3,241,263,1,1
XL_MS,1,4,3,248,288,3,4
XL_MS,1,4,4,350,350,16,22
XL_MS,1,4,9,248,292,1,1
XL_MS,1,4,4,248,288,1,1
XL_MS,1,4,2,350,347,1,1
XL_MS,1,4,3,306,251,1,1
XL_MS,1,2,2,328,195,1,1
XL_MS,1,7,1,228,294,1,1
XL_MS,1,2,2,310,249,1,1
XL_MS,1,3,1,225,276,1,1
XL_MS,1,3,2,295,296,1,1
XL_MS,1,3,1,295,240,1,1
XL_MS,1,3,2,277,324,1,1
XL_MS,1,3,2,295,301,1,1
XL_MS,1,2,10,296,277,1,1
XL_MS,1,8,4,303,271,1,1
XL_MS,1,1,4,102,294,1,1
XL_MS,1,1,2,102,236,1,1
XL_MS,1,1,1,318,318,1,1
XL_MS,1,5,6,350,124,1,1
XL_MS,1,5,2,350,311,1,1
XL_MS,1,5,3,61,265,1,1
XL_MS,1,5,4,61,56,2,2
XL_MS,1,2,1,237,226,9,10
XL_MS,1,2,4,274,257,5,9
XL_MS,1,2,1,274,194,1,1
XL_MS,1,2,1,237,147,1,1
XL_MS,1,2,2,274,183,1,1
XL_MS,1,2,2,274,135,1,1
XL_MS,1,2,1,237,247,1,2
XL_MS,1,2,2,339,270,1,1
XL_MS,1,2,2,339,321,3,3
XL_MS,1,2,1,339,247,1,1
XL_MS,1,1,2,193,284,1,1
XL_MS,1,1,4,193,187,1,1
XL_MS,1,1,1,193,199,1,1
XL_MS,1,10,3,200,288,1,1
XL_MS,1,10,2,200,214,1,1
XL_MS,1,10,1,299,194,1,1
XL_MS,1,10,3,277,323,1,1
XL_MS,1,10,2,277,233,2,2
XL_MS,1,10,3,288,338,1,1
XL_MS,1,10,2,277,347,1,1
XL_MS,1,10,2,299,344,1,1
XL_MS,1,10,2,182,346,1,1
XL_MS,1,10,2,288,277,1,1
XL_MS,1,4,2,277,225,1,1
XL_MS,1,6,2,304,264,1,1
XL_MS,1,2,2,347,236,1,1
XL_MS,1,2,3,152,305,1,1
XL_MS,1,2,2,270,267,1,1
XL_MS,1,2,4,152,288,1,1
XL_MS,1,9,2,338,279,1,1
XL_MS,1,9,3,338,106,1,1
XL_MS,1,1,5,283,138,1,1
XL_MS,1,1,2,283,328,1,1
XL_MS,1,1,1,283,201,1,1
XL_MS,1,1,1,283,191,1,1
XL_MS,1,1,9,283,336,1,1
XL_MS,1,1,1,283,181,1,1
XL_MS,1,1,12,283,252,2,2
XL_MS,1,1,5,283,323,1,1
XL_MS,1,1,12,283,290,1,1
XL_MS,1,1,2,283,196,1,1
XL_MS,1,1,3,283,242,1,1
XL_MS,1,1,1,283,225,1,1
XL_MS,1,1,7,283,338,2,2
XL_MS,1,1,1,283,259,1,1
XL_MS,1,1,1,283,133,2,2
XL_MS,1,1,4,283,350,1,1
XL_MS,1,1,1,283,309,1,1
XL_MS,1,1,1,283,257,1,1
XL_MS,1,1,1,283,283,8,8
XL_MS,1,4,1,329,136,1,1
XL_MS,1,2,1,338,266,1,1
XL_MS,1,1,1,280,79,1,1
XL_MS,1,1,2,280,258,1,1
XL_MS,1,1,2,280,347,1,1
XL_MS,1,1,5,280,211,1,1
XL_MS,1,1,1,280,169,1,1
XL_MS,1,1,1,228,264,1,1
XL_MS,1,1,1,228,99,1,1
XL_MS,1,1,5,228,321,1,1
XL_MS,1,1,4,228,350,1,1
XL_MS,1,5,1,350,201,1,1
XL_MS,1,5,3,350,313,1,1
XL_MS,1,4,1,284,119,1,1
XL_MS,1,4,2,204,191,1,1
XL_MS,1,4,4,284,257,1,1
XL_MS,1,1,2,227,135,1,1
XL_MS,1,1,5,227,350,1,1
XL_MS,1,1,1,227,299,1,1
XL_MS,1,1,7,227,341,1,1
XL_MS,1,1,3,227,244,1,1
XL_MS,1,1,1,227,276,1,1
XL_MS,1,1,2,227,316,1,1
XL_MS,1,1,5,321,259,1,1
XL_MS,1,1,4,321,167,1,1
XL_MS,1,1,1,321,179,1,1
XL_MS,1,1,2,321,328,1,1
XL_MS,1,1,1,321,257,1,1
XL_MS,1,1,3,321,152,2,2
XL_MS,1,1,1,321,253,1,1
XL_MS,1,1,1,263,263,1,1
XL_MS,1,5,1,237,279,1,1
XL_MS,1,5,3,237,278,1,2
XL_MS,1,2,1,257,196,1,1
XL_MS,1,2,1,168,264,1,1
XL_MS,1,2,2,257,171,1,1
XL_MS,1,2,1,257,301,1,1
XL_MS,1,2,1,257,224,1,1
XL_MS,1,2,1,168,324,1,1
XL_MS,1,3,3,127,315,1,1
XL_MS,1,3,1,127,194,2,2
XL_MS,1,3,6,127,125,1,1
XL_MS,1,3,3,127,338,1,1
XL_MS,1,4,4,320,317,1,1
XL_MS,1,4,7,298,134,1,1
XL_MS,1,1,1,152,169,1,1
XL_MS,1,1,7,152,350,1,1
XL_MS,1,1,2,152,249,1,1
XL_MS,1,1,5,152,341,1,1
XL_MS,1,1,3,310,274,1,1
XL_MS,1,1,9,310,141,1,1
XL_MS,1,1,1,310,347,1,1
XL_MS,1,1,5,310,220,1,1
XL_MS,1,1,8,310,331,1,1
XL_MS,1,1,3,310,296,1,1
XL_MS,1,1,3,207,333,1,1
XL_MS,1,1,8,207,350,1,1
XL_MS,1,4,2,350,317,1,1
XL_MS,1,4,3,350,263,1,1
XL_MS,1,2,3,209,204,3,3
XL_MS,1,2,3,209,332,1,1
XL_MS,1,2,1,209,145,1,1
XL_MS,1,2,3,209,293,2,2
XL_MS,1,2,1,209,118,1,1
XL_MS,1,2,5,209,154,1,1
XL_MS,1,2,4,209,295,1,1
XL_MS,1,2,4,209,199,1,1
XL_MS,1,2,2,209,238,1,1
XL_MS,1,2,1,209,238,1,1
XL_MS,1,2,1,209,152,1,1
XL_MS,1,2,5,209,324,1,1
XL_MS,1,2,3,209,310,1,1
XL_MS,1,2,5,209,299,1,1
XL_MS,1,2,2,209,259,1,1
XL_MS,1,2,5,209,86,1,1
XL_MS,1,4,2,234,342,3,3
XL_MS,1,1,1,350,128,2,2
XL_MS,1,1,6,350,338,1,1
XL_MS,1,2,2,30,226,1,1
XL_MS,1,2,4,30,185,1,1
XL_MS,1,2,1,249,79,2,2
XL_MS,1,2,3,249,121,2,2
XL_MS,1,2,6,249,123,1,1
XL_MS,1,2,4,249,350,1,1
XL_MS,1,2,2,249,265,3,4
XL_MS,1,2,1,249,274,1,1
XL_MS,1,2,2,249,306,1,1
XL_MS,1,2,2,204,332,1,1
XL_MS,1,2,7,249,188,1,1
XL_MS,1,2,5,249,158,1,1
XL_MS,1,2,4,204,200,1,1
XL_MS,1,2,5,204,342,1,1
XL_MS,1,2,1,249,209,1,1
XL_MS,1,2,1,249,213,1,1
XL_MS,1,2,1,249,314,1,1
XL_MS,1,2,5,249,350,1,1
XL_MS,1,2,8,204,350,1,1
XL_MS,1,2,1,315,158,1,1
XL_MS,1,3,4,313,350,1,1
XL_MS,1,2,4,283,79,1,1
XL_MS,1,2,5,223,350,1,1
XL_MS,1,2,4,223,191,1,1
XL_MS,1,4,12,294,350,1,1
XL_MS,1,4,5,290,331,1,1
XL_MS,1,4,8,290,301,1,1
XL_MS,1,4,7,294,285,1,1
XL_MS,1,4,3,294,345,1,1
XL_MS,1,4,3,294,338,1,1
XL_MS,1,3,1,251,203,1,1
XL_MS,1,3,6,189,342,1,1
XL_MS,1,3,10,251,299,1,1
XL_MS,1,3,7,251,153,1,1
XL_MS,1,3,5,189,315,1,1
XL_MS,1,3,2,251,282,1,1
XL_MS,1,3,8,189,299,2,2
XL_MS,1,3,7,267,350,1,1
XL_MS,1,3,6,251,320,1,1
XL_MS,1,2,5,271,330,1,2
XL_MS,1,1,2,216,137,1,1
XL_MS,1,1,1,216,196,1,1
XL_MS,1,1,5,216,347,1,1
XL_MS,1,1,3,216,324,4,4
XL_MS,1,1,2,216,260,2,2
XL_MS,1,1,1,216,296,1,1
XL_MS,1,1,1,216,40,1,1
XL_MS,1,1,2,216,229,1,1
XL_MS,1,1,1,216,142,1,1
XL_MS,1,1,3,216,224,1,1
XL_MS,1,1,1,216,243,1,1
XL_MS,1,1,15,216,350,1,1
XL_MS,1,1,3,216,349,1,1
XL_MS,1,1,1,216,302,1,1
XL_MS,1,1,11,216,211,1,1
XL_MS,1,1,2,216,262,1,1
XL_MS,1,1,2,216,209,1,1
XL_MS,1,1,1,216,323,1,1
XL_MS,1,6,4,350,324,2,2
XL_MS,1,6,3,350,301,1,1
XL_MS,1,1,1,243,297,2,2
XL_MS,1,1,1,243,204,1,1
XL_MS,1,1,1,243,119,7,7
XL_MS,1,1,1,243,264,1,1
XL_MS,1,1,1,243,146,1,1
XL_MS,1,1,1,243,56,4,4
XL_MS,1,1,1,243,263,1,1
XL_MS,1,1,1,243,133,3,3
XL_MS,1,1,1,243,217,1,1
XL_MS,1,1,1,243,176,1,1
XL_MS,1,1,7,243,262,1,1
XL_MS,1,1,1,243,339,1,1
XL_MS,1,1,4,243,273,1,1
XL_MS,1,1,5,243,251,1,1
XL_MS,1,1,3,243,330,1,2
XL_MS,1,1,2,243,298,3,3
XL_MS,1,1,1,243,222,1,1
XL_MS,1,1,4,243,273,1,1
XL_MS,1,1,1,243,278,1,1
XL_MS,1,1,2,243,332,2,2
XL_MS,1,1,1,173,151,1,1
XL_MS,1,4,2,288,317,1,1
XL_MS,1,10,1,343,203,1,1
XL_MS,1,3,5,98,350,1,1
XL_MS,1,6,1,293,258,1,1
XL_MS,1,4,1,300,209,2,2
XL_MS,1,4,5,300,179,1,1
XL_MS,1,4,2,300,315,1,1
XL_MS,1,4,4,300,296,1,1
XL_MS,1,4,1,300,213,1,1
XL_MS,1,4,2,300,333,1,1
XL_MS,1,4,1,300,166,1,1
XL_MS,1,3,3,182,238,1,1
XL_MS,1,1,2,166,110,1,1
XL_MS,1,1,5,166,350,1,1
XL_MS,1,1,4,166,268,1,1
XL_MS,1,1,5,166,344,1,1
XL_MS,1,1,2,166,346,1,1
XL_MS,1,1,2,166,347,2,3
XL_MS,1,1,1,166,188,1,1
XL_MS,1,1,2,166,311,1,1
XL_MS,1,1,3,166,231,1,1
XL_MS,1,1,4,166,320,1,1
XL_MS,1,1,5,166,180,1,1
XL_MS,1,1,2,166,328,1,1
XL_MS,1,1,7,166,224,1,1
XL_MS,1,1,2,166,197,1,1
XL_MS,1,1,6,166,338,1,1
XL_MS,1,1,5,166,296,1,1
XL_MS,1,1,6,166,302,1,1
XL_MS,1,1,1,166,166,9,9
XL_MS,1,1,1,166,226,1,1
XL_MS,1,2,3,268,350,1,1
XL_MS,1,2,1,343,203,1,1
XL_MS,1,2,3,268,350,1,1
XL_MS,1,2,3,343,119,1,1
XL_MS,1,2,1,343,327,1,1
XL_MS,1,2,1,343,158,1,1
XL_MS,1,2,4,268,336,1,1
XL_MS,1,2,2,268,334,2,2
XL_MS,1,2,2,343,286,1,1
XL_MS,1,2,12,343,246,1,1
XL_MS,1,2,4,343,350,1,1
XL_MS,1,2,3,343,289,1,1
XL_MS,1,2,1,343,213,1,1
XL_MS,1,2,3,343,340,1,1
XL_MS,1,2,6,343,249,1,1
XL_MS,1,2,3,343,343,1,1
XL_MS,1,6,6,321,302,1,2
XL_MS,1,6,9,321,348,1,1
XL_MS,1,6,7,197,346,1,1
XL_MS,1,6,1,197,227,1,1
XL_MS,1,6,7,197,329,1,1
XL_MS,1,6,1,306,105,1,1
XL_MS,1,4,2,335,217,2,2
XL_MS,1,4,2,335,208,1,1
XL_MS,1,4,1,335,166,1,1
XL_MS,1,1,2,118,348,1,1
XL_MS,1,1,1,118,116,6,6
XL_MS,1,1,2,118,68,1,1
XL_MS,1,1,3,118,331,1,1
XL_MS,1,1,1,118,100,4,4
XL_MS,1,1,3,118,305,1,1
XL_MS,1,1,4,118,288,3,4
XL_MS,1,1,1,118,198,1,1
XL_MS,1,2,1,201,126,1,1
XL_MS,1,4,3,281,121,1,1
XL_MS,1,4,2,350,265,1,1
XL_MS,1,1,2,212,297,1,1
XL_MS,1,1,2,212,166,1,1
XL_MS,1,3,1,332,133,1,1
XL_MS,1,3,3,186,209,1,1
XL_MS,1,3,2,274,94,1,1
XL_MS,1,1,2,136,202,1,1
XL_MS,1,1,1,79,80,1,1
XL_MS,1,1,1,79,274,1,1
XL_MS,1,1,4,79,336,1,1
XL_MS,1,1,1,79,108,1,1
XL_MS,1,1,7,79,188,2,2
XL_MS,1,1,3,79,256,1,1
XL_MS,1,1,4,79,350,1,1
XL_MS,1,1,2,79,347,1,1
XL_MS,1,1,3,79,293,1,1
XL_MS,1,1,3,80,311,1,1
XL_MS,1,1,7,80,188,1,1
XL_MS,1,1,4,80,190,1,1
XL_MS,1,1,1,80,67,1,1
XL_MS,1,1,1,80,154,1,1
XL_MS,1,1,1,80,198,1,1
XL_MS,1,1,1,80,63,1,1
XL_MS,1,1,1,212,212,2,2
XL_MS,1,1,2,212,256,1,1
XL_MS,1,1,1,212,291,1,1
XL_MS,1,1,2,225,205,2,2
XL_MS,1,1,1,225,281,10,10
XL_MS,1,1,2,225,236,3,3
XL_MS,1,1,11,225,325,1,1
XL_MS,1,1,7,225,331,1,1
XL_MS,1,1,4,225,277,1,1
XL_MS,1,1,2,225,336,1,1
XL_MS,1,1,7,225,114,1,1
XL_MS,1,1,6,225,349,1,1
XL_MS,1,1,3,256,350,1,1
XL_MS,1,1,1,256,207,1,1
XL_MS,1,1,2,256,265,1,1
XL_MS,1,1,1,256,255,1,1
XL_MS,1,1,3,256,341,1,1
XL_MS,1,1,2,256,175,1,1
XL_MS,1,1,3,256,341,1,1
XL_MS,1,1,1,256,213,25,25
XL_MS,1,1,2,256,306,2,2
XL_MS,1,1,6,256,302,1,1
XL_MS,1,1,1,256,51,1,1
XL_MS,1,1,2,256,331,1,1
XL_MS,1,1,4,256,350,2,2
XL_MS,1,1,4,256,264,1,1
XL_MS,1,1,2,256,47,1,1
XL_MS,1,1,2,256,344,1,1
XL_MS,1,1,5,256,350,1,3
XL_MS,1,1,9,256,89,1,1
XL_MS,1,1,4,256,309,1,1
XL_MS,1,1,1,256,219,1,1
XL_MS,1,2,1,141,199,1,1
XL_MS,1,2,1,141,198,1,1
XL_MS,1,2,1,141,306,1,1
XL_MS,1,2,1,141,241,1,1
XL_MS,1,1,2,272,273,1,1
XL_MS,1,3,3,350,30,1,1
XL_MS,1,1,1,172,106,1,1
XL_MS,1,1,2,172,132,1,1
XL_MS,1,1,1,172,106,1,1
XL_MS,1,9,1,322,281,1,1
XL_MS,1,9,1,30,172,1,1
XL_MS,1,9,1,322,152,1,1
XL_MS,1,9,2,322,346,1,1
XL_MS,1,9,2,266,282,1,1
XL_MS,1,1,1,298,255,1,1
XL_MS,1,3,2,327,297,1,1
XL_MS,1,3,3,271,301,2,3
XL_MS,1,3,3,271,307,1,2
XL_MS,1,3,1,268,201,1,1
XL_MS,1,3,4,268,350,1,1
XL_MS,1,1,1,132,250,1,1
XL_MS,1,1,6,132,330,1,1
XL_MS,1,1,1,132,165,4,4
XL_MS,1,1,1,132,56,1,1
XL_MS,1,1,1,132,156,3,3
XL_MS,1,1,2,132,274,1,1
XL_MS,1,1,1,132,210,1,1
XL_MS,1,1,5,132,318,1,1
XL_MS,1,1,2,132,298,4,4
XL_MS,1,1,3,132,327,1,1
XL_MS,1,1,1,132,331,1,1
XL_MS,1,1,6,132,269,1,1
XL_MS,1,1,1,132,176,1,1
XL_MS,1,1,4,132,337,1,2
XL_MS,1,3,1,337,338,1,1
XL_MS,1,3,1,337,308,1,1
XL_MS,1,3,10,337,348,1,1
XL_MS,1,2,1,332,128,1,1
XL_MS,1,2,1,332,134,1,1
XL_MS,1,2,1,332,233,1,1
XL_MS,1,2,6,332,350,1,1
XL_MS,1,1,3,340,176,1,1
XL_MS,1,1,2,340,308,1,1
XL_MS,1,1,1,340,337,1,1
XL_MS,1,3,3,295,350,1,1
XL_MS,1,3,1,121,214,1,1
XL_MS,1,3,4,121,164,12,23
XL_MS,1,3,2,121,95,1,1
XL_MS,1,3,6,121,326,1,1
XL_MS,1,3,1,121,338,21,34
XL_MS,1,3,3,121,182,1,1
XL_MS,1,3,2,295,193,1,2
XL_MS,1,3,3,121,322,1,1
XL_MS,1,3,4,121,350,1,1
XL_MS,1,3,1,295,210,1,1
XL_MS,1,3,2,121,347,4,6
XL_MS,1,3,2,295,344,1,1
XL_MS,1,3,5,137,252,1,1
XL_MS,1,3,4,295,298,1,1
XL_MS,1,3,1,121,149,2,2
XL_MS,1,3,2,295,342,1,1
XL_MS,1,3,2,121,308,1,1
XL_MS,1,3,1,121,226,1,1
XL_MS,1,1,1,263,255,6,6
XL_MS,1,1,1,263,241,3,3
XL_MS,1,1,1,234,261,2,2
XL_MS,1,1,1,234,205,1,1
XL_MS,1,1,1,234,246,12,12
XL_MS,1,1,1,234,277,1,1
XL_MS,1,1,1,255,246,3,3
XL_MS,1,1,1,255,136,1,1
XL_MS,1,1,2,255,342,1,1
XL_MS,1,1,4,255,100,1,1
XL_MS,1,1,1,255,184,1,1
XL_MS,1,1,4,255,174,1,1
XL_MS,1,1,2,261,274,1,1
XL_MS,1,1,2,261,276,1,1
XL_MS,1,1,1,261,246,1,1
XL_MS,1,1,4,261,262,1,1
XL_MS,1,1,3,261,207,1,1
XL_MS,1,1,10,261,310,1,1
XL_MS,1,1,1,261,219,1,1
XL_MS,1,1,4,261,289,1,1
XL_MS,1,8,1,350,201,1,1
XL_MS,1,5,1,289,253,1,1
XL_MS,1,3,3,261,333,7,9
XL_MS,1,3,11,350,277,1,1
XL_MS,1,3,2,350,212,1,1
XL_MS,1,3,1,350,131,1,1
XL_MS,1,3,2,261,163,1,1
XL_MS,1,3,1,350,158,1,1
XL_MS,1,3,1,350,245,1,1
XL_MS,1,3,2,166,347,1,1
XL_MS,1,3,1,350,189,1,1
XL_MS,1,3,1,350,297,2,2
XL_MS,1,3,4,350,348,1,1
XL_MS,1,3,3,166,350,1,1
XL_MS,1,3,6,350,294,1,1
XL_MS,1,3,5,350,273,1,1
XL_MS,1,3,1,350,251,1,1
XL_MS,1,3,11,350,204,1,1
XL_MS,1,3,1,261,55,1,1
XL_MS,1,3,1,350,124,1,1
XL_MS,1,3,1,350,106,1,1
XL_MS,1,2,1,306,195,1,1
XL_MS,1,2,5,306,255,1,1
XL_MS,1,2,1,306,332,1,1
XL_MS,1,4,3,300,340,1,1
XL_MS,1,4,4,300,257,4,4
XL_MS,1,4,8,300,348,1,1
XL_MS,1,4,4,30,189,1,1
XL_MS,1,6,4,344,287,1,1
XL_MS,1,6,1,344,340,1,1
XL_MS,1,2,4,249,312,1,1
XL_MS,1,2,9,226,271,1,1
XL_MS,1,2,1,249,188,1,1
XL_MS,1,2,3,249,77,1,1
XL_MS,1,2,3,226,284,1,1
XL_MS,1,2,11,249,350,1,1
XL_MS,1,1,1,211,123,4,4
XL_MS,1,1,1,211,148,6,6
XL_MS,1,1,6,211,124,1,1
XL_MS,1,1,1,211,204,5,5
XL_MS,1,1,1,211,92,1,1
XL_MS,1,1,1,211,158,1,1
XL_MS,1,1,1,211,266,1,1
XL_MS,1,1,1,211,217,9,9
XL_MS,1,1,1,211,135,1,1
XL_MS,1,1,1,211,70,1,1
XL_MS,1,1,3,211,257,1,1
XL_MS,1,1,4,211,345,1,1
XL_MS,1,1,3,211,310,1,1
XL_MS,1,1,9,211,350,1,1
XL_MS,1,1,4,211,278,1,1
XL_MS,1,1,4,211,336,1,1
XL_MS,1,1,3,211,348,1,1
XL_MS,1,1,2,211,34,1,1
XL_MS,1,1,2,211,349,1,1
XL_MS,1,1,2,211,259,1,1
XL_MS,1,1,6,211,283,1,1
XL_MS,1,1,2,211,339,1,1
XL_MS,1,1,1,211,105,13,13
XL_MS,1,2,1,343,326,1,1
XL_MS,1,3,4,350,62,1,1
XL_MS,1,3,5,350,318,1,1
XL_MS,1,3,4,350,319,1,1
XL_MS,1,3,5,350,304,1,1
XL_MS,1,3,2,350,279,1,1
XL_MS,1,1,4,101,253,1,1
XL_MS,1,1,2,209,281,1,2
XL_MS,1,1,1,209,215,1,1
XL_MS,1,1,6,209,325,1,1
XL_MS,1,1,1,209,146,1,1
XL_MS,1,1,1,209,157,1,1
XL_MS,1,1,5,209,204,2,2
XL_MS,1,1,1,209,308,1,1
XL_MS,1,1,5,209,179,2,2
XL_MS,1,1,2,209,315,2,2
XL_MS,1,1,4,209,239,1,1
XL_MS,1,1,4,209,296,1,1
XL_MS,1,1,9,209,350,1,1
XL_MS,1,1,4,209,349,1,1
XL_MS,1,1,8,209,276,1,1
XL_MS,1,1,1,209,350,1,1
XL_MS,1,1,2,209,333,1,1
XL_MS,1,1,6,209,350,1,1
XL_MS,1,1,1,209,258,1,1
XL_MS,1,1,5,209,243,1,1
XL_MS,1,3,4,204,335,1,2
XL_MS,1,3,1,204,183,1,1
XL_MS,1,3,2,204,321,1,1
XL_MS,1,3,6,204,316,1,1
XL_MS,1,3,3,309,284,1,1
XL_MS,1,3,3,204,271,1,1
XL_MS,1,3,2,204,203,7,9
XL_MS,1,3,2,313,95,1,1
XL_MS,1,3,1,313,337,1,1
XL_MS,1,3,1,313,159,1,1
XL_MS,1,3,1,313,212,1,1
XL_MS,1,3,1,313,224,1,1
XL_MS,1,3,9,313,350,1,1
XL_MS,1,3,1,313,246,3,3
XL_MS,1,3,3,313,322,3,3
XL_MS,1,3,14,313,304,1,1
XL_MS,1,3,3,313,238,1,1
XL_MS,1,3,2,313,344,1,1
XL_MS,1,3,6,313,334,1,1
XL_MS,1,3,4,313,350,1,1
XL_MS,1,3,3,313,333,1,1
XL_MS,1,3,1,313,198,1,1
XL_MS,1,3,5,313,267,1,1
XL_MS,1,3,4,313,306,1,1
XL_MS,1,3,3,313,300,1,1
XL_MS,1,3,1,313,105,1,1
XL_MS,1,6,10,279,133,1,1
XL_MS,1,6,3,267,310,1,1
XL_MS,1,6,6,204,350,1,1
XL_MS,1,6,9,204,279,1,1
XL_MS,1,6,8,204,344,1,1
XL_MS,1,2,1,232,281,12,13
XL_MS,1,2,1,205,165,1,1
XL_MS,1,2,1,205,208,1,1
XL_MS,1,2,1,205,263,1,1
XL_MS,1,2,3,232,328,1,1
XL_MS,1,2,6,205,332,1,1
XL_MS,1,2,1,232,327,1,1
XL_MS,1,2,3,205,303,1,1
XL_MS,1,2,5,205,224,1,1
XL_MS,1,2,5,232,343,1,1
XL_MS,1,2,8,205,269,1,1
XL_MS,1,2,2,205,324,1,1
XL_MS,1,2,1,205,343,1,1
XL_MS,1,2,2,205,271,1,1
XL_MS,1,2,1,205,98,1,1
XL_MS,1,2,2,205,340,1,1
XL_MS,1,2,2,205,148,1,1
XL_MS,1,2,3,205,239,1,1
XL_MS,1,2,6,205,339,1,1
XL_MS,1,1,2,142,257,1,1
XL_MS,1,1,1,142,293,1,1
XL_MS,1,2,1,339,335,1,1
XL_MS,1,1,2,223,281,1,1
XL_MS,1,1,1,245,246,14,14
XL_MS,1,1,1,245,248,4,4
XL_MS,1,1,1,245,201,1,1
XL_MS,1,1,1,245,247,13,13
XL_MS,1,1,1,245,255,6,6
XL_MS,1,1,1,245,245,26,26
XL_MS,1,1,1,245,246,7,7
XL_MS,1,1,5,245,294,1,1
XL_MS,1,1,1,214,165,1,1
XL_MS,1,1,1,214,192,3,3
XL_MS,1,1,2,214,281,2,2
XL_MS,1,1,1,214,148,2,2
XL_MS,1,1,1,214,297,2,2
XL_MS,1,1,1,214,146,1,1
XL_MS,1,1,1,214,263,1,1
XL_MS,1,1,1,214,140,1,1
XL_MS,1,1,1,214,115,3,3
XL_MS,1,1,1,214,125,1,1
XL_MS,1,1,1,214,135,2,2
XL_MS,1,1,2,214,226,1,1
XL_MS,1,1,1,214,157,1,1
XL_MS,1,1,1,214,188,1,1
XL_MS,1,1,3,214,309,1,1
XL_MS,1,1,1,214,223,1,1
XL_MS,1,1,1,214,214,10,10
XL_MS,1,1,2,318,350,1,1
XL_MS,1,1,4,318,350,1,1
XL_MS,1,2,1,280,261,4,4
XL_MS,1,2,3,280,324,4,6
XL_MS,1,2,1,280,183,1,1
XL_MS,1,2,1,280,308,1,1
XL_MS,1,2,10,280,320,1,1
XL_MS,1,2,4,280,334,1,1
XL_MS,1,2,4,280,320,1,1
XL_MS,1,2,1,137,226,1,1
XL_MS,1,2,2,280,344,1,1
XL_MS,1,2,3,280,321,1,1
XL_MS,1,2,3,280,332,1,1
XL_MS,1,2,3,137,338,1,1
XL_MS,1,2,3,280,320,1,1
XL_MS,1,2,4,280,350,1,1
XL_MS,1,6,1,266,290,1,1
XL_MS,1,6,4,350,187,1,1
XL_MS,1,6,4,266,164,1,1
XL_MS,1,2,3,297,134,1,2
XL_MS,1,2,3,297,246,2,2
XL_MS,1,2,4,297,30,1,1
XL_MS,1,2,7,297,185,1,1
XL_MS,1,2,2,295,269,1,1
XL_MS,1,2,1,297,142,1,1
XL_MS,1,2,7,295,343,1,1
XL_MS,1,2,3,297,343,1,1
XL_MS,1,2,1,295,268,1,1
XL_MS,1,2,2,297,218,1,1
XL_MS,1,2,10,297,350,1,1
XL_MS,1,2,6,297,252,1,1
XL_MS,1,2,6,297,107,1,1
XL_MS,1,2,1,297,251,1,1
XL_MS,1,2,8,297,282,1,1
XL_MS,1,2,2,297,284,1,1
XL_MS,1,5,1,293,331,1,1
XL_MS,1,1,1,276,241,2,2
XL_MS,1,1,3,241,273,1,1
XL_MS,1,1,1,264,277,2,2
XL_MS,1,1,1,263,205,2,2
XL_MS,1,2,1,213,326,1,1
XL_MS,1,3,3,50,321,1,1
XL_MS,1,2,2,328,347,1,1
XL_MS,1,3,5,350,201,1,1
XL_MS,1,3,2,223,265,1,1
XL_MS,1,3,3,306,350,5,5
XL_MS,1,3,2,223,274,1,1
XL_MS,1,3,1,306,197,1,1
XL_MS,1,3,1,223,145,2,3
XL_MS,1,4,6,254,349,1,2
XL_MS,1,6,1,280,272,1,1
XL_MS,1,4,1,302,180,1,1
XL_MS,1,1,8,291,162,1,1
XL_MS,1,6,2,333,233,1,1
XL_MS,1,6,1,187,55,1,1
XL_MS,1,6,2,333,288,1,1
XL_MS,1,6,3,333,262,1,1
XL_MS,1,5,3,306,343,1,1
XL_MS,1,4,2,317,302,1,1
XL_MS,1,4,1,317,317,1,1
XL_MS,1,7,1,275,51,1,1
XL_MS,1,7,4,350,326,1,1
XL_MS,1,7,3,340,331,1,1
XL_MS,1,7,1,350,238,1,1
XL_MS,1,7,3,269,293,1,1
XL_MS,1,7,1,269,257,1,1
XL_MS,1,2,1,335,248,1,1
XL_MS,1,2,8,288,348,1,1
XL_MS,1,2,2,335,337,3,3
XL_MS,1,2,1,335,136,1,1
XL_MS,1,2,1,335,157,1,1
XL_MS,1,2,3,335,350,1,1
XL_MS,1,2,6,288,316,1,1
XL_MS,1,2,5,288,336,1,1
XL_MS,1,2,7,288,116,1,1
XL_MS,1,2,6,288,254,1,1
XL_MS,1,2,2,335,234,1,1
XL_MS,1,2,4,335,67,1,1
XL_MS,1,2,12,335,217,1,1
XL_MS,1,6,2,149,279,1,1
XL_MS,1,2,6,308,350,1,1
XL_MS,1,1,2,281,339,1,1
XL_MS,1,1,3,281,328,1,1
XL_MS,1,1,5,281,144,1,1
XL_MS,1,1,6,281,350,1,1
XL_MS,1,4,2,350,318,1,1
XL_MS,1,4,2,350,332,1,1
XL_MS,1,1,5,261,350,1,1
XL_MS,1,1,4,261,265,1,1
XL_MS,1,1,1,261,327,1,1
XL_MS,1,1,3,261,303,1,1
XL_MS,1,1,1,261,304,1,1
XL_MS,1,1,2,261,183,1,1
XL_MS,1,1,10,261,350,1,1
XL_MS,1,1,4,261,232,1,1
XL_MS,1,1,10,261,350,1,1
XL_MS,1,1,7,261,325,1,1
XL_MS,1,1,4,261,350,1,1
XL_MS,1,1,3,261,310,1,1
XL_MS,1,1,7,261,256,1,1
XL_MS,1,1,2,261,165,1,1
XL_MS,1,1,5,261,150,1,1
XL_MS,1,1,5,261,341,1,1
XL_MS,1,1,6,261,260,1,1
XL_MS,1,1,4,261,329,1,1
XL_MS,1,1,4,261,272,1,1
XL_MS,1,1,1,224,338,1,1
XL_MS,1,1,1,224,293,1,1
XL_MS,1,1,3,224,30,1,1
XL_MS,1,1,1,206,159,1,1
XL_MS,1,1,1,206,216,1,1
XL_MS,1,1,1,206,331,1,1
XL_MS,1,1,1,214,323,1,1
XL_MS,1,1,8,214,285,1,1
XL_MS,1,1,4,256,296,1,1
XL_MS,1,1,3,168,341,1,1
XL_MS,1,1,1,168,51,7,7
XL_MS,1,1,1,168,58,2,2
XL_MS,1,1,1,168,106,1,1
XL_MS,1,1,1,165,142,1,1
XL_MS,1,1,1,165,128,1,1
XL_MS,1,1,2,165,109,1,1
XL_MS,1,1,1,165,148,1,1
XL_MS,1,1,1,165,208,1,1
XL_MS,1,1,1,165,130,1,1
XL_MS,1,1,1,165,126,1,1
XL_MS,1,1,1,165,140,1,1
XL_MS,1,1,2,165,226,2,2
XL_MS,1,1,2,165,226,1,1
XL_MS,1,1,1,165,141,1,1
XL_MS,1,1,3,165,236,1,1
XL_MS,1,1,3,165,334,2,2
XL_MS,1,1,4,165,238,1,1
XL_MS,1,1,2,165,276,1,1
XL_MS,1,1,3,165,333,1,1
XL_MS,1,1,1,165,105,1,1
XL_MS,1,1,2,290,292,1,1
XL_MS,1,1,3,290,343,1,1
XL_MS,1,1,1,290,100,1,1
XL_MS,1,3,6,340,222,1,1
XL_MS,1,3,8,340,322,1,1
XL_MS,1,3,4,340,283,2,2
XL_MS,1,3,2,340,228,1,1
XL_MS,1,3,2,340,260,2,4
XL_MS,1,3,10,340,135,2,2
XL_MS,1,3,6,134,318,1,1
XL_MS,1,3,3,340,340,1,1
XL_MS,1,3,3,340,326,1,1
XL_MS,1,3,3,340,313,1,1
XL_MS,1,3,4,340,328,1,1
XL_MS,1,3,1,31,205,1,1
XL_MS,1,3,1,340,169,1,1
XL_MS,1,3,2,31,349,1,1
XL_MS,1,4,4,261,273,2,3
XL_MS,1,4,1,350,117,1,1
XL_MS,1,4,1,178,309,1,1
XL_MS,1,4,2,350,267,2,2
XL_MS,1,4,1,261,309,1,2
XL_MS,1,4,2,350,242,1,1
XL_MS,1,4,2,350,119,1,1
XL_MS,1,4,9,350,207,1,1
XL_MS,1,4,2,350,293,1,1
XL_MS,1,4,1,350,247,1,1
XL_MS,1,4,1,350,222,1,1
XL_MS,1,5,3,350,284,1,1
XL_MS,1,5,3,350,78,1,1
XL_MS,1,5,4,350,330,1,1
XL_MS,1,5,4,350,296,1,1
XL_MS,1,1,1,207,102,6,6
XL_MS,1,1,3,207,332,1,1
XL_MS,1,1,4,207,174,1,1
XL_MS,1,1,10,207,317,1,1
XL_MS,1,6,2,297,320,1,1
XL_MS,1,6,1,350,323,1,1
XL_MS,1,2,2,295,335,1,1
XL_MS,1,2,6,295,283,1,1
XL_MS,1,1,4,316,262,1,1
XL_MS,1,1,5,316,326,2,2
XL_MS,1,1,6,316,247,1,1
XL_MS,1,1,3,316,224,1,1
XL_MS,1,1,5,316,201,1,1
XL_MS,1,2,7,320,252,1,1
XL_MS,1,2,10,246,302,1,1
XL_MS,1,2,4,246,237,1,1
XL_MS,1,2,6,111,240,1,1
XL_MS,1,2,2,176,195,1,1
XL_MS,1,2,3,259,31,1,1
XL_MS,1,5,1,285,247,1,1
XL_MS,1,5,1,285,156,1,1
XL_MS,1,5,1,285,297,1,1
XL_MS,1,5,2,285,229,1,1
XL_MS,1,5,2,285,110,1,1
XL_MS,1,5,1,285,106,2,2
XL_MS,1,5,1,285,185,2,2
XL_MS,1,1,9,240,297,1,1
XL_MS,1,3,2,350,288,1,1
XL_MS,1,3,8,267,350,1,1
XL_MS,1,3,9,267,337,1,1
XL_MS,1,3,1,267,194,2,2
XL_MS,1,3,4,267,256,1,1
XL_MS,1,3,4,267,285,1,1
XL_MS,1,3,2,267,179,1,1
XL_MS,1,5,3,310,301,1,1
XL_MS,1,1,5,328,189,1,1
XL_MS,1,4,1,350,298,1,1
XL_MS,1,4,2,350,306,3,5
XL_MS,1,4,2,350,304,1,1
XL_MS,1,4,3,350,256,2,2
XL_MS,1,4,4,350,350,1,1
XL_MS,1,4,1,350,240,1,1
XL_MS,1,4,5,350,275,1,1
XL_MS,1,4,3,350,340,1,1
XL_MS,1,4,1,350,163,1,1
XL_MS,1,4,5,350,350,2,3
XL_MS,1,4,2,350,313,1,1
XL_MS,1,4,4,350,188,1,1
XL_MS,1,4,1,350,347,1,1
XL_MS,1,4,5,350,326,1,1
XL_MS,1,4,1,350,145,1,2
XL_MS,1,2,2,338,338,5,5
XL_MS,1,2,3,285,328,1,1
XL_MS,1,2,4,110,296,1,1
XL_MS,1,2,1,110,207,1,1
XL_MS,1,2,1,110,331,1,1
XL_MS,1,2,2,302,235,1,1
XL_MS,1,2,3,302,30,1,1
XL_MS,1,2,7,302,299,1,1
XL_MS,1,2,3,302,281,1,1
XL_MS,1,3,4,328,324,1,1
XL_MS,1,1,5,198,284,1,1
XL_MS,1,12,4,350,60,1,1
XL_MS,1,2,1,95,198,3,3
XL_MS,1,2,4,265,142,3,5
XL_MS,1,2,1,265,338,4,4
XL_MS,1,2,2,265,175,1,1
XL_MS,1,2,2,265,306,3,3
XL_MS,1,2,3,265,350,1,1
XL_MS,1,2,2,265,336,1,1
XL_MS,1,2,7,265,350,2,3
XL_MS,1,2,5,265,350,1,3
XL_MS,1,1,1,346,337,1,1
XL_MS,1,3,3,350,350,1,1
XL_MS,1,3,3,350,350,3,4
XL_MS,1,3,1,30,194,1,1
XL_MS,1,3,2,350,237,1,1
XL_MS,1,3,3,350,67,1,1
XL_MS,1,1,1,246,248,7,7
XL_MS,1,1,7,246,282,1,1
XL_MS,1,1,1,246,247,10,10
XL_MS,1,1,1,246,255,9,9
XL_MS,1,1,1,246,245,26,26
XL_MS,1,1,1,246,246,7,7
XL_MS,1,1,4,246,345,1,1
XL_MS,1,1,2,246,184,1,1
XL_MS,1,1,1,246,341,1,1
XL_MS,1,1,10,246,289,1,1
XL_MS,1,1,1,248,247,6,6
XL_MS,1,1,1,248,255,2,2
XL_MS,1,1,1,248,246,5,5
XL_MS,1,2,4,342,274,1,1
XL_MS,1,2,4,342,318,1,1
XL_MS,1,2,1,342,255,1,1
XL_MS,1,2,4,201,287,1,1
XL_MS,1,2,1,201,196,1,1
XL_MS,1,2,3,342,341,1,1
XL_MS,1,2,1,342,302,1,1
XL_MS,1,2,6,342,194,1,1
XL_MS,1,2,8,342,162,1,1
XL_MS,1,2,6,342,192,1,1
XL_MS,1,2,5,342,317,1,1
XL_MS,1,2,5,342,292,1,1
XL_MS,1,5,1,343,320,1,1
XL_MS,1,5,5,134,350,1,1
XL_MS,1,1,1,198,199,19,19
XL_MS,1,1,1,198,99,1,1
XL_MS,1,1,13,198,350,1,1
XL_MS,1,1,3,198,342,1,1
XL_MS,1,2,1,328,294,1,1
XL_MS,1,2,12,286,307,1,1
XL_MS,1,2,3,324,335,3,3
XL_MS,1,1,3,319,272,1,1
XL_MS,1,1,9,319,290,1,1
XL_MS,1,1,1,319,320,4,4
XL_MS,1,4,2,300,303,1,1
XL_MS,1,4,4,336,257,1,1
XL_MS,1,2,1,311,134,1,1
XL_MS,1,2,11,311,222,1,1
XL_MS,1,3,4,105,335,1,1
XL_MS,1,1,2,192,281,5,5
XL_MS,1,1,1,192,203,6,6
XL_MS,1,1,1,192,148,2,2
XL_MS,1,1,1,192,137,2,2
XL_MS,1,1,1,192,119,2,2
XL_MS,1,1,1,192,208,1,1
XL_MS,1,1,1,192,130,2,2
XL_MS,1,1,1,192,158,4,4
XL_MS,1,1,1,192,126,1,1
XL_MS,1,1,1,192,115,4,4
XL_MS,1,1,1,192,165,1,1
XL_MS,1,1,1,192,128,2,2
XL_MS,1,1,2,192,226,1,1
XL_MS,1,1,1,192,157,1,1
XL_MS,1,1,1,192,188,2,2
XL_MS,1,1,3,192,263,1,1
XL_MS,1,1,5,192,284,2,2
XL_MS,1,1,3,192,333,3,3
XL_MS,1,4,1,335,153,1,1
XL_MS,1,4,1,298,227,1,1
XL_MS,1,4,8,298,317,1,1
XL_MS,1,4,1,333,255,1,2
XL_MS,1,4,2,65,295,1,1
XL_MS,1,4,3,65,329,1,1
XL_MS,1,4,3,272,197,2,2
XL_MS,1,4,4,272,343,1,1
XL_MS,1,4,3,272,184,1,1
XL_MS,1,4,7,333,262,1,1
XL_MS,1,4,5,108,241,1,1
XL_MS,1,4,1,350,295,1,1
XL_MS,1,4,3,350,202,1,1
XL_MS,1,1,5,339,77,1,1
XL_MS,1,1,3,92,299,1,1
XL_MS,1,4,6,331,294,1,1
XL_MS,1,4,1,35,332,1,1
XL_MS,1,4,2,337,345,1,1
XL_MS,1,4,3,164,209,1,1
XL_MS,1,4,3,344,307,3,6
XL_MS,1,4,4,164,188,1,1
XL_MS,1,4,2,164,350,1,1
XL_MS,1,4,3,344,292,2,4
XL_MS,1,3,4,301,350,1,2
XL_MS,1,3,3,209,293,3,3
XL_MS,1,3,1,301,289,1,1
XL_MS,1,3,2,301,301,1,1
XL_MS,1,3,1,233,262,1,1
XL_MS,1,3,2,350,305,1,1
XL_MS,1,3,4,254,321,1,1
XL_MS,1,3,8,350,302,1,1
XL_MS,1,3,2,254,287,1,1
XL_MS,1,2,6,307,297,1,1
XL_MS,1,2,4,300,337,1,1
XL_MS,1,2,4,300,333,1,1
XL_MS,1,2,3,300,258,1,1
XL_MS,1,3,3,302,343,1,1
XL_MS,1,3,2,122,299,1,1
XL_MS,1,3,3,271,333,2,2
XL_MS,1,3,2,260,318,1,1
XL_MS,1,3,1,309,294,1,1
XL_MS,1,3,6,309,325,1,1
XL_MS,1,3,1,271,249,1,1
XL_MS,1,3,2,271,226,1,1
XL_MS,1,3,7,260,350,1,1
XL_MS,1,3,3,309,340,1,1
XL_MS,1,3,4,309,350,1,3
XL_MS,1,3,1,309,332,1,1
XL_MS,1,3,5,309,297,1,1
XL_MS,1,3,1,271,106,1,1
XL_MS,1,4,7,169,326,1,1
XL_MS,1,4,2,169,314,1,1
XL_MS,1,3,3,343,324,1,1
XL_MS,1,1,2,140,345,1,1
XL_MS,1,1,1,140,233,1,1
XL_MS,1,4,1,274,133,1,1
XL_MS,1,4,2,257,344,1,1
XL_MS,1,5,4,350,189,1,1
XL_MS,1,1,3,272,311,1,1
XL_MS,1,1,1,272,239,1,1
XL_MS,1,1,1,272,200,1,1
XL_MS,1,1,1,272,76,1,1
XL_MS,1,1,1,272,105,1,1
XL_MS,1,1,4,272,332,1,1
XL_MS,1,1,1,272,214,1,1
XL_MS,1,1,9,272,171,1,1
XL_MS,1,1,1,272,144,2,2
XL_MS,1,1,1,272,306,1,1
XL_MS,1,1,1,272,323,1,1
XL_MS,1,1,7,272,301,1,1
XL_MS,1,1,3,272,173,1,1
XL_MS,1,1,2,272,280,1,1
XL_MS,1,1,1,272,299,90,90
XL_MS,1,1,4,272,348,1,1
XL_MS,1,1,1,272,206,1,1
XL_MS,1,1,1,272,245,2,2
XL_MS,1,1,4,272,314,1,1
XL_MS,1,4,3,30,293,1,1
XL_MS,1,4,7,350,57,1,1
XL_MS,1,3,2,333,296,1,1
XL_MS,1,3,7,333,334,1,1
XL_MS,1,3,4,333,343,1,1
XL_MS,1,3,1,350,289,1,2
XL_MS,1,3,10,333,235,1,1
XL_MS,1,3,3,333,350,1,1
XL_MS,1,3,1,333,106,1,1
XL_MS,1,2,1,333,340,1,1
XL_MS,1,2,2,333,325,1,1
XL_MS,1,2,1,333,182,1,1
XL_MS,1,2,5,324,307,1,1
XL_MS,1,2,1,324,340,1,1
XL_MS,1,5,2,307,325,1,1
XL_MS,1,5,3,182,258,1,1
XL_MS,1,1,2,128,281,1,1
XL_MS,1,1,2,128,197,1,1
XL_MS,1,1,1,128,215,1,1
XL_MS,1,1,2,128,130,1,1
XL_MS,1,1,1,128,146,1,1
XL_MS,1,1,1,128,118,1,1
XL_MS,1,1,1,128,156,1,1
XL_MS,1,1,1,128,125,1,1
XL_MS,1,1,1,128,178,1,1
XL_MS,1,1,1,128,70,2,2
XL_MS,1,1,1,128,157,2,2
XL_MS,1,1,1,128,116,1,1
XL_MS,1,1,7,128,350,2,2
XL_MS,1,1,3,128,264,2,2
XL_MS,1,1,1,128,346,1,1
XL_MS,1,1,2,128,271,1,1
XL_MS,1,1,8,128,148,1,1
XL_MS,1,1,6,128,338,1,1
XL_MS,1,1,1,128,163,1,1
XL_MS,1,2,1,256,156,1,1
XL_MS,1,2,3,256,209,1,1
XL_MS,1,7,1,349,217,1,1
XL_MS,1,7,4,349,350,2,2
XL_MS,1,4,3,254,278,1,1
XL_MS,1,6,2,282,246,1,1
XL_MS,1,8,1,350,151,3,3
XL_MS,1,8,1,283,208,1,1
XL_MS,1,8,1,338,125,1,1
XL_MS,1,8,1,247,215,1,1
XL_MS,1,8,4,247,314,1,1
XL_MS,1,8,4,246,150,1,1
XL_MS,1,8,4,246,349,1,1
XL_MS,1,8,7,246,349,1,1
XL_MS,1,8,3,247,282,1,1
XL_MS,1,8,1,350,243,1,1
XL_MS,1,8,1,338,144,1,1
XL_MS,1,8,2,246,332,1,1
XL_MS,1,8,6,247,350,1,1
XL_MS,1,8,3,258,341,2,2
XL_MS,1,8,1,312,350,1,1
XL_MS,1,8,3,258,341,1,1
XL_MS,1,8,3,258,278,1,1
XL_MS,1,8,1,346,151,1,1
XL_MS,1,8,4,312,300,1,1
XL_MS,1,8,3,347,348,1,1
XL_MS,1,8,2,312,226,1,1
XL_MS,1,8,1,312,294,1,1
XL_MS,1,8,1,312,315,1,1
XL_MS,1,8,1,312,240,1,1
XL_MS,1,8,1,347,349,1,1
XL_MS,1,4,3,325,350,1,1
XL_MS,1,4,4,333,303,1,1
XL_MS,1,4,1,306,279,1,1
XL_MS,1,4,5,306,350,1,1
XL_MS,1,4,2,281,338,1,1
XL_MS,1,4,7,281,268,1,1
XL_MS,1,4,2,306,267,1,1
XL_MS,1,4,2,306,269,1,1
XL_MS,1,4,1,306,332,1,1
XL_MS,1,4,4,260,267,1,1
XL_MS,1,4,4,260,292,1,1
XL_MS,1,4,3,258,323,1,1
XL_MS,1,4,1,258,239,1,1
XL_MS,1,3,2,334,349,2,2
XL_MS,1,3,3,334,332,1,1
XL_MS,1,3,6,334,318,1,1
XL_MS,1,3,2,286,217,1,1
XL_MS,1,3,2,31,239,2,2
XL_MS,1,3,5,324,339,1,1
XL_MS,1,3,1,324,225,1,1
XL_MS,1,2,3,260,328,5,5
XL_MS,1,2,1,260,273,1,1
XL_MS,1,1,3,169,328,1,1
XL_MS,1,10,2,289,224,1,1
XL_MS,1,10,4,289,310,1,1
XL_MS,1,2,1,318,149,1,1
XL_MS,1,2,2,57,305,1,1
XL_MS,1,2,6,318,350,1,1
XL_MS,1,2,3,57,209,1,1
XL_MS,1,2,1,318,224,1,1
XL_MS,1,2,2,318,298,1,1
XL_MS,1,2,9,318,324,1,1
XL_MS,1,2,6,318,251,1,1
XL_MS,1,2,1,318,285,1,1
XL_MS,1,5,7,350,327,1,1
XL_MS,1,5,2,350,130,1,1
XL_MS,1,5,4,350,290,1,1
XL_MS,1,5,5,350,328,1,1
XL_MS,1,5,5,350,350,1,1
XL_MS,1,5,7,350,341,1,1
XL_MS,1,6,5,223,331,1,1
XL_MS,1,8,1,261,156,1,1
XL_MS,1,8,1,350,245,1,1
XL_MS,1,8,7,252,337,1,1
XL_MS,1,8,8,331,307,1,1
XL_MS,1,8,2,347,206,1,1
XL_MS,1,8,3,301,215,1,1
XL_MS,1,8,1,331,121,1,1
XL_MS,1,8,6,252,257,1,1
XL_MS,1,8,6,350,216,1,1
XL_MS,1,4,1,310,215,1,1
XL_MS,1,3,2,349,337,1,1
XL_MS,1,3,2,349,322,1,1
XL_MS,1,3,2,349,342,1,1
XL_MS,1,3,2,349,303,1,1
XL_MS,1,3,2,349,324,1,1
XL_MS,1,2,2,337,215,3,3
XL_MS,1,2,3,337,326,2,2
XL_MS,1,2,7,337,252,1,1
XL_MS,1,2,2,337,285,2,2
XL_MS,1,2,2,337,324,4,4
XL_MS,1,2,3,337,263,1,1
XL_MS,1,1,2,325,322,1,1
XL_MS,1,1,2,325,303,1,1
XL_MS,1,1,3,325,288,1,1
XL_MS,1,6,2,326,325,1,1
XL_MS,1,2,2,156,272,1,1
XL_MS,1,2,2,156,328,1,1
XL_MS,1,2,2,156,166,5,9
XL_MS,1,2,2,277,130,1,1
XL_MS,1,2,2,156,342,1,1
XL_MS,1,2,4,277,79,2,4
XL_MS,1,2,4,277,350,2,3
XL_MS,1,2,8,277,316,1,1
XL_MS,1,2,5,277,30,1,1
XL_MS,1,2,3,156,344,1,1
XL_MS,1,1,2,298,281,1,1
XL_MS,1,1,1,298,249,1,1
XL_MS,1,1,3,298,341,3,5
XL_MS,1,1,1,298,346,1,1
XL_MS,1,1,2,298,261,1,1
XL_MS,1,1,1,298,51,30,30
XL_MS,1,1,2,298,130,1,1
XL_MS,1,1,1,298,76,1,1
XL_MS,1,1,1,298,178,1,1
XL_MS,1,1,3,298,300,1,1
XL_MS,1,1,1,298,246,1,1
XL_MS,1,1,2,298,283,1,1
XL_MS,1,1,3,298,183,1,1
XL_MS,1,1,1,298,279,1,1
XL_MS,1,1,8,298,275,1,1
XL_MS,1,1,2,298,288,1,1
XL_MS,1,1,1,298,58,2,2
XL_MS,1,1,2,298,229,1,1
XL_MS,1,1,2,298,291,1,1
XL_MS,1,1,3,298,302,1,1
XL_MS,1,1,4,226,210,5,8
XL_MS,1,1,6,226,287,1,1
XL_MS,1,1,1,226,226,1,1
XL_MS,1,1,2,226,348,1,1
XL_MS,1,1,1,226,247,1,1
XL_MS,1,2,2,206,228,1,1
XL_MS,1,2,5,346,343,1,1
XL_MS,1,2,2,318,180,2,3
XL_MS,1,2,1,109,148,1,1
XL_MS,1,2,1,318,137,4,5
XL_MS,1,2,2,318,302,1,1
XL_MS,1,2,3,318,333,1,1
XL_MS,1,2,1,318,215,10,10
XL_MS,1,2,1,109,135,1,2
XL_MS,1,2,1,318,188,8,9
XL_MS,1,2,10,318,302,1,1
XL_MS,1,2,3,318,302,1,1
XL_MS,1,2,9,318,191,1,1
XL_MS,1,2,8,318,305,1,1
XL_MS,1,2,5,318,294,1,1
XL_MS,1,3,1,312,335,1,1
XL_MS,1,1,1,323,330,12,12
XL_MS,1,1,1,323,327,7,7
XL_MS,1,1,1,323,287,1,1
XL_MS,1,4,1,283,187,1,1
XL_MS,1,2,2,337,213,1,1
XL_MS,1,2,1,339,133,1,1
XL_MS,1,2,10,281,350,1,1
XL_MS,1,2,1,281,103,2,2
XL_MS,1,2,5,172,249,3,7
XL_MS,1,2,1,172,183,1,1
XL_MS,1,2,1,172,219,1,1
XL_MS,1,2,1,281,213,1,1
XL_MS,1,2,2,335,305,1,1
XL_MS,1,1,1,136,137,1,1
XL_MS,1,1,1,136,86,8,8
XL_MS,1,1,1,136,290,1,1
XL_MS,1,1,7,136,290,1,1
XL_MS,1,1,3,136,334,1,1
XL_MS,1,1,11,136,228,1,1
XL_MS,1,1,4,136,200,1,1
XL_MS,1,2,2,224,308,1,1
XL_MS,1,2,6,224,350,1,1
XL_MS,1,2,7,224,231,1,1
XL_MS,1,2,8,224,174,1,1
XL_MS,1,2,4,224,350,2,2
XL_MS,1,2,10,274,324,1,1
XL_MS,1,1,2,193,131,1,1
XL_MS,1,1,1,193,193,2,2
XL_MS,1,1,1,193,193,3,3
XL_MS,1,1,6,193,296,1,1
XL_MS,1,3,10,349,297,1,1
XL_MS,1,1,2,199,344,1,1
XL_MS,1,1,2,199,171,1,1
XL_MS,1,1,1,199,173,1,1
XL_MS,1,1,1,199,299,1,1
XL_MS,1,1,2,199,242,1,1
XL_MS,1,1,2,337,349,1,1
XL_MS,1,1,10,337,350,1,1
XL_MS,1,1,3,337,316,1,1
XL_MS,1,1,1,337,313,1,1
XL_MS,1,1,1,140,125,1,1
XL_MS,1,1,1,140,134,7,7
XL_MS,1,1,1,140,144,1,1
XL_MS,1,1,3,255,350,1,1
XL_MS,1,1,2,255,306,3,3
XL_MS,1,1,1,255,192,1,1
XL_MS,1,1,1,255,106,1,1
XL_MS,1,1,4,255,350,2,2
XL_MS,1,1,6,255,306,1,1
XL_MS,1,1,1,255,90,1,1
XL_MS,1,1,5,255,240,1,1
XL_MS,1,1,1,255,121,1,1
XL_MS,1,1,3,255,71,1,1
XL_MS,1,1,5,255,323,1,1
XL_MS,1,2,2,288,220,1,1
XL_MS,1,2,2,103,321,2,3
XL_MS,1,2,1,288,221,1,1
XL_MS,1,2,1,103,320,2,2
XL_MS,1,2,5,103,273,1,1
XL_MS,1,2,5,103,315,1,1
XL_MS,1,2,3,288,328,1,1
XL_MS,1,2,3,288,340,1,1
XL_MS,1,2,3,103,350,16,22
XL_MS,1,2,1,103,223,1,1
XL_MS,1,2,7,103,350,1,1
XL_MS,1,2,8,103,344,1,1
XL_MS,1,9,1,350,305,3,3
XL_MS,1,2,2,350,94,1,1
XL_MS,1,2,6,350,306,1,1
XL_MS,1,4,6,30,350,1,1
XL_MS,1,2,3,233,277,1,1
XL_MS,1,4,1,210,247,1,1
XL_MS,1,4,1,210,145,1,1
XL_MS,1,4,2,257,287,1,1
XL_MS,1,4,3,350,335,1,1
XL_MS,1,4,1,350,247,4,5
XL_MS,1,4,3,281,350,1,1
XL_MS,1,4,1,324,194,1,1
XL_MS,1,4,9,324,272,1,1
XL_MS,1,4,8,324,300,1,1
XL_MS,1,4,1,324,331,1,1
XL_MS,1,4,2,281,242,1,1
XL_MS,1,4,2,121,330,1,1
XL_MS,1,4,3,324,341,1,1
XL_MS,1,4,5,324,338,1,1
XL_MS,1,4,5,121,166,1,1
XL_MS,1,4,6,121,285,1,1
XL_MS,1,4,3,324,332,1,1
XL_MS,1,4,2,324,340,1,1
XL_MS,1,4,1,121,234,1,1
XL_MS,1,4,3,324,284,1,1
XL_MS,1,4,1,121,287,1,1
XL_MS,1,4,1,324,217,4,9
XL_MS,1,4,11,324,206,1,1
XL_MS,1,4,7,121,259,1,1
XL_MS,1,4,2,324,340,1,1
XL_MS,1,3,2,30,243,1,4
XL_MS,1,3,1,30,146,1,1
XL_MS,1,3,2,31,163,1,1
XL_MS,1,3,1,350,257,1,1
XL_MS,1,3,3,350,320,2,2
XL_MS,1,3,5,350,286,2,2
XL_MS,1,3,2,30,327,1,1
XL_MS,1,1,3,145,327,1,1
XL_MS,1,1,1,145,294,3,3
XL_MS,1,1,3,145,30,1,1
XL_MS,1,1,11,145,350,2,2
XL_MS,1,1,5,145,350,1,1
XL_MS,1,1,1,145,146,4,4
XL_MS,1,1,1,145,152,8,8
XL_MS,1,1,1,145,305,1,1
XL_MS,1,1,1,145,230,1,1
XL_MS,1,1,1,145,291,1,1
XL_MS,1,1,2,145,216,1,1
XL_MS,1,1,3,145,340,1,1
XL_MS,1,1,12,145,334,1,1
XL_MS,1,1,1,145,334,1,1
XL_MS,1,1,5,145,350,1,1
XL_MS,1,1,1,145,212,1,1
XL_MS,1,1,2,145,252,1,1
XL_MS,1,2,1,281,148,3,3
XL_MS,1,2,1,281,264,5,6
XL_MS,1,2,1,281,208,1,1
XL_MS,1,2,1,281,130,2,2
XL_MS,1,2,1,281,156,1,1
XL_MS,1,2,1,281,140,3,3
XL_MS,1,2,1,281,115,3,3
XL_MS,1,2,1,281,135,1,1
XL_MS,1,2,1,281,128,2,2
XL_MS,1,2,4,180,245,1,1
XL_MS,1,2,1,281,176,2,2
XL_MS,1,2,1,180,288,1,1
XL_MS,1,2,1,281,199,1,1
XL_MS,1,2,1,180,289,1,1
XL_MS,1,2,2,180,324,10,11
XL_MS,1,2,1,180,237,1,1
XL_MS,1,2,4,300,286,1,1
XL_MS,1,2,4,300,235,1,1
XL_MS,1,2,3,300,337,1,1
XL_MS,1,1,1,249,251,1,1
XL_MS,1,2,4,349,350,1,1
XL_MS,1,2,4,349,176,1,1
XL_MS,1,2,10,349,34,1,1
XL_MS,1,2,6,349,318,1,1
XL_MS,1,2,7,349,237,1,1
XL_MS,1,2,3,349,139,1,1
XL_MS,1,2,5,349,143,1,1
XL_MS,1,6,2,323,345,1,1
XL_MS,1,6,3,283,327,1,1
XL_MS,1,4,1,58,159,1,1
XL_MS,1,4,1,58,257,1,1
XL_MS,1,4,2,58,226,1,1
XL_MS,1,4,1,296,110,1,1
XL_MS,1,4,4,58,30,1,1
XL_MS,1,4,4,296,278,3,5
XL_MS,1,2,3,228,235,9,13
XL_MS,1,2,4,303,318,2,2
XL_MS,1,2,3,228,238,9,29
XL_MS,1,2,2,228,295,1,1
XL_MS,1,2,4,228,350,1,1
XL_MS,1,2,5,303,336,1,1
XL_MS,1,2,4,303,228,1,1
XL_MS,1,2,1,228,318,1,1
XL_MS,1,2,11,303,307,2,2
XL_MS,1,2,7,303,114,1,1
XL_MS,1,2,5,303,350,1,1
XL_MS,1,2,6,303,350,1,1
XL_MS,1,2,1,228,332,1,1
XL_MS,1,2,4,228,346,1,1
XL_MS,1,2,9,303,350,1,1
XL_MS,1,2,3,303,161,1,1
XL_MS,1,2,5,303,273,1,1
XL_MS,1,2,8,228,344,1,1
XL_MS,1,2,2,228,341,1,1
XL_MS,1,2,3,228,321,1,1
XL_MS,1,2,2,234,184,1,1
XL_MS,1,2,2,234,197,1,1
XL_MS,1,1,1,203,204,1,1
XL_MS,1,1,1,203,102,1,1
XL_MS,1,1,1,203,130,1,1
XL_MS,1,1,1,203,143,1,1
XL_MS,1,1,1,203,196,2,2
XL_MS,1,1,2,203,226,4,4
XL_MS,1,1,8,203,341,1,1
XL_MS,1,1,5,203,296,1,1
XL_MS,1,1,4,203,62,1,1
XL_MS,1,1,10,203,238,2,2
XL_MS,1,1,1,203,102,8,8
XL_MS,1,1,3,203,256,1,1
XL_MS,1,1,2,203,282,2,2
XL_MS,1,1,5,203,301,1,1
XL_MS,1,1,12,203,292,1,1
XL_MS,1,3,4,348,240,1,1
XL_MS,1,3,4,328,300,1,1
XL_MS,1,1,4,334,206,1,1
XL_MS,1,1,3,334,56,1,1
XL_MS,1,1,1,334,230,1,1
XL_MS,1,1,1,334,325,1,1
XL_MS,1,1,2,338,175,3,5
XL_MS,1,1,12,338,350,1,1
XL_MS,1,1,2,338,306,15,16
XL_MS,1,1,1,338,108,2,2
XL_MS,1,1,7,338,342,1,1
XL_MS,1,1,1,338,314,3,3
XL_MS,1,1,5,338,330,1,1
XL_MS,1,1,3,338,141,1,1
XL_MS,1,1,1,338,251,1,1
XL_MS,1,1,1,338,223,1,1
XL_MS,1,1,4,338,84,1,1
XL_MS,1,1,1,338,242,1,1
XL_MS,1,1,1,338,140,1,1
XL_MS,1,1,2,338,291,4,4
XL_MS,1,1,4,340,302,1,1
XL_MS,1,1,3,340,197,1,1
XL_MS,1,3,2,341,306,2,3
XL_MS,1,3,2,327,331,1,1
XL_MS,1,3,3,327,318,1,1
XL_MS,1,3,1,341,331,1,1
XL_MS,1,3,3,95,337,1,1
XL_MS,1,3,4,327,245,1,1
XL_MS,1,3,7,341,317,1,1
XL_MS,1,3,3,327,350,1,1
XL_MS,1,3,2,341,320,1,1
XL_MS,1,3,5,341,350,2,6
XL_MS,1,3,1,341,325,1,1
XL_MS,1,3,1,327,310,1,1
XL_MS,1,3,2,327,338,1,1
XL_MS,1,3,1,341,109,1,2
XL_MS,1,3,3,103,103,5,6
XL_MS,1,3,5,339,215,1,1
XL_MS,1,1,1,172,172,2,2
XL_MS,1,1,4,172,190,1,1
XL_MS,1,3,1,194,76,1,1
XL_MS,1,2,6,197,338,1,1
XL_MS,1,2,2,215,322,2,2
XL_MS,1,2,8,215,317,1,1
XL_MS,1,2,2,215,342,4,4
XL_MS,1,2,3,215,326,1,1
XL_MS,1,2,2,215,286,1,1
XL_MS,1,2,2,215,291,1,1
XL_MS,1,2,1,215,258,1,1
XL_MS,1,2,11,215,34,1,1
XL_MS,1,2,2,215,323,2,2
XL_MS,1,2,2,215,285,1,1
XL_MS,1,2,2,215,324,4,4
XL_MS,1,2,3,215,311,1,1
XL_MS,1,2,1,342,243,1,1
XL_MS,1,1,10,144,323,1,1
XL_MS,1,1,1,235,278,1,1
XL_MS,1,1,5,235,350,3,3
XL_MS,1,7,3,323,330,1,1
XL_MS,1,1,3,253,322,1,1
XL_MS,1,3,9,277,173,1,1
XL_MS,1,3,4,277,334,1,1
XL_MS,1,3,2,277,347,1,1
XL_MS,1,3,2,277,214,2,2
XL_MS,1,3,4,277,308,1,1
XL_MS,1,6,1,298,197,1,1
XL_MS,1,6,1,238,106,1,1
XL_MS,1,6,6,238,350,1,1
XL_MS,1,6,1,238,106,1,1
XL_MS,1,6,5,174,255,1,3
XL_MS,1,6,4,298,341,1,1
XL_MS,1,5,4,330,330,2,3
XL_MS,1,2,2,346,346,2,2
XL_MS,1,2,2,30,131,1,2
XL_MS,1,1,4,302,206,1,1
XL_MS,1,1,1,302,229,1,1
XL_MS,1,3,3,201,93,5,7
XL_MS,1,3,2,201,299,1,1
XL_MS,1,3,11,201,336,1,1
XL_MS,1,3,4,201,219,1,1
XL_MS,1,3,2,93,299,1,1
XL_MS,1,3,2,288,115,1,1
XL_MS,1,3,4,288,350,4,4
XL_MS,1,3,4,288,283,1,1
XL_MS,1,3,4,288,312,1,1
XL_MS,1,3,2,288,149,2,2
XL_MS,1,4,4,296,325,10,14
XL_MS,1,4,4,345,332,1,1
XL_MS,1,4,4,296,255,3,4
XL_MS,1,4,7,296,326,1,1
XL_MS,1,4,1,296,293,1,1
XL_MS,1,4,4,325,289,5,8
XL_MS,1,4,4,325,255,4,7
XL_MS,1,4,5,322,74,1,1
XL_MS,1,4,7,325,326,1,1
XL_MS,1,4,2,325,270,2,3
XL_MS,1,4,2,322,314,1,1
XL_MS,1,4,1,325,293,1,1
XL_MS,1,4,1,325,323,1,1
XL_MS,1,4,7,289,326,1,1
XL_MS,1,4,4,289,203,1,1
XL_MS,1,4,1,289,293,1,1
XL_MS,1,5,4,70,349,1,1
XL_MS,1,5,2,284,312,1,1
XL_MS,1,4,2,263,269,1,1
XL_MS,1,10,1,348,105,1,1
XL_MS,1,3,3,152,159,1,1
XL_MS,1,3,5,152,288,1,1
XL_MS,1,3,2,152,298,1,1
XL_MS,1,2,7,290,326,1,1
XL_MS,1,4,1,240,338,1,1
XL_MS,1,4,4,274,326,1,1
XL_MS,1,4,1,240,224,1,1
XL_MS,1,4,4,268,333,1,1
XL_MS,1,1,1,84,297,1,1
XL_MS,1,1,1,84,194,2,2
XL_MS,1,1,1,84,140,1,1
XL_MS,1,1,1,84,83,2,2
XL_MS,1,1,7,84,350,1,1
XL_MS,1,2,4,288,42,1,1
XL_MS,1,5,1,287,123,1,1
XL_MS,1,2,4,262,321,1,1
XL_MS,1,3,1,298,289,1,1
XL_MS,1,6,4,344,337,1,1
XL_MS,1,6,4,350,322,1,1
XL_MS,1,6,2,321,335,2,3
XL_MS,1,6,1,309,299,2,2
XL_MS,1,6,1,309,109,5,9
XL_MS,1,1,1,123,297,1,1
XL_MS,1,1,3,123,350,1,1
XL_MS,1,1,2,123,228,1,1
XL_MS,1,1,1,123,119,1,1
XL_MS,1,1,1,123,204,1,1
XL_MS,1,1,1,123,156,4,4
XL_MS,1,1,1,123,257,1,1
XL_MS,1,1,1,123,156,1,1
XL_MS,1,1,1,123,44,1,1
XL_MS,1,1,1,123,350,1,1
XL_MS,1,1,1,123,335,1,1
XL_MS,1,1,2,123,264,1,1
XL_MS,1,1,3,123,140,1,1
XL_MS,1,1,4,123,186,1,1
XL_MS,1,1,1,123,230,1,1
XL_MS,1,1,1,123,211,1,1
XL_MS,1,1,3,123,333,1,1
XL_MS,1,3,7,30,260,1,1
XL_MS,1,4,5,303,350,1,1
XL_MS,1,4,1,303,340,1,1
XL_MS,1,4,1,303,326,1,1
XL_MS,1,4,6,303,350,1,1
XL_MS,1,2,2,306,287,3,7
XL_MS,1,2,5,236,149,5,14
XL_MS,1,2,1,236,278,1,1
XL_MS,1,2,2,236,252,1,1
XL_MS,1,2,6,306,350,1,1
XL_MS,1,2,2,236,295,1,1
XL_MS,1,2,5,287,149,3,9
XL_MS,1,2,2,345,225,1,1
XL_MS,1,2,1,324,317,2,2
XL_MS,1,2,1,324,229,1,1
XL_MS,1,2,1,328,156,2,2
XL_MS,1,2,2,328,231,1,1
XL_MS,1,2,3,328,350,1,1
XL_MS,1,2,2,328,319,1,1
XL_MS,1,4,2,233,146,1,2
XL_MS,1,4,6,243,350,1,1
XL_MS,1,4,7,253,161,1,1
XL_MS,1,4,11,253,316,1,1
XL_MS,1,4,3,206,280,1,1
XL_MS,1,4,6,253,350,1,1
XL_MS,1,4,2,206,302,1,1
XL_MS,1,4,5,206,304,2,2
XL_MS,1,4,6,253,346,1,1
XL_MS,1,4,1,206,237,1,1
XL_MS,1,4,3,53,298,1,1
XL_MS,1,4,5,253,116,1,1
XL_MS,1,4,3,206,348,2,2
XL_MS,1,4,2,253,94,1,1
XL_MS,1,4,1,253,243,1,1
XL_MS,1,4,1,206,349,2,2
XL_MS,1,4,3,206,200,2,2
XL_MS,1,5,6,232,208,1,3
XL_MS,1,5,1,82,339,1,1
XL_MS,1,5,4,72,349,1,1
XL_MS,1,5,1,82,109,1,1
XL_MS,1,5,1,232,248,1,1
XL_MS,1,4,7,30,326,1,1
XL_MS,1,4,2,30,314,1,1
XL_MS,1,4,1,350,239,1,1
XL_MS,1,3,4,301,190,3,3
XL_MS,1,3,3,301,147,1,1
XL_MS,1,1,4,183,325,1,1
XL_MS,1,1,1,183,185,4,4
XL_MS,1,2,1,215,213,1,1
XL_MS,1,1,12,201,350,1,1
XL_MS,1,1,4,201,336,4,4
XL_MS,1,1,1,201,204,1,1
XL_MS,1,1,1,201,216,3,3
XL_MS,1,1,1,201,317,2,2
XL_MS,1,1,1,201,289,2,2
XL_MS,1,1,3,201,268,1,1
XL_MS,1,1,1,201,138,1,1
XL_MS,1,1,4,201,350,1,1
XL_MS,1,1,3,201,292,1,1
XL_MS,1,1,2,201,106,1,1
XL_MS,1,2,1,146,324,1,1
XL_MS,1,2,2,272,274,1,1
XL_MS,1,2,2,272,276,6,7
XL_MS,1,2,2,272,342,3,4
XL_MS,1,2,6,272,350,1,1
XL_MS,1,1,2,325,205,1,1
XL_MS,1,1,2,325,292,1,1
XL_MS,1,1,3,294,30,1,1
XL_MS,1,1,12,294,350,1,1
XL_MS,1,1,11,294,350,1,1
XL_MS,1,1,1,294,203,1,1
XL_MS,1,1,1,294,151,1,1
XL_MS,1,1,2,294,231,1,1
XL_MS,1,1,1,294,178,1,1
XL_MS,1,1,3,294,345,1,1
XL_MS,1,1,3,294,242,1,1
XL_MS,1,1,1,294,306,1,1
XL_MS,1,1,1,294,283,1,1
XL_MS,1,1,3,294,309,1,1
XL_MS,1,1,2,294,284,1,1
XL_MS,1,1,1,191,183,2,2
XL_MS,1,1,5,191,339,1,1
XL_MS,1,3,2,319,236,1,1
XL_MS,1,3,4,319,326,1,1
XL_MS,1,5,4,203,299,1,1
XL_MS,1,3,5,30,230,2,2
XL_MS,1,3,1,350,216,1,1
XL_MS,1,3,1,350,70,1,1
XL_MS,1,3,3,350,127,1,1
XL_MS,1,3,9,350,350,1,1
XL_MS,1,3,4,30,329,2,2
XL_MS,1,3,1,30,337,1,1
XL_MS,1,3,1,30,345,2,2
XL_MS,1,3,2,30,191,2,2
XL_MS,1,3,1,30,308,2,2
XL_MS,1,3,6,30,283,2,2
XL_MS,1,3,8,30,223,2,2
XL_MS,1,3,4,53,290,1,1
XL_MS,1,4,1,343,297,1,1
XL_MS,1,4,5,343,350,1,1
XL_MS,1,4,3,206,209,1,1
XL_MS,1,4,13,343,104,1,1
XL_MS,1,4,1,350,269,1,1
XL_MS,1,4,4,213,328,1,1
XL_MS,1,4,1,350,180,1,1
XL_MS,1,11,2,350,242,1,1
XL_MS,1,11,2,277,317,2,2
XL_MS,1,11,4,277,79,1,1
XL_MS,1,11,4,350,350,1,1
XL_MS,1,11,5,350,350,1,1
XL_MS,1,11,3,350,350,1,1
XL_MS,1,11,3,350,204,1,1
XL_MS,1,11,1,350,303,1,1
XL_MS,1,1,1,304,231,1,1
XL_MS,1,1,5,303,304,1,1
XL_MS,1,1,1,303,262,2,2
XL_MS,1,3,1,341,339,1,1
XL_MS,1,3,2,341,345,1,1
XL_MS,1,3,1,276,248,1,1
XL_MS,1,5,6,175,187,1,1
XL_MS,1,3,1,203,288,1,1
XL_MS,1,3,1,203,170,1,1
XL_MS,1,3,5,203,122,1,1
XL_MS,1,1,1,198,148,1,1
XL_MS,1,1,1,198,249,1,1
XL_MS,1,12,3,341,350,1,1
XL_MS,1,1,2,316,251,1,1
XL_MS,1,1,1,148,297,1,1
XL_MS,1,1,1,148,215,1,1
XL_MS,1,1,1,148,264,3,3
XL_MS,1,1,1,148,204,1,1
XL_MS,1,1,1,148,158,3,3
XL_MS,1,1,1,148,263,1,1
XL_MS,1,1,1,148,140,1,1
XL_MS,1,1,1,148,135,1,1
XL_MS,1,1,8,148,350,1,1
XL_MS,1,1,1,148,188,5,5
XL_MS,1,1,10,148,216,1,1
XL_MS,1,1,5,148,305,1,1
XL_MS,1,1,2,148,115,1,1
XL_MS,1,1,5,148,331,1,1
XL_MS,1,1,2,148,329,1,1
XL_MS,1,1,1,148,105,2,2
XL_MS,1,1,1,297,160,2,2
XL_MS,1,1,1,297,137,1,1
XL_MS,1,1,1,297,204,2,2
XL_MS,1,1,1,297,264,3,3
XL_MS,1,1,1,297,208,1,1
XL_MS,1,1,1,297,130,1,1
XL_MS,1,1,1,297,146,1,1
XL_MS,1,1,1,297,140,2,2
XL_MS,1,1,1,297,245,1,1
XL_MS,1,1,1,297,188,1,1
XL_MS,1,1,1,297,261,1,1
XL_MS,1,1,1,297,306,1,1
XL_MS,1,1,3,297,327,1,1
XL_MS,1,1,1,297,105,1,1
XL_MS,1,1,1,160,159,3,3
XL_MS,1,1,1,160,92,1,1
XL_MS,1,1,1,160,151,1,1
XL_MS,1,1,1,160,249,2,2
XL_MS,1,1,1,160,188,2,2
XL_MS,1,1,5,160,350,1,1
XL_MS,1,1,1,160,339,5,5
XL_MS,1,1,4,160,146,1,1
XL_MS,1,1,5,160,131,1,1
XL_MS,1,1,3,160,329,1,1
XL_MS,1,1,2,160,319,1,1
XL_MS,1,1,8,160,200,1,1
XL_MS,1,1,3,160,281,3,3
XL_MS,1,1,4,160,185,1,1
XL_MS,1,1,3,160,348,5,5
XL_MS,1,1,2,160,197,7,7
XL_MS,1,1,7,160,302,1,1
XL_MS,1,1,2,160,340,1,1
XL_MS,1,1,1,137,264,2,2
XL_MS,1,1,1,137,158,2,2
XL_MS,1,1,1,137,263,1,1
XL_MS,1,1,1,137,140,1,1
XL_MS,1,1,1,137,115,2,2
XL_MS,1,1,1,137,135,9,9
XL_MS,1,1,2,137,110,1,1
XL_MS,1,1,2,137,272,1,1
XL_MS,1,1,1,194,165,1,1
XL_MS,1,1,2,194,295,1,1
XL_MS,1,1,1,194,128,2,2
XL_MS,1,1,1,194,263,3,3
XL_MS,1,1,1,194,133,2,2
XL_MS,1,1,1,194,133,11,11
XL_MS,1,1,1,194,108,1,1
XL_MS,1,1,1,194,157,1,1
XL_MS,1,1,2,194,210,1,1
XL_MS,1,1,3,194,330,4,4
XL_MS,1,1,7,194,62,1,1
XL_MS,1,1,1,194,257,1,1
XL_MS,1,1,3,194,336,1,1
XL_MS,1,1,1,194,307,1,1
XL_MS,1,1,1,204,130,1,1
XL_MS,1,1,1,204,146,4,4
XL_MS,1,1,1,204,151,3,3
XL_MS,1,1,1,204,263,1,1
XL_MS,1,1,1,204,140,3,3
XL_MS,1,1,1,204,125,16,16
XL_MS,1,1,1,204,69,2,2
XL_MS,1,1,1,204,115,1,1
XL_MS,1,1,2,204,226,1,1
XL_MS,1,1,2,204,338,1,1
XL_MS,1,1,1,204,176,1,1
XL_MS,1,1,1,204,188,1,1
XL_MS,1,1,1,204,181,1,1
XL_MS,1,1,3,204,314,1,1
XL_MS,1,1,5,204,217,1,1
XL_MS,1,1,4,204,296,1,1
XL_MS,1,1,3,204,213,1,1
XL_MS,1,1,1,204,230,1,1
XL_MS,1,1,1,204,273,1,1
XL_MS,1,1,1,204,105,1,1
XL_MS,1,1,1,165,119,7,7
XL_MS,1,1,1,165,56,2,2
XL_MS,1,1,5,165,338,1,1
XL_MS,1,1,2,165,236,1,1
XL_MS,1,1,4,165,298,1,1
XL_MS,1,1,7,165,310,1,1
XL_MS,1,1,2,165,298,6,6
XL_MS,1,1,1,165,332,1,1
XL_MS,1,1,1,165,176,3,3
XL_MS,1,1,1,165,306,1,1
XL_MS,1,1,5,165,273,1,1
XL_MS,1,1,8,165,288,1,1
XL_MS,1,12,2,252,337,1,1
XL_MS,1,12,1,350,125,1,1
XL_MS,1,12,1,350,165,1,1
XL_MS,1,12,1,350,325,1,1
XL_MS,1,12,2,350,317,1,1
XL_MS,1,12,1,252,205,1,1
XL_MS,1,12,1,350,276,1,1
XL_MS,1,12,1,350,207,1,1
XL_MS,1,12,2,252,293,1,1
XL_MS,1,12,1,350,229,1,1
XL_MS,1,12,3,350,284,1,1
XL_MS,1,12,2,252,346,1,1
XL_MS,1,6,3,261,293,1,1
XL_MS,1,6,2,265,338,1,1
XL_MS,1,7,3,241,235,1,1
XL_MS,1,7,4,282,334,1,1
XL_MS,1,7,1,241,151,1,1
XL_MS,1,7,1,210,191,1,1
XL_MS,1,7,1,321,149,2,3
XL_MS,1,7,3,210,329,1,1
XL_MS,1,7,2,210,256,1,1
XL_MS,1,7,4,321,123,2,2
XL_MS,1,7,2,321,308,1,1
XL_MS,1,7,3,282,267,1,1
XL_MS,1,7,6,309,303,1,1
XL_MS,1,7,6,210,219,1,1
XL_MS,1,1,8,349,350,1,1
XL_MS,1,3,3,152,276,1,1
XL_MS,1,1,1,286,272,6,6
XL_MS,1,1,1,286,286,1,1
XL_MS,1,1,1,286,350,1,1
XL_MS,1,1,1,272,286,9,9
XL_MS,1,1,1,272,182,1,1
XL_MS,1,1,1,272,350,1,1
XL_MS,1,1,3,272,328,1,1
XL_MS,1,1,6,272,308,1,1
XL_MS,1,1,5,272,323,1,1
XL_MS,1,1,2,272,343,1,1
XL_MS,1,1,1,144,133,1,1
XL_MS,1,1,1,144,128,1,1
XL_MS,1,1,1,144,181,1,1
XL_MS,1,1,1,144,245,1,1
XL_MS,1,1,6,144,274,1,1
XL_MS,1,4,1,262,255,1,1
XL_MS,1,3,3,347,181,1,2
XL_MS,1,3,9,347,349,1,1
XL_MS,1,3,2,290,226,1,1
XL_MS,1,3,2,290,285,1,1
XL_MS,1,1,4,265,171,1,1
XL_MS,1,1,2,159,321,1,1
XL_MS,1,1,1,159,156,1,1
XL_MS,1,1,1,159,288,4,4
XL_MS,1,1,7,159,326,1,1
XL_MS,1,1,1,159,230,1,1
XL_MS,1,1,7,159,337,1,1
XL_MS,1,1,1,159,100,1,1
XL_MS,1,1,12,159,350,1,1
XL_MS,1,1,3,159,164,1,1
XL_MS,1,1,3,274,31,1,1
XL_MS,1,1,1,274,104,4,4
XL_MS,1,1,2,274,349,1,1
XL_MS,1,1,3,274,30,1,1
XL_MS,1,1,2,274,168,1,1
XL_MS,1,1,1,274,227,1,1
XL_MS,1,1,1,274,63,5,5
XL_MS,1,6,2,327,195,2,2
XL_MS,1,1,3,350,321,1,1
XL_MS,1,1,5,350,251,1,1
XL_MS,1,1,3,213,350,1,1
XL_MS,1,1,1,213,346,1,1
XL_MS,1,1,1,213,51,3,3
XL_MS,1,1,1,213,263,1,1
XL_MS,1,1,2,213,347,1,1
XL_MS,1,1,2,213,331,5,5
XL_MS,1,1,10,213,144,1,1
XL_MS,1,1,5,213,325,1,1
XL_MS,1,1,1,213,335,1,1
XL_MS,1,1,3,213,266,1,1
XL_MS,1,1,6,213,144,1,1
XL_MS,1,1,1,213,187,1,1
XL_MS,1,1,4,213,250,1,1
XL_MS,1,1,3,213,176,1,1
XL_MS,1,1,1,213,195,1,1
XL_MS,1,1,12,213,261,1,1
XL_MS,1,1,3,213,71,1,1
XL_MS,1,4,7,255,326,1,1
XL_MS,1,4,1,255,293,1,1
XL_MS,1,1,2,119,273,1,1
XL_MS,1,2,5,347,202,1,2
XL_MS,1,2,6,229,288,1,1
XL_MS,1,4,2,283,347,1,1
XL_MS,1,4,3,238,260,1,1
XL_MS,1,2,2,326,335,1,1
XL_MS,1,2,2,326,296,2,2
XL_MS,1,2,5,212,350,2,5
XL_MS,1,2,4,212,319,3,3
XL_MS,1,4,1,336,185,2,2
XL_MS,1,1,6,350,313,1,1
XL_MS,1,1,1,350,328,1,1
XL_MS,1,10,1,292,216,1,1
XL_MS,1,10,2,350,233,1,1
XL_MS,1,10,1,350,295,1,1
XL_MS,1,10,2,292,323,1,1
XL_MS,1,2,3,295,238,1,1
XL_MS,1,2,2,295,295,12,23
XL_MS,1,2,3,295,300,18,29
XL_MS,1,2,1,246,105,1,1
XL_MS,1,2,5,246,207,1,1
XL_MS,1,2,3,295,263,7,17
XL_MS,1,2,3,246,281,1,1
XL_MS,1,2,4,233,307,1,1
XL_MS,1,2,3,322,326,1,1
XL_MS,1,2,7,322,252,1,1
XL_MS,1,2,2,322,245,1,1
XL_MS,1,2,6,322,304,1,1
XL_MS,1,2,2,322,324,4,4
XL_MS,1,2,3,322,263,1,1
XL_MS,1,8,1,315,325,1,1
XL_MS,1,8,4,315,350,1,1
XL_MS,1,8,3,315,317,1,1
XL_MS,1,8,2,315,339,1,1
XL_MS,1,1,6,337,292,1,1
XL_MS,1,2,2,306,336,1,1
XL_MS,1,2,1,306,346,2,2
XL_MS,1,2,2,306,261,1,1
XL_MS,1,2,2,306,331,1,1
XL_MS,1,2,5,306,350,5,9
XL_MS,1,2,2,306,291,2,2
XL_MS,1,2,3,306,71,1,1
XL_MS,1,1,2,271,176,1,1
XL_MS,1,2,1,336,154,1,1
XL_MS,1,2,1,336,199,1,1
XL_MS,1,3,3,286,323,1,1
XL_MS,1,3,3,313,222,1,1
XL_MS,1,1,1,117,136,5,5
XL_MS,1,1,1,117,115,6,6
XL_MS,1,1,1,117,257,1,1
XL_MS,1,1,4,117,283,1,1
XL_MS,1,1,4,117,112,1,1
XL_MS,1,1,4,117,112,1,1
XL_MS,1,1,4,117,180,2,2
XL_MS,1,1,1,117,211,1,1
XL_MS,1,1,3,311,38,1,1
XL_MS,1,2,1,323,145,1,1
XL_MS,1,3,1,283,70,1,1
XL_MS,1,3,6,286,350,1,1
XL_MS,1,3,3,286,340,1,1
XL_MS,1,3,4,283,169,1,1
XL_MS,1,11,1,350,291,1,1
XL_MS,1,11,3,350,340,1,1
XL_MS,1,11,1,350,350,1,1
XL_MS,1,11,1,350,306,1,1
XL_MS,1,11,1,350,283,1,1
XL_MS,1,2,2,172,152,1,1
XL_MS,1,3,3,235,238,6,13
XL_MS,1,3,4,265,256,1,1
XL_MS,1,3,6,140,350,1,1
XL_MS,1,3,2,235,346,1,1
XL_MS,1,3,3,235,140,1,1
XL_MS,1,3,1,265,239,1,1
XL_MS,1,3,2,265,341,1,1
XL_MS,1,1,1,292,175,1,1
XL_MS,1,1,1,292,338,1,1
XL_MS,1,2,1,333,90,1,1
XL_MS,1,2,1,205,198,1,1
XL_MS,1,2,5,345,312,1,1
XL_MS,1,2,4,205,336,1,2
XL_MS,1,2,3,345,348,4,4
XL_MS,1,2,5,345,180,1,1
XL_MS,1,2,3,345,303,1,1
XL_MS,1,2,5,345,330,1,1
XL_MS,1,2,2,345,314,1,1
XL_MS,1,2,2,345,231,1,1
XL_MS,1,2,1,345,306,1,1
XL_MS,1,2,3,345,334,1,1
XL_MS,1,2,4,345,301,2,2
XL_MS,1,2,2,345,74,1,1
XL_MS,1,2,8,345,350,1,1
XL_MS,1,2,8,345,347,1,1
XL_MS,1,2,2,345,252,1,1
XL_MS,1,2,6,345,250,1,1
XL_MS,1,2,6,345,330,1,1
XL_MS,1,2,7,345,290,1,1
XL_MS,1,2,1,345,228,1,1
XL_MS,1,2,5,345,340,2,2
XL_MS,1,3,9,259,250,1,1
XL_MS,1,4,10,350,235,1,1
XL_MS,1,4,9,350,261,1,1
XL_MS,1,4,1,289,106,1,1
XL_MS,1,1,2,86,347,1,1
XL_MS,1,1,10,86,333,1,1
XL_MS,1,1,1,86,338,1,1
XL_MS,1,4,1,250,156,1,1
XL_MS,1,4,1,250,128,1,1
XL_MS,1,4,3,304,320,1,1
XL_MS,1,4,2,250,331,1,1
XL_MS,1,4,2,78,244,1,1
XL_MS,1,4,1,305,173,1,1
XL_MS,1,4,6,273,295,1,1
XL_MS,1,2,6,283,292,1,1
XL_MS,1,2,5,283,193,1,1
XL_MS,1,2,3,231,245,1,1
XL_MS,1,3,4,236,72,1,1
XL_MS,1,3,3,236,316,1,1
XL_MS,1,1,1,205,277,3,3
XL_MS,1,4,3,159,292,4,8
XL_MS,1,4,4,290,150,1,1
XL_MS,1,4,12,188,350,1,1
XL_MS,1,4,2,188,316,1,1
XL_MS,1,4,2,336,331,1,1
XL_MS,1,4,2,350,309,1,2
XL_MS,1,4,2,350,328,1,1
XL_MS,1,4,3,350,302,2,2
XL_MS,1,4,7,350,229,1,1
XL_MS,1,10,3,206,279,1,1
XL_MS,1,2,1,290,246,1,1
XL_MS,1,1,2,219,153,1,1
XL_MS,1,1,1,219,201,1,1
XL_MS,1,1,1,219,227,1,1
XL_MS,1,1,1,219,235,1,1
XL_MS,1,1,1,219,229,1,1
XL_MS,1,4,4,335,265,1,1
XL_MS,1,4,1,335,248,1,1
XL_MS,1,4,4,335,257,1,1
XL_MS,1,4,5,335,137,1,1
XL_MS,1,4,1,335,172,1,1
XL_MS,1,4,4,344,267,1,1
XL_MS,1,4,4,335,321,1,1
XL_MS,1,3,2,275,237,1,1
XL_MS,1,3,1,333,154,1,1
XL_MS,1,1,1,126,173,1,1
XL_MS,1,1,5,126,302,1,1
XL_MS,1,6,1,319,255,1,1
XL_MS,1,6,2,319,298,1,1
XL_MS,1,2,1,249,257,2,2
XL_MS,1,3,1,350,108,11,11
XL_MS,1,3,5,350,240,1,1
XL_MS,1,4,4,350,350,1,1
XL_MS,1,4,1,350,238,1,1
XL_MS,1,4,1,350,301,1,1
XL_MS,1,3,1,203,97,1,1
XL_MS,1,1,3,203,329,1,1
XL_MS,1,4,3,334,323,1,1
XL_MS,1,4,4,318,345,1,1
XL_MS,1,4,1,334,331,2,2
XL_MS,1,4,3,263,278,1,1
XL_MS,1,4,1,263,215,1,1
XL_MS,1,4,2,324,310,1,1
XL_MS,1,3,5,301,294,2,5
XL_MS,1,2,8,31,350,1,1
XL_MS,1,2,1,328,196,1,1
XL_MS,1,2,1,328,72,1,1
XL_MS,1,2,4,328,189,1,1
XL_MS,1,1,1,75,246,1,1
XL_MS,1,1,1,75,340,1,1
XL_MS,1,2,3,336,327,10,10
XL_MS,1,3,6,332,280,1,1
XL_MS,1,2,9,107,162,1,2
XL_MS,1,2,3,338,52,1,1
XL_MS,1,2,2,338,266,1,1
XL_MS,1,1,1,192,185,1,1
XL_MS,1,3,1,64,289,1,1
XL_MS,1,3,2,324,320,1,1
XL_MS,1,3,3,324,282,1,2
XL_MS,1,3,1,324,97,1,1
XL_MS,1,3,5,324,325,1,1
XL_MS,1,3,3,324,254,1,1
XL_MS,1,3,5,324,242,1,1
XL_MS,1,3,3,324,278,1,1
XL_MS,1,3,5,324,348,2,3
XL_MS,1,3,1,324,320,1,1
XL_MS,1,3,1,324,133,1,1
XL_MS,1,3,2,324,346,1,1
XL_MS,1,3,2,324,317,3,3
XL_MS,1,3,1,324,257,1,1
XL_MS,1,3,4,324,93,1,1
XL_MS,1,3,3,324,273,1,1
XL_MS,1,2,1,296,119,1,1
XL_MS,1,2,1,296,115,1,1
XL_MS,1,2,3,296,294,2,2
XL_MS,1,2,3,296,318,1,1
XL_MS,1,2,3,296,304,1,1
XL_MS,1,2,9,296,325,2,2
XL_MS,1,2,4,296,190,1,1
XL_MS,1,2,1,296,240,19,19
XL_MS,1,2,2,296,296,11,11
XL_MS,1,2,4,296,305,1,1
XL_MS,1,2,2,296,334,1,1
XL_MS,1,2,6,296,185,1,1
XL_MS,1,2,2,296,323,3,3
XL_MS,1,2,8,311,350,1,1
XL_MS,1,4,3,335,209,1,1
XL_MS,1,4,5,335,312,1,1
XL_MS,1,4,4,302,302,2,4
XL_MS,1,3,2,350,298,1,1
XL_MS,1,3,2,350,306,1,1
XL_MS,1,3,2,350,82,1,1
XL_MS,1,2,1,235,182,1,1
XL_MS,1,1,1,346,95,1,1
XL_MS,1,4,7,122,343,1,1
XL_MS,1,10,2,331,337,1,1
XL_MS,1,10,1,329,293,1,1
XL_MS,1,10,2,264,310,1,1
XL_MS,1,10,4,348,258,1,1
XL_MS,1,2,4,341,330,1,1
XL_MS,1,1,2,306,326,1,1
XL_MS,1,1,4,306,256,1,1
XL_MS,1,1,2,215,228,1,1
XL_MS,1,1,1,215,264,2,2
XL_MS,1,1,1,215,158,3,3
XL_MS,1,1,1,215,126,1,1
XL_MS,1,1,1,215,158,1,1
XL_MS,1,1,1,215,289,1,1
XL_MS,1,1,1,215,102,1,1
XL_MS,1,1,8,215,343,1,1
XL_MS,1,1,3,215,317,1,1
XL_MS,1,1,3,215,245,1,1
XL_MS,1,1,3,215,345,1,1
XL_MS,1,1,3,215,286,1,1
XL_MS,1,1,2,215,271,1,1
XL_MS,1,3,6,238,350,1,1
XL_MS,1,3,3,247,319,1,1
XL_MS,1,3,4,155,264,1,1
XL_MS,1,3,3,247,298,1,1
XL_MS,1,3,3,238,140,2,5
XL_MS,1,3,6,155,335,1,1
XL_MS,1,2,3,244,329,15,33
XL_MS,1,2,3,244,160,1,1
XL_MS,1,5,1,202,80,1,1
XL_MS,1,5,5,149,158,1,1
XL_MS,1,5,1,149,325,1,1
XL_MS,1,5,2,202,333,1,1
XL_MS,1,5,4,149,256,1,2
XL_MS,1,2,2,328,166,1,1
XL_MS,1,2,3,328,344,1,1
XL_MS,1,1,1,207,92,1,1
XL_MS,1,1,8,207,307,1,1
XL_MS,1,1,1,203,201,1,1
XL_MS,1,1,1,221,299,1,1
XL_MS,1,1,3,291,263,1,1
XL_MS,1,3,1,183,198,1,1
XL_MS,1,2,1,345,323,4,4
XL_MS,1,2,2,53,338,3,4
XL_MS,1,2,2,345,267,1,1
XL_MS,1,2,3,345,338,1,1
XL_MS,1,5,3,350,108,1,1
XL_MS,1,6,7,302,330,3,6
XL_MS,1,6,2,325,136,1,1
XL_MS,1,6,1,325,183,1,1
XL_MS,1,6,2,325,345,1,1
XL_MS,1,6,2,325,223,1,1
XL_MS,1,6,6,325,311,1,1
XL_MS,1,6,3,325,110,1,1
XL_MS,1,6,3,325,323,1,1
XL_MS,1,6,5,325,341,1,1
XL_MS,1,6,4,58,57,1,1
XL_MS,1,7,1,330,246,2,2
XL_MS,1,7,2,334,345,1,1
XL_MS,1,7,3,334,110,1,1
XL_MS,1,7,8,57,314,1,1
XL_MS,1,7,6,329,234,2,2
XL_MS,1,7,3,334,323,1,1
XL_MS,1,3,4,327,333,1,1
XL_MS,1,1,1,173,254,1,1
XL_MS,1,1,3,173,31,1,1
XL_MS,1,1,3,173,165,1,1
XL_MS,1,1,1,173,254,1,1
XL_MS,1,1,1,173,208,1,1
XL_MS,1,1,4,246,31,1,1
XL_MS,1,1,2,246,303,1,1
XL_MS,1,1,1,246,271,1,1
XL_MS,1,1,4,246,62,1,1
XL_MS,1,1,5,246,307,1,1
XL_MS,1,1,1,246,334,1,1
XL_MS,1,1,7,246,260,1,1
XL_MS,1,1,8,246,321,1,1
XL_MS,1,1,5,246,350,1,1
XL_MS,1,1,4,246,291,1,1
XL_MS,1,1,1,246,260,1,1
XL_MS,1,1,2,246,251,1,1
XL_MS,1,1,11,246,285,1,2
XL_MS,1,1,9,246,228,1,1
XL_MS,1,1,9,246,306,1,1
XL_MS,1,1,8,246,225,1,1
XL_MS,1,1,1,246,125,1,1
XL_MS,1,1,7,246,262,1,1
XL_MS,1,1,9,246,224,1,1
XL_MS,1,2,4,226,248,1,1
XL_MS,1,9,5,103,338,1,1
XL_MS,1,3,3,122,255,1,1
XL_MS,1,3,1,122,226,1,1
XL_MS,1,3,3,122,219,1,1
XL_MS,1,3,2,299,307,2,5
XL_MS,1,1,2,324,194,3,3
XL_MS,1,1,2,324,47,1,1
XL_MS,1,1,6,324,350,1,1
XL_MS,1,1,3,324,215,1,1
XL_MS,1,1,2,97,213,1,1
XL_MS,1,1,2,278,272,1,1
XL_MS,1,1,8,278,282,1,1
XL_MS,1,3,3,335,344,1,1
XL_MS,1,3,1,324,283,1,1
XL_MS,1,3,1,203,227,1,1
XL_MS,1,3,1,324,283,1,1
XL_MS,1,3,1,323,283,1,1
XL_MS,1,4,1,50,284,1,1
XL_MS,1,9,5,291,350,1,1
XL_MS,1,3,2,336,346,2,2
XL_MS,1,6,1,350,198,1,1
XL_MS,1,6,1,329,151,1,1
XL_MS,1,6,1,342,215,2,2
XL_MS,1,6,1,342,166,1,1
XL_MS,1,5,3,322,208,1,1
XL_MS,1,1,5,240,323,1,1
XL_MS,1,1,3,240,293,1,1
XL_MS,1,1,2,297,220,1,1
XL_MS,1,1,3,323,334,1,1
XL_MS,1,2,1,293,189,1,1
XL_MS,1,1,1,172,318,1,1
XL_MS,1,1,1,172,105,4,4
XL_MS,1,1,4,172,350,1,1
XL_MS,1,1,1,172,144,4,4
XL_MS,1,2,1,220,178,1,1
XL_MS,1,2,1,220,305,2,2
XL_MS,1,2,10,220,350,4,4
XL_MS,1,2,1,220,320,22,22
XL_MS,1,2,8,220,244,1,1
XL_MS,1,2,1,220,326,4,4
XL_MS,1,2,1,220,314,4,4
XL_MS,1,2,5,220,206,1,1
XL_MS,1,2,3,220,334,1,1
XL_MS,1,2,2,220,132,1,1
XL_MS,1,2,3,220,313,1,1
XL_MS,1,2,3,220,208,4,4
XL_MS,1,6,9,316,350,1,1
XL_MS,1,6,3,316,336,1,1
XL_MS,1,6,9,316,141,1,1
XL_MS,1,6,6,316,348,1,1
XL_MS,1,6,1,316,155,1,1
XL_MS,1,6,2,316,297,1,1
XL_MS,1,6,2,316,323,1,1
XL_MS,1,2,2,288,303,1,1
XL_MS,1,3,8,293,350,1,1
XL_MS,1,3,1,293,119,3,3
XL_MS,1,3,9,293,350,1,1
XL_MS,1,3,1,293,348,1,1
XL_MS,1,3,6,293,239,1,1
XL_MS,1,3,2,293,252,1,1
XL_MS,1,3,4,293,298,1,1
XL_MS,1,3,1,293,316,1,1
XL_MS,1,3,9,293,296,1,1
XL_MS,1,3,11,293,348,1,1
XL_MS,1,3,1,293,227,1,1
XL_MS,1,3,4,329,245,1,1
XL_MS,1,3,2,329,345,1,1
XL_MS,1,3,3,329,97,1,2
XL_MS,1,3,2,293,327,1,1
XL_MS,1,3,8,293,288,1,1
XL_MS,1,4,4,350,350,1,1
XL_MS,1,4,3,350,291,1,1
XL_MS,1,4,11,350,303,1,1
XL_MS,1,4,1,350,184,1,1
XL_MS,1,4,1,350,186,1,1
XL_MS,1,4,5,350,270,1,1
XL_MS,1,4,7,288,341,1,1
XL_MS,1,1,1,204,145,1,1
XL_MS,1,1,1,204,194,1,1
XL_MS,1,1,4,204,239,1,1
XL_MS,1,1,2,204,114,1,1
XL_MS,1,3,1,350,282,1,1
XL_MS,1,3,3,350,84,1,1
XL_MS,1,3,3,350,269,1,1
XL_MS,1,1,5,109,112,1,1
XL_MS,1,3,4,296,255,1,1
XL_MS,1,3,3,296,323,1,1
XL_MS,1,3,6,296,128,1,1
XL_MS,1,3,4,296,174,3,3
XL_MS,1,2,5,203,145,1,1
XL_MS,1,2,3,260,350,1,1
XL_MS,1,2,3,106,331,1,1
XL_MS,1,5,2,344,347,1,1
XL_MS,1,1,1,198,112,2,2
XL_MS,1,1,1,198,92,1,1
XL_MS,1,1,7,198,350,1,1
XL_MS,1,1,3,198,337,1,1
XL_MS,1,1,1,198,318,1,1
XL_MS,1,1,11,198,211,1,1
XL_MS,1,1,2,198,313,1,1
XL_MS,1,1,1,198,112,4,4
XL_MS,1,1,3,198,201,1,1
XL_MS,1,1,3,198,284,1,1
XL_MS,1,1,9,198,289,1,1
XL_MS,1,1,2,198,284,1,1
XL_MS,1,1,4,198,350,1,1
XL_MS,1,1,6,198,233,1,1
XL_MS,1,1,1,198,192,1,1
XL_MS,1,2,2,350,183,1,1
XL_MS,1,2,3,350,324,1,1
XL_MS,1,1,5,286,274,1,1
XL_MS,1,1,10,286,332,2,2
XL_MS,1,1,2,109,286,1,1
XL_MS,1,1,2,109,341,1,1
XL_MS,1,7,2,340,186,2,2
XL_MS,1,7,1,340,105,3,3
XL_MS,1,7,6,298,318,1,1
XL_MS,1,7,4,340,333,1,1
XL_MS,1,7,8,340,350,2,2
XL_MS,1,7,1,340,222,1,1
XL_MS,1,7,5,340,315,2,2
XL_MS,1,7,1,340,194,2,2
XL_MS,1,7,2,340,332,2,2
XL_MS,1,1,4,112,350,1,1
XL_MS,1,1,1,311,315,1,1
XL_MS,1,1,4,311,182,1,1
XL_MS,1,1,9,311,330,1,1
XL_MS,1,2,1,154,51,1,1
XL_MS,1,2,2,154,226,1,1
XL_MS,1,7,4,309,250,1,1
XL_MS,1,1,1,320,271,1,1
XL_MS,1,5,1,350,59,1,1
XL_MS,1,5,2,115,253,1,1
XL_MS,1,5,1,115,152,1,1
XL_MS,1,2,3,69,302,1,1
XL_MS,1,1,2,346,331,1,1
XL_MS,1,1,2,346,156,2,3
XL_MS,1,1,2,346,63,1,1
XL_MS,1,1,1,346,253,1,1
XL_MS,1,1,2,346,291,5,5
XL_MS,1,1,3,346,71,1,1
XL_MS,1,1,1,346,327,1,1
XL_MS,1,5,4,312,303,2,5
XL_MS,1,5,1,312,177,1,1
XL_MS,1,5,2,350,166,1,1
XL_MS,1,5,3,312,30,1,1
XL_MS,1,5,9,248,336,1,1
XL_MS,1,4,1,303,102,1,1
XL_MS,1,4,2,327,160,1,1
XL_MS,1,2,1,321,51,1,1
XL_MS,1,2,11,321,339,1,1
XL_MS,1,10,9,350,350,4,8
XL_MS,1,2,5,264,294,1,1
XL_MS,1,1,5,142,215,4,4
XL_MS,1,1,5,142,215,2,2
XL_MS,1,1,1,252,296,1,1
XL_MS,1,2,1,261,103,1,1
XL_MS,1,2,1,239,119,1,1
XL_MS,1,2,4,239,30,1,1
XL_MS,1,2,4,239,303,1,1
XL_MS,1,2,9,239,275,2,2
XL_MS,1,2,1,239,315,1,1
XL_MS,1,2,1,239,259,1,1
XL_MS,1,2,8,239,332,1,1
XL_MS,1,2,2,239,334,2,2
XL_MS,1,2,12,239,168,1,1
XL_MS,1,2,8,239,344,1,1
XL_MS,1,2,3,239,239,1,1
XL_MS,1,6,3,350,136,1,1
XL_MS,1,1,1,127,237,1,1
XL_MS,1,5,2,300,346,1,1
XL_MS,1,5,9,300,321,1,1
XL_MS,1,3,1,278,320,3,4
XL_MS,1,3,1,201,308,1,1
XL_MS,1,4,3,343,328,1,1
XL_MS,1,6,3,124,348,1,1
XL_MS,1,6,6,301,300,1,1
XL_MS,1,6,2,332,311,1,1
XL_MS,1,6,9,124,347,1,1
XL_MS,1,6,1,124,300,1,1
XL_MS,1,6,4,124,346,1,1
XL_MS,1,4,1,280,89,1,1
XL_MS,1,4,10,246,348,1,1
XL_MS,1,4,1,280,89,1,1
XL_MS,1,2,1,314,123,1,1
XL_MS,1,2,4,214,300,1,1
XL_MS,1,3,2,172,218,2,2
XL_MS,1,2,1,337,121,1,1
XL_MS,1,2,6,337,257,1,1
XL_MS,1,1,1,279,257,1,1
XL_MS,1,1,10,279,284,1,1
XL_MS,1,1,8,279,303,1,1
XL_MS,1,1,2,279,110,1,2
XL_MS,1,1,4,279,334,1,1
XL_MS,1,1,1,279,203,1,1
XL_MS,1,1,4,279,350,1,1
XL_MS,1,2,3,304,281,1,1
XL_MS,1,5,5,171,332,1,1
XL_MS,1,1,5,239,350,1,1
XL_MS,1,1,1,239,154,1,1
XL_MS,1,1,6,239,330,1,1
XL_MS,1,1,3,239,330,1,1
XL_MS,1,1,3,239,215,1,1
XL_MS,1,1,2,239,113,1,1
XL_MS,1,1,1,167,238,1,1
XL_MS,1,5,5,313,332,1,1
XL_MS,1,5,3,313,330,1,1
XL_MS,1,1,1,295,298,2,2
XL_MS,1,2,11,275,164,1,1
XL_MS,1,2,1,194,147,1,1
XL_MS,1,2,10,194,340,1,1
XL_MS,1,2,2,111,231,1,1
XL_MS,1,2,1,111,284,1,1
XL_MS,1,2,1,296,243,2,2
XL_MS,1,2,10,111,317,1,1
XL_MS,1,5,3,350,202,1,1
XL_MS,1,4,2,30,282,1,3
XL_MS,1,4,1,334,308,1,1
XL_MS,1,4,2,346,301,1,1
XL_MS,1,4,4,334,30,1,1
XL_MS,1,4,1,346,148,1,1
XL_MS,1,4,8,334,77,1,1
XL_MS,1,2,10,320,296,1,1
XL_MS,1,2,10,320,323,1,1
XL_MS,1,2,3,320,348,1,1
XL_MS,1,2,4,261,350,1,1
XL_MS,1,2,4,213,273,1,1
XL_MS,1,2,6,261,227,1,1
XL_MS,1,2,1,261,190,1,1
XL_MS,1,2,6,213,234,1,1
XL_MS,1,3,6,336,87,1,1
XL_MS,1,1,1,182,308,1,1
XL_MS,1,1,1,182,187,8,8
XL_MS,1,1,2,182,306,1,1
XL_MS,1,1,2,182,239,1,1
XL_MS,1,1,4,182,341,1,1
XL_MS,1,1,1,182,251,1,1
XL_MS,1,1,2,182,297,3,3
XL_MS,1,1,6,182,346,1,1
XL_MS,1,1,5,182,283,1,1
XL_MS,1,1,1,182,328,2,2
XL_MS,1,1,2,182,307,1,1
XL_MS,1,1,8,182,274,1,1
XL_MS,1,5,2,350,321,1,1
XL_MS,1,3,4,321,263,1,1
XL_MS,1,5,2,306,305,2,2
XL_MS,1,2,2,163,262,2,2
XL_MS,1,2,1,163,266,1,1
XL_MS,1,2,1,228,156,1,1
XL_MS,1,2,1,228,128,1,1
XL_MS,1,2,1,163,157,1,1
XL_MS,1,2,7,163,276,1,1
XL_MS,1,2,4,163,313,1,1
XL_MS,1,2,2,163,344,4,4
XL_MS,1,2,1,30,195,1,1
XL_MS,1,5,9,269,350,1,1
XL_MS,1,5,4,269,176,1,1
XL_MS,1,5,3,337,346,1,1
XL_MS,1,2,6,313,350,1,1
XL_MS,1,1,7,128,309,1,1
XL_MS,1,1,2,128,52,1,1
XL_MS,1,1,6,128,261,1,1
XL_MS,1,1,3,128,273,1,1
XL_MS,1,6,4,350,342,1,1
XL_MS,1,2,4,242,293,1,1
XL_MS,1,2,2,242,273,1,1
XL_MS,1,2,4,278,324,2,2
XL_MS,1,2,7,278,328,1,1
XL_MS,1,2,6,278,312,1,1
XL_MS,1,3,1,253,325,5,5
XL_MS,1,3,6,253,350,7,10
XL_MS,1,3,4,283,266,1,1
XL_MS,1,3,4,283,179,2,2
XL_MS,1,3,5,278,286,1,1
XL_MS,1,3,1,283,208,2,2
XL_MS,1,3,1,283,166,1,1
XL_MS,1,3,4,253,342,1,1
XL_MS,1,3,1,283,103,1,1
XL_MS,1,1,1,94,58,1,1
XL_MS,1,1,4,94,314,1,1
XL_MS,1,1,4,108,270,1,1
XL_MS,1,1,2,108,126,1,1
XL_MS,1,2,1,283,188,2,2
XL_MS,1,5,7,304,349,1,1
XL_MS,1,5,2,304,336,1,1
XL_MS,1,5,2,304,313,1,1
XL_MS,1,5,2,304,45,1,1
XL_MS,1,5,1,304,189,1,1
XL_MS,1,5,2,304,247,1,1
XL_MS,1,2,1,346,169,1,1
XL_MS,1,1,3,157,337,1,1
XL_MS,1,1,1,58,69,6,6
XL_MS,1,1,1,58,58,1,1
XL_MS,1,1,5,58,154,1,1
XL_MS,1,1,5,51,323,1,1
XL_MS,1,1,11,51,39,1,1
XL_MS,1,1,1,51,51,1,1
XL_MS,1,1,4,51,143,1,1
XL_MS,1,1,1,51,58,1,1
XL_MS,1,1,1,51,106,5,5
XL_MS,1,1,4,69,212,1,1
XL_MS,1,1,8,69,299,1,1
XL_MS,1,1,4,69,190,3,3
XL_MS,1,1,4,69,151,1,1
XL_MS,1,1,6,69,320,1,1
XL_MS,1,1,5,69,177,1,1
XL_MS,1,1,3,69,280,1,1
XL_MS,1,1,3,69,120,1,1
XL_MS,1,1,1,69,154,1,1
XL_MS,1,1,1,69,169,1,1
XL_MS,1,1,1,69,198,2,2
XL_MS,1,1,1,69,248,1,1
XL_MS,1,1,5,69,272,1,1
XL_MS,1,1,3,69,302,1,1
XL_MS,1,1,2,69,344,1,1
XL_MS,1,1,1,69,213,1,1
XL_MS,1,5,1,263,227,1,1
XL_MS,1,1,4,245,336,3,3
XL_MS,1,1,1,245,163,1,1
XL_MS,1,3,3,339,336,1,1
XL_MS,1,1,2,128,347,1,1
XL_MS,1,1,5,128,302,1,1
XL_MS,1,2,2,343,273,1,1
XL_MS,1,5,1,336,280,1,1
XL_MS,1,11,6,350,350,1,1
XL_MS,1,1,3,341,31,1,1
XL_MS,1,1,1,341,145,1,1
XL_MS,1,5,2,227,325,1,1
XL_MS,1,5,6,231,259,1,1
XL_MS,1,2,6,220,350,1,1
XL_MS,1,2,1,186,105,1,1
XL_MS,1,1,1,145,149,1,1
XL_MS,1,2,2,341,282,5,5
XL_MS,1,2,2,186,282,1,1
XL_MS,1,1,2,275,110,1,1
XL_MS,1,2,3,329,153,1,1
XL_MS,1,2,3,329,106,1,1
XL_MS,1,7,2,327,336,1,1
XL_MS,1,7,6,327,225,1,1
XL_MS,1,7,7,327,318,1,1
XL_MS,1,3,7,285,341,1,1
XL_MS,1,1,3,58,337,1,1
XL_MS,1,4,5,111,318,1,1
XL_MS,1,4,7,211,294,1,1
XL_MS,1,6,2,95,203,1,1
XL_MS,1,5,6,161,300,1,1
XL_MS,1,1,1,171,224,2,2
XL_MS,1,9,1,306,134,1,1
XL_MS,1,1,1,71,340,1,1
XL_MS,1,1,1,71,340,1,1
XL_MS,1,5,6,295,259,1,1
XL_MS,1,1,1,168,153,2,2
XL_MS,1,1,2,231,306,1,1
XL_MS,1,1,2,68,251,1,1
XL_MS,1,1,1,249,199,1,1
XL_MS,1,1,10,249,320,1,1
XL_MS,1,1,4,249,263,1,1
XL_MS,1,1,6,249,269,1,1
XL_MS,1,1,2,249,344,1,1
XL_MS,1,1,3,277,328,1,1
XL_MS,1,3,4,327,338,2,2
XL_MS,1,3,3,327,340,4,8
XL_MS,1,1,3,96,122,1,1
XL_MS,1,1,1,96,307,1,1
XL_MS,1,1,3,96,341,1,1
XL_MS,1,1,1,117,331,1,1
XL_MS,1,1,9,151,262,1,1
XL_MS,1,2,1,345,44,4,4
XL_MS,1,2,1,345,216,1,1
XL_MS,1,2,4,345,350,1,1
XL_MS,1,2,11,345,318,1,1
XL_MS,1,2,1,345,261,1,1
XL_MS,1,2,5,345,343,6,6
XL_MS,1,2,7,345,184,1,1
XL_MS,1,2,5,345,290,1,1
XL_MS,1,2,1,345,157,1,1
XL_MS,1,2,2,345,345,1,1
XL_MS,1,2,3,345,336,1,1
XL_MS,1,2,2,345,345,2,2
XL_MS,1,2,10,345,332,1,1
XL_MS,1,2,2,345,184,3,4
XL_MS,1,2,6,345,323,1,1
XL_MS,1,2,8,345,271,1,1
XL_MS,1,1,1,192,192,3,3
XL_MS,1,2,5,243,215,1,1
XL_MS,1,2,5,243,350,1,2
XL_MS,1,2,9,243,350,2,5
XL_MS,1,2,5,243,215,1,1
XL_MS,1,2,2,243,163,1,1
XL_MS,1,2,1,243,213,1,1
XL_MS,1,2,4,243,143,1,1
XL_MS,1,1,1,119,56,1,1
XL_MS,1,1,1,119,140,1,1
XL_MS,1,1,1,119,339,1,1
XL_MS,1,1,9,119,141,1,1
XL_MS,1,1,6,119,239,1,1
XL_MS,1,1,5,119,197,2,2
XL_MS,1,1,3,119,246,1,1
XL_MS,1,1,7,119,62,1,1
XL_MS,1,1,8,119,299,1,1
XL_MS,1,1,2,119,110,1,1
XL_MS,1,1,4,119,332,1,1
XL_MS,1,1,3,119,327,1,1
XL_MS,1,1,1,119,325,1,1
XL_MS,1,1,3,119,238,1,1
XL_MS,1,1,1,119,185,1,1
XL_MS,1,1,1,206,288,1,1
XL_MS,1,1,5,206,270,1,1
XL_MS,1,1,2,318,325,1,1
XL_MS,1,1,3,318,349,1,1
XL_MS,1,1,4,246,258,1,1
XL_MS,1,1,1,246,277,3,3
XL_MS,1,1,1,246,206,1,1
XL_MS,1,1,4,97,220,1,1
XL_MS,1,1,9,97,340,1,1
XL_MS,1,1,2,97,254,1,1
XL_MS,1,1,1,97,99,1,1
XL_MS,1,1,1,97,235,1,1
XL_MS,1,1,4,97,335,1,1
XL_MS,1,1,6,97,214,1,1
XL_MS,1,1,1,97,334,1,1
XL_MS,1,1,1,97,307,1,1
XL_MS,1,1,3,97,332,1,1
XL_MS,1,1,1,191,192,4,4
XL_MS,1,1,9,191,286,1,1
XL_MS,1,1,2,165,30,1,1
XL_MS,1,1,1,165,210,1,1
XL_MS,1,1,4,165,327,1,1
XL_MS,1,1,3,142,31,1,1
XL_MS,1,1,1,142,145,1,1
XL_MS,1,1,1,142,189,1,1
XL_MS,1,1,1,207,200,1,1
XL_MS,1,1,1,207,215,1,1
XL_MS,1,1,3,207,294,2,2
XL_MS,1,1,5,207,345,1,1
XL_MS,1,1,5,207,316,1,1
XL_MS,1,1,1,207,95,2,2
XL_MS,1,1,7,180,300,1,1
XL_MS,1,1,1,180,307,1,1
XL_MS,1,1,3,180,219,2,2
XL_MS,1,1,1,180,125,1,1
XL_MS,1,2,1,192,83,1,1
XL_MS,1,2,2,192,286,1,1
XL_MS,1,2,2,312,279,1,1
XL_MS,1,1,11,212,350,1,1
XL_MS,1,1,1,200,215,2,2
XL_MS,1,1,1,200,217,1,1
XL_MS,1,1,2,200,342,1,1
XL_MS,1,1,2,200,343,1,1
XL_MS,1,1,1,200,229,1,1
XL_MS,1,2,1,31,166,1,1
XL_MS,1,1,1,147,147,3,3
XL_MS,1,1,1,147,156,3,3
XL_MS,1,1,1,183,249,1,1
XL_MS,1,1,1,183,81,1,1
XL_MS,1,1,6,183,110,1,1
XL_MS,1,1,2,183,250,1,1
XL_MS,1,1,1,152,156,2,2
XL_MS,1,1,1,152,145,1,1
XL_MS,1,1,1,215,217,1,1
XL_MS,1,1,1,215,207,1,1
XL_MS,1,1,1,215,213,1,1
XL_MS,1,1,1,215,227,1,1
XL_MS,1,1,1,215,229,1,1
XL_MS,1,3,2,344,344,2,2
XL_MS,1,3,2,344,347,1,1
XL_MS,1,3,2,344,333,1,1
XL_MS,1,3,3,344,246,1,1
XL_MS,1,3,2,344,318,1,1
XL_MS,1,3,1,344,299,1,1
XL_MS,1,3,2,31,344,1,1
XL_MS,1,3,2,333,318,2,2
XL_MS,1,3,6,333,350,1,1
XL_MS,1,2,1,346,248,1,1
XL_MS,1,2,4,346,310,1,1
XL_MS,1,2,2,346,131,1,1
XL_MS,1,2,3,346,348,1,1
XL_MS,1,2,1,346,55,1,1
XL_MS,1,2,3,127,329,1,1
XL_MS,1,2,1,127,334,1,1
XL_MS,1,2,3,127,350,1,1
XL_MS,1,2,1,262,181,1,1
XL_MS,1,2,1,337,205,1,1
XL_MS,1,2,6,337,350,1,1
XL_MS,1,1,1,184,184,4,4
XL_MS,1,1,1,264,151,5,5
XL_MS,1,1,1,264,158,3,3
XL_MS,1,1,1,264,266,5,5
XL_MS,1,1,1,264,263,2,2
XL_MS,1,1,1,264,115,8,8
XL_MS,1,1,1,264,217,5,5
XL_MS,1,1,1,264,154,1,1
XL_MS,1,1,1,264,157,1,1
XL_MS,1,1,10,264,215,1,1
XL_MS,1,1,6,264,329,2,2
XL_MS,1,1,1,264,134,1,1
XL_MS,1,1,2,264,110,5,10
XL_MS,1,1,4,264,298,2,2
XL_MS,1,1,1,264,166,1,1
XL_MS,1,1,1,145,216,1,1
XL_MS,1,1,8,145,243,5,5
XL_MS,1,1,4,145,195,1,1
XL_MS,1,1,5,145,350,1,1
XL_MS,1,1,2,145,81,1,1
XL_MS,1,1,1,145,309,1,1
XL_MS,1,1,1,145,224,1,1
XL_MS,1,1,2,145,330,1,1
XL_MS,1,1,1,145,145,23,23
XL_MS,1,1,2,288,348,15,19
XL_MS,1,1,1,288,288,5,5
XL_MS,1,1,5,288,295,1,1
XL_MS,1,1,4,288,174,1,1
XL_MS,1,1,1,288,198,1,1
XL_MS,1,1,1,288,242,1,1
XL_MS,1,1,5,288,308,1,1
XL_MS,1,1,6,254,265,2,2
XL_MS,1,1,1,254,254,1,1
XL_MS,1,1,1,204,257,3,3
XL_MS,1,1,1,204,196,1,1
XL_MS,1,1,5,204,311,1,1
XL_MS,1,1,4,204,231,1,1
XL_MS,1,1,1,204,172,1,1
XL_MS,1,1,2,204,315,1,1
XL_MS,1,1,2,146,342,1,1
XL_MS,1,1,1,146,148,2,2
XL_MS,1,1,3,146,320,1,1
XL_MS,1,1,1,146,174,1,1
XL_MS,1,1,1,136,115,2,2
XL_MS,1,1,1,136,257,1,1
XL_MS,1,1,4,136,330,1,1
XL_MS,1,1,1,136,157,1,1
XL_MS,1,1,5,136,309,1,1
XL_MS,1,1,1,136,288,1,1
XL_MS,1,1,10,136,208,1,1
XL_MS,1,1,2,136,286,1,1
XL_MS,1,1,1,136,145,1,1
XL_MS,1,1,5,136,308,1,1
XL_MS,1,1,5,136,350,1,1
XL_MS,1,1,9,136,279,1,1
XL_MS,1,1,8,136,321,1,1
XL_MS,1,1,6,136,168,1,1
XL_MS,1,1,1,136,268,1,1
XL_MS,1,1,4,136,350,2,2
XL_MS,1,1,2,136,195,1,1
XL_MS,1,2,4,321,288,2,2
XL_MS,1,2,1,321,167,1,1
XL_MS,1,1,1,92,257,15,15
XL_MS,1,1,6,92,312,1,1
XL_MS,1,1,3,92,327,1,1
XL_MS,1,1,1,92,154,1,1
XL_MS,1,1,1,92,194,1,1
XL_MS,1,1,2,92,349,1,1
XL_MS,1,1,6,92,292,1,1
XL_MS,1,1,5,92,269,1,1
XL_MS,1,1,4,178,30,1,1
XL_MS,1,1,5,178,328,1,1
XL_MS,1,1,1,193,193,1,1
XL_MS,1,1,2,102,278,1,1
XL_MS,1,1,2,102,170,1,1
XL_MS,1,1,4,102,314,2,2
XL_MS,1,1,8,102,301,1,1
XL_MS,1,1,8,102,306,1,1
XL_MS,1,1,3,102,195,1,1
XL_MS,1,1,5,102,268,1,1
XL_MS,1,1,2,102,305,1,1
XL_MS,1,1,12,102,350,1,1
XL_MS,1,1,4,102,246,2,2
XL_MS,1,1,8,102,310,1,1
XL_MS,1,1,5,102,318,1,1
XL_MS,1,1,4,102,301,1,1
XL_MS,1,1,1,102,329,1,1
XL_MS,1,1,2,102,342,1,1
XL_MS,1,1,2,102,339,1,1
XL_MS,1,1,4,102,30,1,1
XL_MS,1,1,1,102,301,1,1
XL_MS,1,3,3,341,341,2,3
XL_MS,1,1,1,197,154,5,5
XL_MS,1,2,1,348,255,1,1
XL_MS,1,2,1,348,116,1,1
XL_MS,1,2,2,297,296,1,2
XL_MS,1,2,1,348,288,3,4
XL_MS,1,2,9,348,275,1,2
XL_MS,1,2,5,348,317,1,1
XL_MS,1,2,5,348,350,1,1
XL_MS,1,2,9,348,344,1,1
XL_MS,1,2,1,297,117,1,1
XL_MS,1,2,2,348,345,1,1
XL_MS,1,2,7,297,350,1,1
XL_MS,1,2,4,348,278,1,1
XL_MS,1,2,10,348,344,1,1
XL_MS,1,1,8,119,332,1,1
XL_MS,1,1,10,119,297,1,1
XL_MS,1,1,4,119,256,1,1
XL_MS,1,1,3,95,294,1,1
XL_MS,1,1,3,95,221,1,1
XL_MS,1,1,3,95,316,2,2
XL_MS,1,1,5,95,332,1,1
XL_MS,1,1,1,85,309,1,1
XL_MS,1,1,1,342,181,1,1
XL_MS,1,1,1,342,206,1,1
XL_MS,1,1,3,342,156,2,2
XL_MS,1,2,2,321,47,5,5
XL_MS,1,2,6,321,256,1,1
XL_MS,1,2,4,248,350,1,1
XL_MS,1,2,8,248,292,1,1
XL_MS,1,2,2,248,273,1,1
XL_MS,1,2,10,248,178,1,1
XL_MS,1,2,7,248,230,1,1
XL_MS,1,2,3,248,350,1,1
XL_MS,1,2,6,248,350,1,1
XL_MS,1,2,5,248,350,1,1
XL_MS,1,2,1,321,312,1,1
XL_MS,1,2,5,321,317,1,1
XL_MS,1,2,1,248,112,1,1
XL_MS,1,2,1,321,315,1,1
XL_MS,1,2,1,248,106,1,1
XL_MS,1,2,2,248,345,1,1
XL_MS,1,1,1,247,255,8,8
XL_MS,1,1,1,247,245,22,22
XL_MS,1,1,1,247,246,8,8
XL_MS,1,1,6,247,350,1,1
XL_MS,1,1,6,247,327,1,1
XL_MS,1,1,1,90,89,2,2
XL_MS,1,1,1,194,143,1,1
XL_MS,1,1,1,194,151,3,3
XL_MS,1,1,1,194,158,2,2
XL_MS,1,1,1,194,125,1,1
XL_MS,1,1,3,194,257,4,4
XL_MS,1,1,4,194,345,4,4
XL_MS,1,1,2,194,301,2,2
XL_MS,1,1,1,194,299,2,2
XL_MS,1,1,2,194,240,1,1
XL_MS,1,1,9,194,350,1,1
XL_MS,1,1,3,194,208,1,1
XL_MS,1,1,3,194,345,1,1
XL_MS,1,1,1,194,64,1,1
XL_MS,1,1,1,330,327,7,7
XL_MS,1,1,4,330,72,1,1
XL_MS,1,1,3,330,343,1,1
XL_MS,1,1,4,327,333,1,1
XL_MS,1,1,3,327,257,1,1
XL_MS,1,1,3,149,111,1,1
XL_MS,1,2,2,166,276,1,3
XL_MS,1,2,1,166,146,1,1
XL_MS,1,2,1,166,118,1,1
XL_MS,1,2,1,166,115,1,1
XL_MS,1,2,4,274,79,3,5
XL_MS,1,2,4,274,350,2,2
XL_MS,1,2,3,166,344,1,1
XL_MS,1,2,6,166,350,1,1
XL_MS,1,2,2,276,342,1,1
XL_MS,1,2,1,130,218,1,1
XL_MS,1,2,4,276,336,1,1
XL_MS,1,2,6,130,350,2,3
XL_MS,1,2,3,130,323,1,1
XL_MS,1,2,1,276,344,1,1
XL_MS,1,1,1,208,151,1,1
XL_MS,1,1,1,208,158,7,7
XL_MS,1,1,2,208,226,1,1
XL_MS,1,1,1,208,188,1,1
XL_MS,1,1,4,208,175,1,1
XL_MS,1,1,1,208,185,1,1
XL_MS,1,1,1,130,115,1,1
XL_MS,1,1,1,130,135,1,1
XL_MS,1,1,1,130,178,1,1
XL_MS,1,1,4,130,196,1,1
XL_MS,1,1,1,146,126,1,1
XL_MS,1,1,1,146,263,1,1
XL_MS,1,1,1,146,249,1,1
XL_MS,1,1,1,146,135,1,1
XL_MS,1,1,1,146,317,3,3
XL_MS,1,1,1,146,176,1,1
XL_MS,1,1,1,146,199,1,1
XL_MS,1,1,1,146,188,1,1
XL_MS,1,1,2,146,233,1,1
XL_MS,1,1,3,146,319,1,1
XL_MS,1,1,2,146,272,1,1
XL_MS,1,1,4,146,322,1,1
XL_MS,1,1,3,146,333,1,1
XL_MS,1,1,1,146,253,2,2
XL_MS,1,1,5,183,313,1,1
XL_MS,1,1,1,255,246,4,4
XL_MS,1,1,2,255,290,1,1
XL_MS,1,1,3,255,305,1,1
XL_MS,1,1,4,255,200,1,1
XL_MS,1,1,6,255,335,1,1
XL_MS,1,1,8,255,347,1,1
XL_MS,1,1,1,255,228,1,1
XL_MS,1,1,3,255,245,1,1
XL_MS,1,1,2,255,323,1,1
XL_MS,1,1,1,255,118,1,1
XL_MS,1,1,1,255,101,1,1
XL_MS,1,1,1,151,151,2,2
XL_MS,1,1,1,151,125,2,2
XL_MS,1,1,1,151,115,1,1
XL_MS,1,1,2,151,335,3,3
XL_MS,1,1,1,151,115,1,1
XL_MS,1,1,6,151,265,1,1
XL_MS,1,1,3,151,107,1,1
XL_MS,1,1,2,151,298,1,1
XL_MS,1,1,3,151,340,2,2
XL_MS,1,1,2,151,189,1,1
XL_MS,1,1,1,151,106,2,2
XL_MS,1,1,6,151,314,1,1
XL_MS,1,1,1,151,252,1,1
XL_MS,1,1,7,151,339,2,2
XL_MS,1,1,2,151,252,1,1
XL_MS,1,1,7,151,260,1,1
XL_MS,1,1,1,143,249,1,1
XL_MS,1,1,1,143,133,2,2
XL_MS,1,1,1,143,115,1,1
XL_MS,1,1,9,143,327,1,1
XL_MS,1,1,4,143,307,1,1
XL_MS,1,1,1,152,145,4,4
XL_MS,1,1,1,152,125,4,4
XL_MS,1,1,1,152,83,1,1
XL_MS,1,1,3,152,258,1,1
XL_MS,1,1,6,152,341,1,1
XL_MS,1,1,2,152,300,1,1
XL_MS,1,1,2,152,239,1,1
XL_MS,1,1,1,56,145,1,1
XL_MS,1,1,1,56,156,1,1
XL_MS,1,1,4,56,350,1,1
XL_MS,1,1,1,56,331,1,1
XL_MS,1,1,1,151,115,5,5
XL_MS,1,1,1,151,218,1,1
XL_MS,1,1,1,151,196,3,3
XL_MS,1,1,3,151,339,1,1
XL_MS,1,1,5,151,139,1,1
XL_MS,1,1,5,151,254,1,1
XL_MS,1,1,2,151,232,1,1
XL_MS,1,1,10,151,335,1,1
XL_MS,1,1,3,151,326,1,2
XL_MS,1,1,3,151,279,1,1
XL_MS,1,1,2,151,329,1,1
XL_MS,1,1,1,158,263,2,2
XL_MS,1,1,3,158,329,1,1
XL_MS,1,1,1,158,196,1,1
XL_MS,1,1,1,158,188,2,2
XL_MS,1,1,5,158,350,1,1
XL_MS,1,1,5,158,335,1,1
XL_MS,1,1,7,158,307,1,1
XL_MS,1,1,1,158,315,1,1
XL_MS,1,1,1,158,206,1,1
XL_MS,1,1,3,158,257,1,1
XL_MS,1,1,3,158,290,1,1
XL_MS,1,1,1,158,148,1,1
XL_MS,1,1,1,92,76,3,3
XL_MS,1,1,4,92,336,1,1
XL_MS,1,1,8,92,313,1,1
XL_MS,1,1,1,86,118,1,1
XL_MS,1,1,1,76,118,1,1
XL_MS,1,1,3,76,94,2,2
XL_MS,1,1,1,80,91,1,1
XL_MS,1,1,1,119,118,3,3
XL_MS,1,1,2,118,161,2,2
XL_MS,1,1,1,118,156,1,1
XL_MS,1,1,5,118,335,1,1
XL_MS,1,1,1,118,46,1,1
XL_MS,1,1,3,118,245,2,2
XL_MS,1,1,1,126,249,1,1
XL_MS,1,1,1,126,178,1,1
XL_MS,1,1,5,126,331,1,1
XL_MS,1,1,6,126,320,1,1
XL_MS,1,1,3,126,303,1,1
XL_MS,1,1,1,126,105,1,1
XL_MS,1,1,1,44,192,1,1
XL_MS,1,1,1,44,44,1,1
XL_MS,1,1,5,44,350,1,1
XL_MS,1,1,4,44,343,1,1
XL_MS,1,1,3,44,334,1,1
XL_MS,1,1,7,44,183,1,1
XL_MS,1,1,2,44,309,1,1
XL_MS,1,2,2,47,273,1,1
XL_MS,1,2,2,47,282,3,3
XL_MS,1,2,6,47,350,1,1
XL_MS,1,2,3,342,147,1,1
XL_MS,1,2,2,47,345,1,1
XL_MS,1,1,1,266,140,1,1
XL_MS,1,1,1,266,245,1,1
XL_MS,1,1,2,266,282,1,1
XL_MS,1,1,1,266,320,1,1
XL_MS,1,1,4,266,349,2,2
XL_MS,1,1,9,266,280,1,1
XL_MS,1,1,3,266,323,1,1
XL_MS,1,1,2,266,162,1,1
XL_MS,1,1,3,266,281,1,1
XL_MS,1,1,4,266,316,1,1
XL_MS,1,1,1,266,308,1,1
XL_MS,1,1,10,266,350,1,1
XL_MS,1,1,4,266,311,1,1
XL_MS,1,1,1,216,218,4,4
XL_MS,1,2,2,276,236,1,1
XL_MS,1,2,2,161,271,1,1
XL_MS,1,2,1,276,259,1,1
XL_MS,1,2,4,161,322,1,1
XL_MS,1,2,3,161,265,1,1
XL_MS,1,1,1,263,309,1,1
XL_MS,1,1,1,263,135,1,1
XL_MS,1,1,1,263,176,1,1
XL_MS,1,1,1,263,188,1,1
XL_MS,1,1,1,263,115,1,1
XL_MS,1,1,2,263,305,1,1
XL_MS,1,1,3,263,304,1,1
XL_MS,1,1,1,263,105,1,1
XL_MS,1,1,2,263,301,1,1
XL_MS,1,1,1,309,309,3,3
XL_MS,1,1,3,309,288,1,1
XL_MS,1,2,2,347,344,18,18
XL_MS,1,2,2,347,346,10,10
XL_MS,1,2,2,347,347,9,9
XL_MS,1,2,6,347,38,1,1
XL_MS,1,2,3,30,294,1,2
XL_MS,1,2,2,347,333,1,2
XL_MS,1,2,4,347,350,6,11
XL_MS,1,2,1,30,187,1,1
XL_MS,1,2,2,347,346,4,5
XL_MS,1,2,5,347,343,2,2
XL_MS,1,2,4,30,201,1,1
XL_MS,1,2,2,347,345,2,2
XL_MS,1,2,9,347,340,1,1
XL_MS,1,2,4,347,342,3,5
XL_MS,1,2,5,347,264,1,2
XL_MS,1,1,1,156,178,1,1
XL_MS,1,1,1,156,89,3,3
XL_MS,1,1,1,156,196,1,1
XL_MS,1,1,12,156,296,1,1
XL_MS,1,1,3,156,341,1,1
XL_MS,1,1,4,156,213,1,1
XL_MS,1,1,1,156,167,1,1
XL_MS,1,1,2,156,122,1,1
XL_MS,1,1,1,156,311,2,2
XL_MS,1,1,6,156,256,1,1
XL_MS,1,1,6,156,197,1,1
XL_MS,1,1,2,156,339,1,1
XL_MS,1,1,2,156,319,1,1
XL_MS,1,1,3,249,45,1,1
XL_MS,1,1,11,249,311,2,2
XL_MS,1,1,4,249,185,7,7
XL_MS,1,1,2,249,325,1,1
XL_MS,1,1,2,249,296,2,2
XL_MS,1,1,4,249,319,2,2
XL_MS,1,1,1,249,219,1,1
XL_MS,1,1,1,205,201,2,2
XL_MS,1,1,1,205,201,4,4
XL_MS,1,1,1,216,317,1,1
XL_MS,1,1,5,216,314,1,1
XL_MS,1,1,3,216,319,2,2
XL_MS,1,1,1,216,314,1,1
XL_MS,1,1,4,216,288,2,2
XL_MS,1,1,3,216,340,1,1
XL_MS,1,1,8,216,307,1,1
XL_MS,1,1,3,216,317,1,1
XL_MS,1,1,4,216,283,1,1
XL_MS,1,1,7,216,340,1,1
XL_MS,1,1,2,216,273,1,1
XL_MS,1,1,2,216,309,1,1
XL_MS,1,1,2,216,338,1,1
XL_MS,1,1,1,140,69,1,1
XL_MS,1,1,1,140,115,3,3
XL_MS,1,1,1,140,178,2,2
XL_MS,1,1,1,140,257,1,1
XL_MS,1,1,1,140,157,3,3
XL_MS,1,1,1,140,176,1,1
XL_MS,1,1,3,140,341,1,1
XL_MS,1,1,4,140,265,1,1
XL_MS,1,1,1,140,314,1,1
XL_MS,1,1,2,184,317,3,3
XL_MS,1,1,1,145,224,1,1
XL_MS,1,1,1,145,199,1,1
XL_MS,1,1,4,145,315,1,1
XL_MS,1,1,3,145,274,1,1
XL_MS,1,1,3,145,348,1,1
XL_MS,1,1,4,145,339,1,1
XL_MS,1,1,8,145,326,1,1
XL_MS,1,1,1,145,201,1,1
XL_MS,1,1,5,145,311,1,1
XL_MS,1,1,2,145,298,1,1
XL_MS,1,1,2,145,298,3,3
XL_MS,1,1,1,145,184,1,1
XL_MS,1,1,2,145,342,1,1
XL_MS,1,1,3,145,292,2,2
XL_MS,1,1,6,145,333,1,1
XL_MS,1,1,4,145,30,1,1
XL_MS,1,1,5,145,339,1,1
XL_MS,1,1,8,145,350,1,1
XL_MS,1,1,3,130,263,1,1
XL_MS,1,1,1,133,157,4,4
XL_MS,1,1,3,133,340,1,1
XL_MS,1,1,2,133,333,1,1
XL_MS,1,1,4,133,323,1,1
XL_MS,1,1,4,133,143,1,1
XL_MS,1,1,5,133,350,1,1
XL_MS,1,1,1,125,125,1,1
XL_MS,1,1,1,125,217,2,2
XL_MS,1,1,1,125,178,5,5
XL_MS,1,1,8,125,326,1,1
XL_MS,1,1,1,125,320,1,1
XL_MS,1,1,6,125,261,1,1
XL_MS,1,1,3,125,72,1,1
XL_MS,1,1,4,125,251,1,2
XL_MS,1,1,8,125,350,1,1
XL_MS,1,1,1,125,226,1,1
XL_MS,1,1,5,125,320,1,1
XL_MS,1,1,1,125,230,1,1
XL_MS,1,1,1,125,105,1,1
XL_MS,1,1,7,125,339,1,1
XL_MS,1,1,1,115,69,1,1
XL_MS,1,1,1,115,115,1,1
XL_MS,1,1,2,115,328,1,1
XL_MS,1,1,1,69,115,2,2
XL_MS,1,1,2,69,298,2,3
XL_MS,1,1,2,69,252,1,1
XL_MS,1,1,2,69,328,1,1
XL_MS,1,1,2,69,160,1,1
XL_MS,1,1,4,133,333,1,1
XL_MS,1,1,4,133,152,5,5
XL_MS,1,1,2,133,234,1,1
XL_MS,1,1,2,133,242,1,1
XL_MS,1,1,1,340,75,4,4
XL_MS,1,1,1,340,68,4,4
XL_MS,1,1,14,340,204,1,1
XL_MS,1,1,1,340,72,4,4
XL_MS,1,1,1,340,75,1,1
XL_MS,1,1,1,115,178,3,3
XL_MS,1,1,1,115,288,1,1
XL_MS,1,1,5,115,139,2,2
XL_MS,1,1,2,115,110,2,2
XL_MS,1,1,7,115,338,1,1
XL_MS,1,1,1,115,198,1,1
XL_MS,1,1,1,115,190,1,1
XL_MS,1,1,2,115,160,1,1
XL_MS,1,1,1,51,51,3,3
XL_MS,1,1,1,51,51,2,2
XL_MS,1,1,1,125,257,1,1
XL_MS,1,1,1,125,157,1,1
XL_MS,1,1,1,125,280,1,1
XL_MS,1,1,3,125,341,1,1
XL_MS,1,1,7,125,241,1,1
XL_MS,1,1,1,125,158,4,4
XL_MS,1,1,5,125,311,1,1
XL_MS,1,1,1,125,332,1,1
XL_MS,1,1,1,125,99,1,1
XL_MS,1,1,1,217,178,2,2
XL_MS,1,1,1,217,106,4,4
XL_MS,1,1,8,217,322,1,1
XL_MS,1,1,5,217,350,1,1
XL_MS,1,1,4,217,302,1,1
XL_MS,1,1,8,217,30,1,1
XL_MS,1,1,3,217,161,1,1
XL_MS,1,1,2,217,266,1,1
XL_MS,1,1,5,217,350,1,1
XL_MS,1,1,7,217,285,1,1
XL_MS,1,1,6,217,252,1,1
XL_MS,1,1,1,217,106,6,6
XL_MS,1,1,3,217,263,1,1
XL_MS,1,1,6,217,331,1,1
XL_MS,1,1,3,217,327,1,1
XL_MS,1,1,1,135,178,1,1
XL_MS,1,1,1,135,288,1,1
XL_MS,1,1,2,135,317,1,1
XL_MS,1,1,4,135,257,1,1
XL_MS,1,1,2,135,236,1,1
XL_MS,1,1,4,135,315,1,1
XL_MS,1,1,1,135,300,1,1
XL_MS,1,1,2,178,226,1,1
XL_MS,1,1,1,178,106,1,1
XL_MS,1,1,1,178,176,1,1
XL_MS,1,1,1,178,199,1,1
XL_MS,1,1,5,178,314,1,1
XL_MS,1,1,2,178,233,1,1
XL_MS,1,1,3,178,334,1,1
XL_MS,1,1,5,178,350,1,1
XL_MS,1,1,2,178,298,1,1
XL_MS,1,1,2,178,329,1,1
XL_MS,1,1,6,178,285,1,1
XL_MS,1,1,1,178,190,1,1
XL_MS,1,1,1,257,196,1,1
XL_MS,1,1,6,257,350,1,1
XL_MS,1,1,4,257,324,1,1
XL_MS,1,1,3,257,329,1,1
XL_MS,1,1,6,257,208,1,1
XL_MS,1,1,8,257,322,1,1
XL_MS,1,1,6,257,318,1,1
XL_MS,1,1,1,257,161,1,1
XL_MS,1,1,1,257,307,1,1
XL_MS,1,1,3,257,276,1,1
XL_MS,1,1,3,257,237,1,1
XL_MS,1,1,6,257,292,1,1
XL_MS,1,1,6,257,350,1,1
XL_MS,1,1,10,257,289,1,1
XL_MS,1,1,1,257,181,1,1
XL_MS,1,1,7,257,339,1,1
XL_MS,1,1,4,165,303,1,1
XL_MS,1,1,2,165,233,1,1
XL_MS,1,1,2,165,232,1,1
XL_MS,1,1,9,165,350,1,1
XL_MS,1,1,4,165,150,2,2
XL_MS,1,1,4,165,250,1,1
XL_MS,1,1,8,165,350,1,1
XL_MS,1,1,3,165,334,1,1
XL_MS,1,1,2,165,328,1,1
XL_MS,1,1,1,165,101,1,1
XL_MS,1,1,2,165,140,1,1
XL_MS,1,1,10,165,272,1,1
XL_MS,1,1,1,165,301,1,1
XL_MS,1,1,2,165,234,1,1
XL_MS,1,1,1,156,154,1,1
XL_MS,1,1,1,156,185,1,1
XL_MS,1,1,2,156,30,1,1
XL_MS,1,1,1,156,348,3,3
XL_MS,1,1,2,156,312,1,1
XL_MS,1,1,1,156,152,1,1
XL_MS,1,1,2,156,296,1,1
XL_MS,1,1,11,156,112,1,1
XL_MS,1,1,6,156,341,1,1
XL_MS,1,1,2,156,244,1,1
XL_MS,1,1,1,156,166,1,1
XL_MS,1,1,1,128,215,2,2
XL_MS,1,1,5,128,325,1,1
XL_MS,1,1,1,128,348,3,3
XL_MS,1,1,7,128,267,2,2
XL_MS,1,1,1,128,246,1,1
XL_MS,1,1,2,128,296,1,1
XL_MS,1,1,2,128,297,1,1
XL_MS,1,1,2,128,204,1,1
XL_MS,1,1,11,128,258,1,1
XL_MS,1,1,1,128,196,1,1
XL_MS,1,1,1,288,331,2,2
XL_MS,1,5,3,215,291,2,2
XL_MS,1,5,5,215,215,4,5
XL_MS,1,5,4,350,317,1,1
XL_MS,1,5,4,215,349,1,1
XL_MS,1,5,1,350,275,2,2
XL_MS,1,5,1,215,346,1,1
XL_MS,1,5,11,215,301,1,1
XL_MS,1,5,4,215,344,1,1
XL_MS,1,5,2,350,272,11,16
XL_MS,1,5,5,350,297,1,1
XL_MS,1,5,6,215,306,1,1
XL_MS,1,5,3,215,234,1,1
XL_MS,1,5,3,215,327,1,1
XL_MS,1,1,1,116,100,4,4
XL_MS,1,1,3,116,305,1,1
XL_MS,1,2,6,300,300,8,10
XL_MS,1,2,1,323,75,1,1
XL_MS,1,2,1,323,257,1,1
XL_MS,1,2,1,323,72,1,1
XL_MS,1,1,3,170,30,1,3
XL_MS,1,1,3,170,334,1,1
XL_MS,1,1,5,170,195,1,1
XL_MS,1,1,2,245,285,1,1
XL_MS,1,1,1,245,102,1,1
XL_MS,1,1,1,245,341,1,1
XL_MS,1,1,6,245,344,1,1
XL_MS,1,1,1,245,209,1,1
XL_MS,1,1,4,245,201,1,1
XL_MS,1,1,1,245,306,1,1
XL_MS,1,1,6,245,198,2,2
XL_MS,1,1,7,245,339,1,1
XL_MS,1,2,6,267,300,1,1
XL_MS,1,2,2,267,331,1,1
XL_MS,1,2,6,267,350,1,1
XL_MS,1,1,6,240,350,1,1
XL_MS,1,1,8,240,298,1,1
XL_MS,1,1,1,89,315,1,1
XL_MS,1,1,3,89,306,1,1
XL_MS,1,1,1,89,179,1,1
XL_MS,1,1,1,89,89,6,6
XL_MS,1,1,3,89,350,1,1
XL_MS,1,1,1,89,328,1,1
XL_MS,1,1,1,70,196,1,1
XL_MS,1,1,14,70,350,1,1
XL_MS,1,1,11,70,311,1,1
XL_MS,1,1,7,70,62,1,1
XL_MS,1,1,3,70,238,1,1
XL_MS,1,1,3,70,317,1,1
XL_MS,1,1,11,70,350,1,1
XL_MS,1,1,2,70,102,1,1
XL_MS,1,1,1,70,185,1,1
XL_MS,1,1,1,70,64,2,2
XL_MS,1,1,4,163,350,1,1
XL_MS,1,1,4,163,350,1,1
XL_MS,1,1,3,83,315,1,1
XL_MS,1,1,1,83,270,1,1
XL_MS,1,1,1,154,257,1,1
XL_MS,1,1,1,154,221,1,1
XL_MS,1,1,1,154,154,4,4
XL_MS,1,1,1,154,153,3,3
XL_MS,1,1,5,154,340,1,1
XL_MS,1,1,4,317,321,1,1
XL_MS,1,1,2,317,160,1,1
XL_MS,1,2,2,344,347,23,23
XL_MS,1,2,2,344,303,2,5
XL_MS,1,2,2,344,217,3,5
XL_MS,1,2,5,344,327,1,1
XL_MS,1,2,1,344,349,1,1
XL_MS,1,2,5,344,343,5,5
XL_MS,1,2,4,344,314,1,1
XL_MS,1,2,6,344,350,1,1
XL_MS,1,2,3,344,340,1,1
XL_MS,1,2,2,344,184,1,1
XL_MS,1,2,5,344,152,1,1
XL_MS,1,2,4,344,30,1,1
XL_MS,1,2,1,344,166,2,2
XL_MS,1,2,5,31,295,1,1
XL_MS,1,2,1,344,253,1,1
XL_MS,1,2,2,346,347,11,11
XL_MS,1,2,2,346,347,9,9
XL_MS,1,2,2,346,333,1,2
XL_MS,1,2,2,346,346,4,4
XL_MS,1,2,5,346,343,2,2
XL_MS,1,2,11,346,325,1,1
XL_MS,1,2,2,346,345,2,2
XL_MS,1,2,4,346,342,2,3
XL_MS,1,1,3,158,238,1,1
XL_MS,1,1,4,158,30,1,1
XL_MS,1,1,11,86,301,1,1
XL_MS,1,1,6,86,306,1,1
XL_MS,1,1,3,86,234,1,1
XL_MS,1,1,3,86,327,1,1
XL_MS,1,1,4,44,295,1,1
XL_MS,1,1,1,44,184,1,1
XL_MS,1,1,1,44,259,1,1
XL_MS,1,1,4,44,30,1,1
XL_MS,1,1,1,309,339,1,1
XL_MS,1,1,1,324,282,1,1
XL_MS,1,1,3,324,322,1,1
XL_MS,1,1,1,324,291,1,1
XL_MS,1,1,3,324,235,1,1
XL_MS,1,1,6,324,142,1,1
XL_MS,1,1,1,324,179,1,1
XL_MS,1,1,1,324,190,1,1
XL_MS,1,1,2,324,336,1,1
XL_MS,1,1,2,324,334,2,2
XL_MS,1,1,1,179,192,2,2
XL_MS,1,1,1,248,185,1,1
XL_MS,1,1,1,248,350,1,1
XL_MS,1,1,3,248,334,1,1
XL_MS,1,1,5,248,343,1,1
XL_MS,1,1,6,248,285,1,1
XL_MS,1,1,1,248,285,1,1
XL_MS,1,2,2,347,347,10,10
XL_MS,1,2,6,347,139,1,1
XL_MS,1,2,10,347,325,1,1
XL_MS,1,2,3,347,314,1,1
XL_MS,1,2,5,347,343,2,2
XL_MS,1,2,7,347,317,1,1
XL_MS,1,2,2,347,344,1,1
XL_MS,1,2,2,347,262,1,1
XL_MS,1,2,3,347,138,1,1
XL_MS,1,2,2,347,345,2,2
XL_MS,1,2,8,347,304,1,1
XL_MS,1,2,1,347,131,1,1
XL_MS,1,2,4,347,342,3,4
XL_MS,1,2,12,347,101,1,1
XL_MS,1,1,1,154,244,1,1
XL_MS,1,1,1,154,125,1,1
XL_MS,1,1,3,154,344,1,1
XL_MS,1,2,8,226,257,1,1
XL_MS,1,2,6,236,333,1,1
XL_MS,1,2,11,236,328,1,1
XL_MS,1,2,4,226,298,1,1
XL_MS,1,2,10,236,350,1,1
XL_MS,1,2,4,226,328,2,2
XL_MS,1,2,1,226,105,1,1
XL_MS,1,2,3,236,341,1,1
XL_MS,1,2,2,347,303,1,1
XL_MS,1,2,2,347,333,1,2
XL_MS,1,2,3,347,38,1,1
XL_MS,1,2,2,347,346,4,4
XL_MS,1,2,5,347,343,2,2
XL_MS,1,2,2,347,345,2,2
XL_MS,1,2,4,347,342,2,3
XL_MS,1,3,3,66,66,1,1
XL_MS,1,3,3,311,310,2,2
XL_MS,1,3,3,66,67,2,3
XL_MS,1,3,3,311,309,3,5
XL_MS,1,3,3,310,67,1,2
XL_MS,1,3,3,310,309,6,13
XL_MS,1,3,3,66,67,1,1
XL_MS,1,3,2,310,312,1,2
XL_MS,1,3,3,67,300,1,1
XL_MS,1,1,3,147,342,1,1
XL_MS,1,1,8,147,282,2,2
XL_MS,1,1,1,147,198,1,1
XL_MS,1,1,1,147,270,2,2
XL_MS,1,1,4,147,350,1,1
XL_MS,1,5,5,66,66,1,1
XL_MS,1,4,3,246,323,1,1
XL_MS,1,4,5,255,185,1,1
XL_MS,1,4,2,244,336,1,1
XL_MS,1,4,3,255,311,1,1
XL_MS,1,4,3,255,265,1,1
XL_MS,1,4,6,246,128,1,2
XL_MS,1,4,2,255,347,1,1
XL_MS,1,4,1,255,234,1,1
XL_MS,1,4,1,206,244,2,2
XL_MS,1,4,1,244,291,3,3
XL_MS,1,4,2,255,299,1,1
XL_MS,1,4,4,246,174,3,4
XL_MS,1,4,2,244,342,1,1
XL_MS,1,4,1,255,322,1,1
XL_MS,1,2,9,252,329,1,1
XL_MS,1,2,2,252,248,1,1
XL_MS,1,6,5,256,289,1,1
XL_MS,1,1,7,283,265,1,1
XL_MS,1,1,3,283,235,1,1
XL_MS,1,1,1,283,322,1,1
XL_MS,1,1,1,283,154,1,1
XL_MS,1,4,1,256,255,1,1
XL_MS,1,4,8,256,94,1,1
XL_MS,1,4,1,283,213,2,2
XL_MS,1,4,5,265,257,1,1
XL_MS,1,4,1,265,78,1,1
XL_MS,1,3,3,258,344,2,2
XL_MS,1,3,6,258,338,1,3
XL_MS,1,2,2,335,125,1,1
XL_MS,1,4,3,189,303,1,1
XL_MS,1,9,1,349,306,1,1
XL_MS,1,2,6,346,346,1,1
XL_MS,1,3,3,329,334,1,1
XL_MS,1,3,5,329,350,1,1
XL_MS,1,3,6,329,247,1,1
XL_MS,1,3,8,300,350,1,1
XL_MS,1,3,1,329,268,1,1
XL_MS,1,3,3,329,209,1,1
XL_MS,1,3,4,329,336,1,1
XL_MS,1,1,3,241,347,1,1
XL_MS,1,1,2,153,347,1,1
XL_MS,1,1,1,153,176,1,1
XL_MS,1,4,1,327,305,2,2
XL_MS,1,5,2,133,191,1,1
XL_MS,1,2,3,153,151,3,5
XL_MS,1,2,1,267,282,1,1
XL_MS,1,2,8,153,208,2,2
XL_MS,1,2,1,153,333,2,2
XL_MS,1,2,3,153,342,2,2
XL_MS,1,2,2,153,311,2,2
XL_MS,1,2,1,153,314,2,2
XL_MS,1,2,3,153,349,2,2
XL_MS,1,2,2,153,308,2,2
XL_MS,1,2,3,153,345,2,2
XL_MS,1,1,4,227,315,1,1
XL_MS,1,1,3,227,314,1,1
XL_MS,1,4,4,329,337,1,1
XL_MS,1,2,1,329,173,2,2
XL_MS,1,2,2,329,252,1,1
XL_MS,1,2,3,329,304,1,1
XL_MS,1,2,4,329,350,2,2
XL_MS,1,2,1,329,258,6,6
XL_MS,1,1,2,173,182,2,2
XL_MS,1,1,2,173,302,2,2
XL_MS,1,1,6,173,222,2,2
XL_MS,1,1,2,173,234,1,1
XL_MS,1,1,1,173,205,4,4
XL_MS,1,1,2,201,335,1,1
XL_MS,1,1,2,323,338,7,7
XL_MS,1,1,1,323,307,1,1
XL_MS,1,1,3,323,324,1,1
XL_MS,1,1,2,323,312,1,1
XL_MS,1,1,4,323,309,1,1
XL_MS,1,1,1,103,324,1,1
XL_MS,1,1,1,194,142,1,1
XL_MS,1,1,3,257,275,1,1
XL_MS,1,1,3,257,336,1,1
XL_MS,1,1,1,257,205,3,3
XL_MS,1,1,1,257,199,1,1
XL_MS,1,1,1,87,118,1,1
XL_MS,1,1,1,218,205,2,2
XL_MS,1,1,1,125,205,1,1
XL_MS,1,1,1,125,190,1,1
XL_MS,1,2,4,338,288,1,1
XL_MS,1,2,4,338,211,1,1
XL_MS,1,2,4,338,309,2,2
XL_MS,1,2,5,338,350,1,1
XL_MS,1,2,1,338,187,2,2
XL_MS,1,2,1,338,242,3,3
XL_MS,1,2,6,338,332,1,1
XL_MS,1,1,6,282,350,1,1
XL_MS,1,1,14,210,350,1,1
XL_MS,1,1,8,210,337,1,1
XL_MS,1,1,5,210,131,1,1
XL_MS,1,1,2,210,349,1,1
XL_MS,1,1,1,210,230,1,1
XL_MS,1,2,7,265,30,1,1
XL_MS,1,2,10,282,191,1,1
XL_MS,1,2,9,282,178,1,1
XL_MS,1,2,5,282,197,1,1
XL_MS,1,2,1,282,100,1,1
XL_MS,1,1,1,157,189,1,1
XL_MS,1,1,8,157,216,1,1
XL_MS,1,1,2,157,286,1,1
XL_MS,1,1,3,157,310,1,1
XL_MS,1,1,4,157,67,1,1
XL_MS,1,1,2,106,132,3,3
XL_MS,1,1,11,106,350,1,1
XL_MS,1,1,11,106,241,1,1
XL_MS,1,1,1,106,106,11,11
XL_MS,1,1,2,106,330,1,1
XL_MS,1,1,4,185,187,1,1
XL_MS,1,1,1,185,257,1,1
XL_MS,1,1,4,193,336,1,1
XL_MS,1,1,2,104,181,1,1
XL_MS,1,1,6,104,130,11,12
XL_MS,1,1,6,104,350,7,8
XL_MS,1,1,1,104,248,6,6
XL_MS,1,1,1,196,224,1,1
XL_MS,1,1,1,196,188,1,1
XL_MS,1,1,5,196,139,1,1
XL_MS,1,1,1,196,205,1,1
XL_MS,1,1,1,196,206,1,1
XL_MS,1,1,5,196,118,1,1
XL_MS,1,1,2,196,345,1,1
XL_MS,1,1,4,196,299,1,1
XL_MS,1,1,4,196,190,1,1
XL_MS,1,1,3,196,151,1,1
XL_MS,1,1,1,196,230,1,1
XL_MS,1,1,1,196,124,2,2
XL_MS,1,1,4,196,173,1,1
XL_MS,1,1,8,196,285,1,1
XL_MS,1,1,4,59,171,1,1
XL_MS,1,1,13,59,268,1,1
XL_MS,1,1,1,59,201,1,1
XL_MS,1,1,1,164,344,1,1
XL_MS,1,1,1,164,331,1,1
XL_MS,1,1,1,164,238,3,3
XL_MS,1,1,4,164,311,1,1
XL_MS,1,1,3,346,333,1,1
XL_MS,1,6,5,98,315,1,1
XL_MS,1,1,2,105,238,1,1
XL_MS,1,1,4,105,190,3,6
XL_MS,1,1,8,105,350,1,1
XL_MS,1,1,2,105,271,1,1
XL_MS,1,1,1,105,299,2,2
XL_MS,1,1,1,105,194,1,1
XL_MS,1,1,1,105,198,1,1
XL_MS,1,1,2,105,332,1,1
XL_MS,1,1,3,105,302,3,3
XL_MS,1,2,1,263,106,1,1
XL_MS,1,1,3,246,347,2,2
XL_MS,1,1,1,246,299,2,2
XL_MS,1,1,3,246,341,1,1
XL_MS,1,1,1,246,279,1,1
XL_MS,1,1,7,246,229,1,1
XL_MS,1,1,5,246,350,3,3
XL_MS,1,1,2,246,290,2,2
XL_MS,1,1,3,246,350,1,1
XL_MS,1,1,7,246,322,1,1
XL_MS,1,1,3,246,288,1,1
XL_MS,1,1,3,246,230,3,3
XL_MS,1,1,4,246,277,1,1
XL_MS,1,1,3,246,225,3,3
XL_MS,1,1,6,246,350,1,1
XL_MS,1,1,4,246,331,1,1
XL_MS,1,2,1,331,125,1,1
XL_MS,1,6,11,222,350,1,1
XL_MS,1,6,8,222,299,1,1
XL_MS,1,6,1,285,326,1,1
XL_MS,1,6,5,288,319,1,1
XL_MS,1,1,1,292,215,1,1
XL_MS,1,1,1,322,312,1,1
XL_MS,1,1,5,322,350,1,1
XL_MS,1,9,5,350,217,1,1
XL_MS,1,9,2,350,342,1,1
XL_MS,1,9,3,350,320,1,1
XL_MS,1,9,3,350,276,1,1
XL_MS,1,9,1,250,277,1,1
XL_MS,1,9,3,350,350,1,1
XL_MS,1,1,3,224,322,1,1
XL_MS,1,1,5,224,350,1,1
XL_MS,1,1,7,224,328,1,1
XL_MS,1,1,7,189,284,1,1
XL_MS,1,1,4,189,313,1,1
XL_MS,1,1,4,189,264,1,1
XL_MS,1,1,4,189,329,1,1
XL_MS,1,1,3,189,343,1,1
XL_MS,1,1,7,189,298,1,1
XL_MS,1,1,5,189,331,1,1
XL_MS,1,2,9,327,240,1,1
XL_MS,1,3,9,251,350,1,1
XL_MS,1,3,2,278,317,3,6
XL_MS,1,3,6,335,350,1,1
XL_MS,1,3,2,335,323,5,5
XL_MS,1,3,4,335,333,1,1
XL_MS,1,3,5,251,287,1,1
XL_MS,1,3,1,251,262,1,1
XL_MS,1,3,2,251,262,1,1
XL_MS,1,3,12,251,340,1,1
XL_MS,1,3,3,251,106,1,1
XL_MS,1,3,4,278,292,1,1
XL_MS,1,3,4,335,174,1,1
XL_MS,1,3,6,278,350,1,1
XL_MS,1,3,2,251,258,1,1
XL_MS,1,10,3,350,227,2,2
XL_MS,1,10,1,340,176,1,1
XL_MS,1,10,3,323,323,1,1
XL_MS,1,10,2,323,220,2,2
XL_MS,1,10,2,340,211,1,1
XL_MS,1,10,3,284,347,1,1
XL_MS,1,10,3,254,95,1,1
XL_MS,1,10,2,215,318,1,1
XL_MS,1,10,4,254,350,1,1
XL_MS,1,10,4,123,346,1,1
XL_MS,1,10,1,323,312,3,3
XL_MS,1,10,3,215,343,1,1
XL_MS,1,2,3,182,330,1,1
XL_MS,1,1,10,290,204,2,2
XL_MS,1,1,6,290,282,1,1
XL_MS,1,1,7,290,114,1,1
XL_MS,1,1,1,290,331,1,1
XL_MS,1,1,3,290,74,1,1
XL_MS,1,1,4,290,302,1,1
XL_MS,1,1,5,290,323,1,1
XL_MS,1,1,1,221,248,4,4
XL_MS,1,1,2,221,191,1,1
XL_MS,1,1,1,221,272,1,1
XL_MS,1,1,1,221,238,2,2
XL_MS,1,1,1,221,282,2,2
XL_MS,1,1,5,135,157,1,1
XL_MS,1,2,5,303,331,1,1
XL_MS,1,2,6,303,257,1,1
XL_MS,1,2,3,303,320,1,1
XL_MS,1,2,3,342,326,3,3
XL_MS,1,2,7,342,252,1,1
XL_MS,1,2,2,342,285,3,3
XL_MS,1,2,2,342,324,5,5
XL_MS,1,2,3,342,263,1,1
XL_MS,1,2,1,339,180,4,4
XL_MS,1,2,1,339,190,3,3
XL_MS,1,1,1,176,205,1,1
XL_MS,1,3,5,291,215,1,1
XL_MS,1,3,1,253,141,1,1
XL_MS,1,3,1,291,346,1,1
XL_MS,1,4,1,179,135,1,1
XL_MS,1,6,1,198,332,1,1
XL_MS,1,4,1,254,307,6,6
XL_MS,1,4,1,335,299,1,1
XL_MS,1,4,1,254,245,1,1
XL_MS,1,4,1,335,106,1,1
XL_MS,1,2,7,314,227,1,1
XL_MS,1,4,5,313,350,1,1
XL_MS,1,3,6,332,335,1,1
XL_MS,1,5,4,249,290,1,1
XL_MS,1,5,8,350,172,1,1
XL_MS,1,5,2,350,316,1,1
XL_MS,1,5,4,350,231,2,2
XL_MS,1,5,4,249,250,3,6
XL_MS,1,5,10,350,251,1,1
XL_MS,1,4,5,344,241,1,1
XL_MS,1,4,4,296,331,1,2
XL_MS,1,1,7,343,188,1,1
XL_MS,1,4,5,201,350,1,1
XL_MS,1,1,6,215,258,1,1
XL_MS,1,1,9,215,141,1,1
XL_MS,1,1,3,215,313,1,1
XL_MS,1,1,9,215,287,1,1
XL_MS,1,1,1,215,282,1,1
XL_MS,1,1,3,215,235,3,3
XL_MS,1,1,3,215,180,1,1
XL_MS,1,1,8,215,304,1,1
XL_MS,1,1,4,215,312,1,1
XL_MS,1,1,7,215,307,2,2
XL_MS,1,1,1,215,343,1,1
XL_MS,1,1,2,215,300,1,1
XL_MS,1,1,1,176,288,1,1
XL_MS,1,1,7,176,252,1,1
XL_MS,1,1,7,176,274,1,1
XL_MS,1,1,2,176,31,1,1
XL_MS,1,3,3,270,321,2,2
XL_MS,1,3,11,227,347,2,2
XL_MS,1,2,5,203,320,1,1
XL_MS,1,2,6,203,308,1,1
XL_MS,1,2,6,203,329,2,2
XL_MS,1,2,3,256,223,1,1
XL_MS,1,2,3,203,119,1,1
XL_MS,1,2,1,203,64,1,1
XL_MS,1,3,2,272,300,1,1
XL_MS,1,3,4,34,314,1,1
XL_MS,1,3,5,323,185,1,1
XL_MS,1,3,3,323,311,1,1
XL_MS,1,3,3,151,65,1,1
XL_MS,1,3,8,151,208,1,1
XL_MS,1,3,3,323,265,1,1
XL_MS,1,3,4,151,222,1,1
XL_MS,1,3,5,323,224,1,1
XL_MS,1,3,1,151,333,1,1
XL_MS,1,3,3,151,342,1,1
XL_MS,1,3,2,323,347,1,1
XL_MS,1,3,2,151,311,2,2
XL_MS,1,3,1,323,234,1,1
XL_MS,1,3,5,323,245,1,1
XL_MS,1,3,1,151,314,1,1
XL_MS,1,3,3,151,349,1,1
XL_MS,1,3,2,151,308,1,1
XL_MS,1,3,3,151,345,1,1
XL_MS,1,3,1,323,322,1,1
XL_MS,1,1,2,288,338,1,1
XL_MS,1,1,9,288,349,1,1
XL_MS,1,1,10,288,350,1,1
XL_MS,1,1,10,288,178,1,1
XL_MS,1,1,9,288,273,1,1
XL_MS,1,1,3,288,330,1,1
XL_MS,1,1,1,288,240,1,1
XL_MS,1,1,1,288,315,2,2
XL_MS,1,1,5,288,321,4,5
XL_MS,1,1,7,288,313,3,3
XL_MS,1,1,8,288,350,1,1
XL_MS,1,10,3,296,322,1,1
XL_MS,1,10,2,296,267,1,1
XL_MS,1,10,4,296,289,1,1
XL_MS,1,10,7,350,350,1,1
XL_MS,1,10,1,207,209,1,1
XL_MS,1,10,7,296,342,1,1
XL_MS,1,10,4,296,199,1,1
XL_MS,1,10,2,207,107,1,1
XL_MS,1,10,1,350,101,1,1
XL_MS,1,3,5,159,288,1,1
XL_MS,1,3,2,159,298,1,1
XL_MS,1,3,2,322,205,1,1
XL_MS,1,2,2,350,347,1,1
XL_MS,1,5,10,272,133,1,1
XL_MS,1,5,1,350,305,3,3
XL_MS,1,5,1,350,248,1,1
XL_MS,1,4,4,350,339,1,1
XL_MS,1,4,2,350,348,1,1
XL_MS,1,4,3,350,218,1,1
XL_MS,1,6,1,259,350,1,1
XL_MS,1,6,1,304,166,1,1
XL_MS,1,4,5,142,331,1,1
XL_MS,1,4,2,302,321,1,1
XL_MS,1,4,3,273,271,1,1
XL_MS,1,4,2,302,269,1,1
XL_MS,1,4,3,273,262,1,1
XL_MS,1,1,5,297,241,1,1
XL_MS,1,1,5,297,311,1,1
XL_MS,1,1,6,297,200,1,1
XL_MS,1,1,2,297,258,2,2
XL_MS,1,1,1,297,106,1,1
XL_MS,1,9,3,271,293,1,1
XL_MS,1,9,2,350,343,1,1
XL_MS,1,9,3,271,284,1,1
XL_MS,1,9,1,329,307,1,1
XL_MS,1,9,1,271,258,1,1
XL_MS,1,9,1,329,331,1,1
XL_MS,1,6,2,315,317,1,1
XL_MS,1,6,3,162,344,1,1
XL_MS,1,3,6,36,299,1,1
XL_MS,1,3,2,326,286,1,1
XL_MS,1,3,8,326,325,1,1
XL_MS,1,3,2,326,303,1,2
XL_MS,1,3,2,326,323,2,3
XL_MS,1,3,8,36,238,1,1
XL_MS,1,3,5,36,272,1,1
XL_MS,1,3,2,36,182,1,1
XL_MS,1,3,6,70,304,1,1
XL_MS,1,3,2,326,324,3,3
XL_MS,1,1,4,290,273,1,1
XL_MS,1,1,3,169,318,1,1
XL_MS,1,1,2,184,343,1,1
XL_MS,1,1,4,184,288,1,1
XL_MS,1,1,4,184,213,1,1
XL_MS,1,1,1,184,309,2,2
XL_MS,1,1,4,184,199,1,1
XL_MS,1,1,2,184,250,1,1
XL_MS,1,1,1,148,169,1,1
XL_MS,1,4,2,342,199,1,1
XL_MS,1,4,5,211,311,1,1
XL_MS,1,4,5,301,315,1,1
XL_MS,1,4,4,301,316,1,1
XL_MS,1,4,1,211,284,1,1
XL_MS,1,4,4,301,302,2,5
XL_MS,1,2,3,343,328,1,1
XL_MS,1,2,1,343,343,1,1
XL_MS,1,5,5,327,325,1,1
XL_MS,1,5,6,327,310,1,1
XL_MS,1,5,4,74,224,1,1
XL_MS,1,2,8,226,257,1,1
XL_MS,1,2,2,226,226,26,35
XL_MS,1,2,5,237,252,1,1
XL_MS,1,2,10,237,255,2,2
XL_MS,1,2,5,226,243,1,1
XL_MS,1,3,1,294,210,1,1
XL_MS,1,3,14,294,350,1,1
XL_MS,1,3,2,294,335,1,1
XL_MS,1,3,10,294,340,1,1
XL_MS,1,3,7,294,269,1,1
XL_MS,1,3,4,328,190,2,2
XL_MS,1,3,2,294,296,2,2
XL_MS,1,3,2,294,310,1,1
XL_MS,1,3,2,294,334,1,1
XL_MS,1,3,2,294,278,1,1
XL_MS,1,7,4,256,350,1,1
XL_MS,1,2,1,222,332,2,2
XL_MS,1,8,4,350,299,1,1
XL_MS,1,3,7,332,350,1,1
XL_MS,1,3,4,332,224,1,1
XL_MS,1,2,1,343,219,2,2
XL_MS,1,2,1,190,245,2,2
XL_MS,1,1,1,249,239,9,9
XL_MS,1,2,3,146,215,1,1
XL_MS,1,2,4,349,298,1,1
XL_MS,1,2,1,349,336,2,2
XL_MS,1,2,9,349,323,1,1
XL_MS,1,2,8,327,350,1,1
XL_MS,1,1,2,199,279,1,1
XL_MS,1,1,1,199,271,2,2
XL_MS,1,1,3,199,67,1,1
XL_MS,1,1,6,199,329,1,1
XL_MS,1,1,1,199,99,2,2
XL_MS,1,1,9,199,290,2,2
XL_MS,1,1,4,199,325,1,1
XL_MS,1,1,1,199,257,1,1
XL_MS,1,1,5,199,341,1,1
XL_MS,1,1,2,199,228,1,1
XL_MS,1,1,9,199,319,1,1
XL_MS,1,1,6,188,346,1,1
XL_MS,1,1,3,188,336,1,1
XL_MS,1,1,5,188,332,1,1
XL_MS,1,1,2,282,273,1,1
XL_MS,1,1,3,282,230,1,1
XL_MS,1,1,1,282,307,1,1
XL_MS,1,1,1,282,170,1,1
XL_MS,1,1,1,282,273,1,1
XL_MS,1,1,2,282,309,1,1
XL_MS,1,1,7,282,239,1,1
XL_MS,1,1,2,282,323,1,1
XL_MS,1,1,8,282,195,1,1
XL_MS,1,1,2,282,322,1,1
XL_MS,1,2,2,279,347,1,1
XL_MS,1,2,2,323,299,1,1
XL_MS,1,2,5,323,339,1,1
XL_MS,1,2,1,279,170,1,1
XL_MS,1,2,2,323,341,1,1
XL_MS,1,2,5,279,347,1,1
XL_MS,1,2,7,323,338,1,1
XL_MS,1,9,8,211,350,1,1
XL_MS,1,8,3,322,282,1,1
XL_MS,1,8,2,179,344,1,1
XL_MS,1,8,4,215,318,1,1
XL_MS,1,8,5,292,189,1,2
XL_MS,1,9,8,322,299,1,1
XL_MS,1,3,2,328,312,1,1
XL_MS,1,3,1,341,185,1,1
XL_MS,1,2,9,286,172,1,1
XL_MS,1,2,7,286,271,1,1
XL_MS,1,2,1,286,100,1,1
XL_MS,1,2,6,286,246,2,2
XL_MS,1,2,1,286,349,3,3
XL_MS,1,2,6,286,157,1,1
XL_MS,1,2,2,286,234,1,1
XL_MS,1,2,1,286,259,1,1
XL_MS,1,2,1,286,309,1,1
XL_MS,1,2,5,286,350,1,1
XL_MS,1,2,1,286,157,1,1
XL_MS,1,1,2,350,269,2,2
XL_MS,1,3,3,30,164,1,1
XL_MS,1,9,1,252,227,1,1
XL_MS,1,9,3,252,105,1,1
XL_MS,1,9,3,252,263,1,1
XL_MS,1,3,2,343,317,1,1
XL_MS,1,3,2,343,128,1,1
XL_MS,1,3,3,343,315,1,1
XL_MS,1,2,1,194,306,2,2
XL_MS,1,1,2,248,191,1,1
XL_MS,1,1,1,248,272,1,1
XL_MS,1,1,1,248,344,1,1
XL_MS,1,1,1,248,305,1,1
XL_MS,1,1,1,248,238,1,1
XL_MS,1,2,1,191,238,1,1
XL_MS,1,3,3,153,106,1,1
XL_MS,1,5,2,270,245,1,1
XL_MS,1,5,1,270,343,1,1
XL_MS,1,5,4,270,302,1,1
XL_MS,1,5,2,270,330,1,1
XL_MS,1,5,3,270,327,1,1
XL_MS,1,5,1,325,143,1,1
XL_MS,1,5,6,270,127,1,1
XL_MS,1,5,9,270,272,1,1
XL_MS,1,5,1,325,318,1,1
XL_MS,1,5,6,270,258,1,1
XL_MS,1,5,1,270,343,1,1
XL_MS,1,5,4,325,315,1,1
XL_MS,1,3,2,270,222,1,1
XL_MS,1,7,4,262,303,1,1
XL_MS,1,4,1,314,289,1,1
XL_MS,1,4,2,314,328,1,1
XL_MS,1,4,1,314,260,1,1
XL_MS,1,4,3,314,250,1,1
XL_MS,1,4,9,314,340,1,1
XL_MS,1,2,7,254,136,1,1
XL_MS,1,4,1,315,337,1,1
XL_MS,1,4,6,76,274,1,1
XL_MS,1,4,3,254,150,1,1
XL_MS,1,4,5,191,335,6,7
XL_MS,1,7,2,294,347,1,1
XL_MS,1,7,4,294,187,1,1
XL_MS,1,7,3,343,296,1,1
XL_MS,1,3,2,218,215,1,1
XL_MS,1,3,2,299,312,1,1
XL_MS,1,2,4,308,324,1,1
XL_MS,1,2,2,308,309,1,1
XL_MS,1,3,1,281,289,1,1
XL_MS,1,3,3,282,338,1,1
XL_MS,1,3,3,282,268,1,1
XL_MS,1,3,1,209,98,1,1
XL_MS,1,7,9,350,348,1,1
XL_MS,1,2,2,295,233,1,1
XL_MS,1,1,1,211,291,2,2
XL_MS,1,1,2,120,30,1,1
XL_MS,1,3,1,39,228,1,1
XL_MS,1,3,3,124,342,1,1
XL_MS,1,3,1,326,166,1,1
XL_MS,1,5,6,185,128,1,1
XL_MS,1,5,1,288,154,1,1
XL_MS,1,5,1,185,239,1,1
XL_MS,1,6,1,332,317,1,1
XL_MS,1,6,2,332,265,1,1
XL_MS,1,3,1,346,239,1,1
XL_MS,1,4,1,30,222,1,1
XL_MS,1,4,7,343,337,1,1
XL_MS,1,3,1,190,227,1,1
XL_MS,1,3,2,190,300,1,1
XL_MS,1,3,3,190,183,1,1
XL_MS,1,5,3,215,345,1,1
XL_MS,1,5,11,215,301,1,1
XL_MS,1,5,2,215,212,1,2
XL_MS,1,5,5,350,297,1,1
XL_MS,1,5,2,350,259,1,2
XL_MS,1,5,6,215,306,1,1
XL_MS,1,5,3,215,234,1,1
XL_MS,1,5,3,215,327,1,1
XL_MS,1,7,4,133,333,1,1
XL_MS,1,1,4,180,350,1,1
XL_MS,1,7,1,321,182,1,1
XL_MS,1,8,2,306,316,1,1
XL_MS,1,3,4,329,212,1,1
XL_MS,1,3,4,329,185,2,2
XL_MS,1,9,4,327,340,1,1
XL_MS,1,9,4,314,308,1,1
XL_MS,1,1,1,350,349,1,1
XL_MS,1,3,9,274,171,1,1
XL_MS,1,3,1,164,228,1,1
XL_MS,1,3,1,164,228,1,1
XL_MS,1,7,1,279,283,1,1
XL_MS,1,7,3,326,310,1,1
XL_MS,1,7,1,326,230,1,1
XL_MS,1,7,4,326,273,1,1
XL_MS,1,7,2,326,143,1,1
XL_MS,1,7,5,326,212,1,1
XL_MS,1,7,4,326,316,1,1
XL_MS,1,7,2,326,216,1,1
XL_MS,1,7,5,326,285,1,1
XL_MS,1,7,1,326,129,1,1
XL_MS,1,7,4,279,347,1,1
XL_MS,1,2,2,249,349,1,1
XL_MS,1,2,2,64,289,1,1
XL_MS,1,4,3,343,334,1,1
XL_MS,1,1,1,308,256,1,1
XL_MS,1,1,10,308,350,1,1
XL_MS,1,4,1,327,338,1,1
XL_MS,1,4,7,273,291,1,1
XL_MS,1,4,5,273,350,1,1
XL_MS,1,4,3,273,57,1,1
XL_MS,1,4,1,273,198,1,1
XL_MS,1,4,3,291,323,1,1
XL_MS,1,8,2,125,298,1,1
XL_MS,1,8,2,125,306,1,1
XL_MS,1,8,2,125,82,1,1
XL_MS,1,3,5,343,323,1,1
XL_MS,1,3,6,31,315,2,2
XL_MS,1,3,2,343,91,1,1
XL_MS,1,3,2,343,286,1,1
XL_MS,1,3,4,233,349,3,3
XL_MS,1,3,6,233,277,1,1
XL_MS,1,3,1,31,339,1,1
XL_MS,1,2,1,310,335,1,1
XL_MS,1,10,3,235,144,1,1
XL_MS,1,10,1,326,89,1,1
XL_MS,1,10,4,235,350,1,1
XL_MS,1,2,2,203,256,1,1
XL_MS,1,1,1,312,320,1,1
XL_MS,1,1,5,312,311,1,1
XL_MS,1,1,2,312,288,2,2
XL_MS,1,3,4,329,299,3,3
XL_MS,1,3,4,329,350,1,1
XL_MS,1,4,5,299,334,2,2
XL_MS,1,4,2,299,340,2,4
XL_MS,1,4,4,299,30,1,1
XL_MS,1,4,9,215,68,1,1
XL_MS,1,4,2,215,341,1,1
XL_MS,1,3,4,333,224,1,1
XL_MS,1,11,1,335,299,1,1
XL_MS,1,2,1,141,326,1,1
XL_MS,1,3,7,325,217,1,1
XL_MS,1,3,1,349,348,2,2
XL_MS,1,3,2,349,110,1,1
XL_MS,1,3,3,349,302,1,1
XL_MS,1,3,4,349,345,1,1
XL_MS,1,3,4,207,204,1,1
XL_MS,1,3,2,207,336,1,1
XL_MS,1,3,3,245,341,2,3
XL_MS,1,3,3,245,206,1,1
XL_MS,1,3,2,312,338,1,1
XL_MS,1,3,1,312,197,1,1
XL_MS,1,5,1,350,279,1,1
XL_MS,1,4,7,350,320,1,1
XL_MS,1,1,1,167,173,1,1
XL_MS,1,1,3,228,286,2,2
XL_MS,1,4,1,303,297,1,1
XL_MS,1,4,2,220,273,1,1
XL_MS,1,4,6,303,323,1,1
XL_MS,1,3,1,256,185,1,1
XL_MS,1,1,5,328,240,1,1
XL_MS,1,6,1,258,343,1,1
XL_MS,1,6,3,258,329,1,1
XL_MS,1,6,2,258,244,1,1
XL_MS,1,6,1,258,334,1,1
XL_MS,1,6,1,317,289,1,1
XL_MS,1,3,3,245,311,1,2
XL_MS,1,3,1,245,291,1,1
XL_MS,1,3,4,206,326,1,1
XL_MS,1,5,4,350,242,1,1
XL_MS,1,5,7,350,350,1,1
XL_MS,1,5,3,350,320,1,1
XL_MS,1,5,2,210,154,1,1
XL_MS,1,1,3,256,81,1,1
XL_MS,1,1,1,256,267,2,2
XL_MS,1,1,1,256,250,1,1
XL_MS,1,10,2,92,160,1,1
XL_MS,1,3,2,254,323,1,1
XL_MS,1,3,1,254,311,1,1
XL_MS,1,3,1,254,311,1,1
XL_MS,1,3,3,329,345,1,1
XL_MS,1,5,1,350,332,1,1
XL_MS,1,3,8,327,317,1,1
XL_MS,1,3,1,327,273,1,1
XL_MS,1,3,4,195,342,1,1
XL_MS,1,3,1,327,166,1,1
XL_MS,1,1,2,283,277,1,1
XL_MS,1,1,2,283,341,1,1
XL_MS,1,9,2,349,217,1,1
XL_MS,1,5,4,235,257,1,1
XL_MS,1,5,2,321,124,1,2
XL_MS,1,3,5,305,350,1,1
XL_MS,1,2,3,326,279,5,5
XL_MS,1,2,2,326,291,1,1
XL_MS,1,2,3,326,279,1,1
XL_MS,1,2,3,88,287,1,1
XL_MS,1,1,4,305,342,1,1
XL_MS,1,1,2,305,286,3,3
XL_MS,1,1,2,305,325,1,1
XL_MS,1,1,1,305,320,1,1
XL_MS,1,1,2,305,322,1,1
XL_MS,1,1,7,305,285,1,1
XL_MS,1,2,2,305,305,1,1
XL_MS,1,1,4,320,330,1,1
XL_MS,1,1,2,271,322,1,1
XL_MS,1,3,6,350,300,1,1
XL_MS,1,1,8,183,350,1,1
XL_MS,1,1,10,183,350,1,1
XL_MS,1,1,4,183,337,1,1
XL_MS,1,1,2,183,201,1,1
XL_MS,1,1,7,183,155,1,1
XL_MS,1,1,1,183,323,1,1
XL_MS,1,5,1,261,181,1,1
XL_MS,1,5,10,348,188,1,1
XL_MS,1,3,10,348,342,1,1
XL_MS,1,3,2,348,311,1,1
XL_MS,1,3,3,244,276,1,1
XL_MS,1,4,3,350,350,1,1
XL_MS,1,4,9,242,333,1,1
XL_MS,1,4,6,242,217,1,1
XL_MS,1,4,3,242,348,1,1
XL_MS,1,4,1,242,315,1,1
XL_MS,1,4,2,242,186,1,1
XL_MS,1,1,5,327,258,1,1
XL_MS,1,1,7,272,332,1,1
XL_MS,1,1,4,272,30,1,1
XL_MS,1,4,5,343,312,1,1
XL_MS,1,1,2,205,110,1,1
XL_MS,1,4,2,215,334,1,1
XL_MS,1,4,1,301,182,1,1
XL_MS,1,1,6,280,350,2,2
XL_MS,1,1,4,280,303,1,1
XL_MS,1,1,1,280,310,2,2
XL_MS,1,1,3,280,180,1,1
XL_MS,1,1,7,280,324,1,1
XL_MS,1,1,3,280,347,1,1
XL_MS,1,1,2,280,320,1,1
XL_MS,1,1,1,280,179,1,1
XL_MS,1,1,3,280,232,1,1
XL_MS,1,1,5,280,306,2,2
XL_MS,1,1,3,280,259,1,1
XL_MS,1,1,3,280,284,1,1
XL_MS,1,1,1,280,314,1,1
XL_MS,1,1,3,280,347,1,1
XL_MS,1,1,4,289,302,1,1
XL_MS,1,1,1,289,308,1,1
XL_MS,1,2,2,319,174,1,1
XL_MS,1,4,10,290,195,1,1
XL_MS,1,4,8,290,334,1,1
XL_MS,1,4,1,318,211,1,1
XL_MS,1,4,4,290,346,1,1
XL_MS,1,3,1,279,145,1,1
XL_MS,1,3,2,279,291,1,1
XL_MS,1,3,3,279,320,1,1
XL_MS,1,3,3,279,279,1,2
XL_MS,1,3,1,279,327,1,1
XL_MS,1,2,1,336,233,1,1
XL_MS,1,2,5,336,328,1,1
XL_MS,1,2,5,264,271,2,2
XL_MS,1,2,3,264,289,1,1
XL_MS,1,4,2,324,309,1,1
XL_MS,1,4,4,196,350,1,1
XL_MS,1,8,5,350,339,1,1
XL_MS,1,8,2,329,271,1,1
XL_MS,1,1,7,325,307,1,1
XL_MS,1,4,2,274,348,1,1
XL_MS,1,2,3,235,288,1,1
XL_MS,1,4,8,220,265,1,1
XL_MS,1,6,3,279,333,1,1
XL_MS,1,10,3,235,284,1,1
XL_MS,1,10,6,235,292,1,1
XL_MS,1,1,1,166,296,3,3
XL_MS,1,3,4,150,350,2,2
XL_MS,1,2,3,344,305,2,2
XL_MS,1,2,2,183,314,1,1
XL_MS,1,7,4,188,350,2,2
XL_MS,1,7,2,188,347,3,3
XL_MS,1,7,1,188,169,1,1
XL_MS,1,7,5,342,350,1,2
XL_MS,1,7,5,342,295,1,1
XL_MS,1,2,1,346,257,1,1
XL_MS,1,2,2,333,309,1,1
XL_MS,1,8,4,350,287,1,1
XL_MS,1,8,7,350,271,1,1
XL_MS,1,8,5,350,321,1,1
XL_MS,1,8,4,350,306,1,1
XL_MS,1,8,1,350,269,1,1
XL_MS,1,8,3,350,350,1,1
XL_MS,1,8,2,350,284,1,1
XL_MS,1,4,7,347,260,1,1
XL_MS,1,5,6,281,315,1,1
XL_MS,1,5,8,331,313,1,1
XL_MS,1,5,5,331,350,1,1
XL_MS,1,5,1,323,176,1,1
XL_MS,1,5,6,331,221,1,1
XL_MS,1,5,9,323,346,1,1
XL_MS,1,9,3,330,346,1,1
XL_MS,1,9,2,330,230,1,1
XL_MS,1,9,4,330,298,1,1
XL_MS,1,9,1,226,276,1,1
XL_MS,1,9,6,330,269,1,1
XL_MS,1,9,3,330,344,1,1
XL_MS,1,1,4,181,350,2,2
XL_MS,1,1,1,181,206,1,1
XL_MS,1,1,4,181,350,1,1
XL_MS,1,1,3,181,340,1,1
XL_MS,1,2,11,251,284,1,1
XL_MS,1,11,5,237,294,1,1
XL_MS,1,11,1,237,331,1,1
XL_MS,1,11,1,237,99,1,1
XL_MS,1,6,4,225,297,1,1
XL_MS,1,3,8,75,324,1,1
XL_MS,1,3,6,322,334,1,1
XL_MS,1,3,1,322,198,1,1
XL_MS,1,5,4,350,194,1,1
XL_MS,1,2,1,144,244,1,1
XL_MS,1,2,3,322,134,1,1
XL_MS,1,7,5,324,291,1,1
XL_MS,1,7,2,324,149,1,1
XL_MS,1,12,1,297,299,1,1
XL_MS,1,4,3,232,292,1,1
XL_MS,1,4,4,350,350,3,3
XL_MS,1,4,2,232,271,1,1
XL_MS,1,4,4,350,302,1,1
XL_MS,1,4,2,350,339,1,1
XL_MS,1,2,2,319,324,1,2
XL_MS,1,2,2,347,316,1,1
XL_MS,1,2,3,347,153,1,1
XL_MS,1,2,6,319,338,1,1
XL_MS,1,2,2,319,312,41,68
XL_MS,1,2,2,324,316,2,3
XL_MS,1,2,1,234,323,1,1
XL_MS,1,2,2,234,312,3,5
XL_MS,1,2,2,316,312,5,6
XL_MS,1,2,7,316,194,2,3
XL_MS,1,2,2,298,306,1,1
XL_MS,1,2,7,298,250,1,1
XL_MS,1,2,2,298,344,1,1
XL_MS,1,2,2,298,107,1,1
XL_MS,1,2,3,277,339,1,1
XL_MS,1,2,4,277,350,1,1
XL_MS,1,2,10,281,323,1,2
XL_MS,1,2,2,281,312,1,1
XL_MS,1,2,3,321,320,1,1
XL_MS,1,2,4,281,237,1,1
XL_MS,1,7,4,298,322,1,1
XL_MS,1,3,3,288,312,1,1
XL_MS,1,3,3,339,345,1,1
XL_MS,1,3,3,339,343,1,1
XL_MS,1,2,5,335,269,1,1
XL_MS,1,2,1,46,291,1,1
XL_MS,1,2,1,335,293,1,1
XL_MS,1,2,4,46,243,1,1
XL_MS,1,2,2,224,335,1,1
XL_MS,1,4,5,299,215,1,1
XL_MS,1,4,3,88,266,1,1
XL_MS,1,4,2,287,347,1,1
XL_MS,1,4,5,236,177,1,1
XL_MS,1,4,2,236,317,1,1
XL_MS,1,4,1,274,307,1,1
XL_MS,1,3,5,174,87,1,1
XL_MS,1,3,3,266,312,1,1
XL_MS,1,3,5,312,350,1,1
XL_MS,1,3,2,312,348,1,1
XL_MS,1,3,5,266,343,1,1
XL_MS,1,3,1,335,299,1,1
XL_MS,1,3,1,312,125,1,1
XL_MS,1,3,1,295,166,2,2
XL_MS,1,1,2,195,346,1,1
XL_MS,1,2,6,242,159,1,1
XL_MS,1,2,1,242,319,1,1
XL_MS,1,2,2,341,310,1,1
XL_MS,1,2,2,341,322,1,1
XL_MS,1,2,3,341,302,1,1
XL_MS,1,2,1,242,328,1,1
XL_MS,1,6,1,81,164,1,1
XL_MS,1,1,1,215,158,2,2
XL_MS,1,3,1,332,204,1,1
XL_MS,1,3,4,256,350,1,1
XL_MS,1,11,3,316,202,1,1
XL_MS,1,11,4,324,262,2,2
XL_MS,1,11,3,316,301,1,1
XL_MS,1,11,2,336,113,1,1
XL_MS,1,11,2,259,308,1,1
XL_MS,1,11,3,314,263,1,1
XL_MS,1,11,2,316,277,1,1
XL_MS,1,11,5,314,147,1,1
XL_MS,1,11,2,328,339,1,1
XL_MS,1,11,3,336,333,1,1
XL_MS,1,3,1,260,335,1,1
XL_MS,1,3,1,341,306,1,1
XL_MS,1,3,1,318,248,1,1
XL_MS,1,3,11,318,311,1,1
XL_MS,1,3,1,318,257,1,1
XL_MS,1,3,4,318,297,1,1
XL_MS,1,3,7,318,343,1,1
XL_MS,1,3,2,318,306,3,3
XL_MS,1,3,1,318,248,1,1
XL_MS,1,1,4,293,234,1,1
XL_MS,1,1,3,293,320,1,1
XL_MS,1,1,1,293,245,2,2
XL_MS,1,3,3,347,309,1,1
XL_MS,1,1,6,308,350,3,3
XL_MS,1,2,6,336,279,1,1
XL_MS,1,1,3,141,318,1,1
XL_MS,1,4,1,261,166,1,1
XL_MS,1,3,3,327,344,1,1
XL_MS,1,6,6,261,350,1,1
XL_MS,1,8,2,301,236,1,1
XL_MS,1,8,3,301,310,1,1
XL_MS,1,8,1,333,209,1,1
XL_MS,1,8,3,284,345,1,1
XL_MS,1,8,4,301,273,1,1
XL_MS,1,8,2,333,291,1,1
XL_MS,1,8,1,243,145,1,1
XL_MS,1,8,6,216,216,1,1
XL_MS,1,8,4,341,177,1,1
XL_MS,1,2,7,317,191,2,2
XL_MS,1,2,3,317,232,1,1
XL_MS,1,2,3,317,301,3,3
XL_MS,1,2,2,317,113,1,1
XL_MS,1,2,1,317,263,1,1
XL_MS,1,2,1,317,328,1,1
XL_MS,1,2,1,317,158,1,1
XL_MS,1,2,1,317,332,8,8
XL_MS,1,2,10,317,311,1,1
XL_MS,1,2,7,317,350,1,1
XL_MS,1,2,1,317,181,1,1
XL_MS,1,2,6,317,35,1,1
XL_MS,1,2,10,317,344,1,1
XL_MS,1,2,1,317,205,1,1
XL_MS,1,2,1,132,106,3,3
XL_MS,1,2,2,132,330,1,1
XL_MS,1,3,6,311,128,1,1
XL_MS,1,3,4,311,174,3,3
XL_MS,1,5,1,339,184,1,1
XL_MS,1,4,1,275,255,1,1
XL_MS,1,4,14,217,350,1,1
XL_MS,1,4,4,275,306,1,1
XL_MS,1,4,7,217,339,1,1
XL_MS,1,6,2,322,107,1,1
XL_MS,1,2,2,308,308,1,1
XL_MS,1,2,2,199,191,15,17
XL_MS,1,2,1,199,259,1,1
XL_MS,1,2,2,308,327,3,4
XL_MS,1,2,2,199,327,1,1
XL_MS,1,5,1,333,331,1,1
XL_MS,1,6,6,350,350,14,18
XL_MS,1,6,9,350,165,1,1
XL_MS,1,6,2,350,180,1,1
XL_MS,1,6,5,350,350,1,1
XL_MS,1,6,3,350,323,1,1
XL_MS,1,6,2,350,337,1,1
XL_MS,1,6,1,350,135,1,1
XL_MS,1,6,3,202,338,1,1
XL_MS,1,6,1,300,307,2,2
XL_MS,1,6,3,300,292,3,3
XL_MS,1,6,4,329,338,3,6
XL_MS,1,6,9,300,289,1,1
XL_MS,1,6,2,300,331,4,4
XL_MS,1,6,11,300,285,1,1
XL_MS,1,6,6,300,350,4,4
XL_MS,1,2,4,265,350,1,1
XL_MS,1,5,4,283,334,1,1
XL_MS,1,3,1,332,55,1,1
XL_MS,1,8,2,299,263,1,1
XL_MS,1,8,2,299,333,1,1
XL_MS,1,8,2,299,299,1,1
XL_MS,1,8,2,299,284,1,1
XL_MS,1,8,1,299,270,1,1
XL_MS,1,4,10,333,310,1,1
XL_MS,1,4,3,129,334,1,1
XL_MS,1,4,7,333,335,1,1
XL_MS,1,3,4,331,239,1,1
XL_MS,1,3,7,270,350,1,1
XL_MS,1,2,2,196,219,1,1
XL_MS,1,6,3,241,68,1,1
XL_MS,1,4,4,322,322,4,4
XL_MS,1,4,7,322,52,1,1
XL_MS,1,4,4,350,322,3,3
XL_MS,1,4,3,320,159,1,1
XL_MS,1,1,1,206,180,2,2
XL_MS,1,1,3,206,332,1,1
XL_MS,1,1,1,206,296,3,3
XL_MS,1,5,6,312,346,1,1
XL_MS,1,7,3,250,320,1,1
XL_MS,1,7,4,252,303,1,1
XL_MS,1,7,2,252,324,1,1
XL_MS,1,1,8,305,350,1,1
XL_MS,1,1,1,149,306,2,2
XL_MS,1,4,3,350,256,1,1
XL_MS,1,4,2,350,338,1,1
XL_MS,1,2,2,333,346,2,3
XL_MS,1,2,2,217,263,2,2
XL_MS,1,2,2,217,208,1,1
XL_MS,1,2,6,217,324,4,4
XL_MS,1,2,2,217,324,1,1
XL_MS,1,2,2,217,314,4,4
XL_MS,1,2,5,217,336,1,1
XL_MS,1,2,8,217,310,1,1
XL_MS,1,4,3,350,256,1,1
XL_MS,1,4,1,178,206,1,1
XL_MS,1,4,4,350,217,1,1
XL_MS,1,4,1,350,237,1,1
XL_MS,1,4,1,350,199,1,1
XL_MS,1,4,4,350,252,1,1
XL_MS,1,4,4,350,310,1,1
XL_MS,1,4,7,350,323,1,1
XL_MS,1,4,2,350,272,1,1
XL_MS,1,4,1,350,312,1,1
XL_MS,1,4,1,350,340,1,1
XL_MS,1,4,2,350,343,1,1
XL_MS,1,1,3,317,340,1,1
XL_MS,1,5,7,249,233,1,1
XL_MS,1,1,5,339,289,1,1
XL_MS,1,1,3,339,340,1,1
XL_MS,1,4,3,342,333,1,1
XL_MS,1,2,1,347,72,1,1
XL_MS,1,2,2,323,337,1,1
XL_MS,1,4,3,229,341,1,1
XL_MS,1,4,10,257,302,1,1
XL_MS,1,4,1,257,214,1,1
XL_MS,1,4,2,257,154,1,1
XL_MS,1,4,3,257,327,1,1
XL_MS,1,4,3,257,350,1,1
XL_MS,1,2,3,268,303,1,1
XL_MS,1,2,3,334,345,1,1
XL_MS,1,2,8,265,278,1,1
XL_MS,1,2,6,325,350,1,1
XL_MS,1,1,2,343,322,3,3
XL_MS,1,1,3,343,329,9,9
XL_MS,1,1,2,343,244,9,9
XL_MS,1,1,1,343,334,7,7
XL_MS,1,1,3,343,341,1,1
XL_MS,1,1,11,343,197,1,1
XL_MS,1,11,1,324,299,1,1
XL_MS,1,3,3,284,254,1,1
XL_MS,1,3,8,284,207,1,1
XL_MS,1,3,5,284,349,1,1
XL_MS,1,11,1,245,63,1,1
XL_MS,1,9,1,324,134,1,1
XL_MS,1,9,4,334,238,1,1
XL_MS,1,4,4,350,329,1,1
XL_MS,1,4,1,350,201,1,1
XL_MS,1,5,3,335,228,1,1
XL_MS,1,5,2,311,285,1,1
XL_MS,1,5,2,311,289,1,1
XL_MS,1,5,1,335,314,1,1
XL_MS,1,5,1,311,170,1,1
XL_MS,1,5,7,254,350,1,1
XL_MS,1,5,6,335,326,3,13
XL_MS,1,5,12,311,263,1,1
XL_MS,1,4,5,333,350,1,1
XL_MS,1,4,3,333,228,1,1
XL_MS,1,4,1,333,306,1,1
XL_MS,1,8,9,341,174,1,1
XL_MS,1,8,2,292,218,1,1
XL_MS,1,8,1,292,108,1,1
XL_MS,1,8,5,341,300,1,1
XL_MS,1,8,1,306,306,1,1
XL_MS,1,8,2,292,224,1,1
XL_MS,1,8,1,341,257,1,1
XL_MS,1,8,3,341,345,1,1
XL_MS,1,8,3,341,34,1,1
XL_MS,1,8,1,341,280,1,1
XL_MS,1,1,1,196,216,1,1
XL_MS,1,5,10,248,310,1,1
XL_MS,1,5,1,259,293,1,1
XL_MS,1,5,1,214,129,1,1
XL_MS,1,5,4,270,316,1,1
XL_MS,1,5,1,259,166,1,1
XL_MS,1,5,7,248,335,1,1
XL_MS,1,5,1,259,253,1,1
XL_MS,1,4,4,298,311,1,1
XL_MS,1,1,1,234,327,1,1
XL_MS,1,1,1,234,213,1,1
XL_MS,1,5,5,188,307,1,1
XL_MS,1,5,2,309,300,1,1
XL_MS,1,4,6,276,257,1,1
XL_MS,1,2,1,335,320,1,1
XL_MS,1,4,1,234,247,1,1
XL_MS,1,1,2,295,273,1,1
XL_MS,1,3,1,324,258,1,1
XL_MS,1,5,3,310,264,1,1
XL_MS,1,9,1,171,347,1,1
XL_MS,1,9,3,349,350,1,1
XL_MS,1,9,3,171,296,1,1
XL_MS,1,9,6,272,292,1,1
XL_MS,1,9,3,349,208,2,2
XL_MS,1,9,6,297,332,1,1
XL_MS,1,9,3,349,275,1,1
XL_MS,1,9,7,349,197,1,1
XL_MS,1,1,5,217,304,1,1
XL_MS,1,9,3,240,327,1,1
XL_MS,1,9,5,240,304,1,1
XL_MS,1,3,4,284,139,1,1
XL_MS,1,3,6,284,120,1,1
XL_MS,1,5,1,350,320,1,1
XL_MS,1,5,7,350,314,1,1
XL_MS,1,5,4,350,191,3,3
XL_MS,1,5,4,350,280,3,3
XL_MS,1,5,10,350,285,1,1
XL_MS,1,5,1,186,328,1,1
XL_MS,1,5,3,350,138,1,1
XL_MS,1,5,5,350,350,1,1
XL_MS,1,5,4,350,315,1,1
XL_MS,1,5,2,104,335,1,1
XL_MS,1,10,3,245,320,1,1
XL_MS,1,10,2,302,131,1,1
XL_MS,1,10,2,133,349,1,1
XL_MS,1,10,3,133,291,1,1
XL_MS,1,10,5,342,264,1,1
XL_MS,1,10,5,302,308,1,1
XL_MS,1,10,2,133,278,1,1
XL_MS,1,6,2,263,350,1,1
XL_MS,1,6,1,321,167,1,1
XL_MS,1,2,2,286,285,1,1
XL_MS,1,2,2,286,324,2,2
XL_MS,1,5,5,350,339,1,1
XL_MS,1,2,2,274,31,1,1
XL_MS,1,4,2,121,224,1,1
XL_MS,1,4,7,321,350,1,1
XL_MS,1,4,6,321,350,1,1
XL_MS,1,4,3,321,105,1,1
XL_MS,1,4,1,321,306,1,1
XL_MS,1,4,3,321,348,1,1
XL_MS,1,4,4,320,238,1,1
XL_MS,1,4,4,320,264,1,1
XL_MS,1,4,3,321,342,1,1
XL_MS,1,4,4,321,296,1,1
XL_MS,1,1,10,226,310,1,1
XL_MS,1,3,10,328,311,1,1
XL_MS,1,2,2,308,320,1,1
XL_MS,1,2,2,308,317,3,3
XL_MS,1,2,5,53,194,1,1
XL_MS,1,5,2,350,273,1,1
XL_MS,1,5,2,82,215,2,2
XL_MS,1,5,1,284,257,1,1
XL_MS,1,5,1,82,346,1,1
XL_MS,1,5,3,82,277,1,1
XL_MS,1,7,4,350,187,1,2
XL_MS,1,1,1,291,272,1,1
XL_MS,1,1,1,291,245,1,1
XL_MS,1,4,10,283,323,1,1
XL_MS,1,4,6,238,311,2,2
XL_MS,1,4,4,238,311,1,1
XL_MS,1,4,6,238,350,1,1
XL_MS,1,1,4,203,220,1,1
XL_MS,1,1,7,203,304,1,1
XL_MS,1,1,2,203,82,1,1
XL_MS,1,1,1,203,339,1,1
XL_MS,1,1,5,203,316,1,1
XL_MS,1,1,8,203,279,1,1
XL_MS,1,1,6,203,350,1,1
XL_MS,1,4,5,62,344,1,1
XL_MS,1,5,1,340,166,1,1
XL_MS,1,2,7,256,149,1,1
XL_MS,1,2,1,202,222,1,1
XL_MS,1,2,1,202,306,2,2
XL_MS,1,2,1,256,180,2,2
XL_MS,1,1,12,248,263,1,1
XL_MS,1,1,6,248,350,3,3
XL_MS,1,1,3,248,231,2,2
XL_MS,1,3,2,302,328,1,1
XL_MS,1,3,2,302,168,1,1
XL_MS,1,3,2,285,345,1,1
XL_MS,1,3,2,294,331,1,1
XL_MS,1,3,4,338,187,1,1
XL_MS,1,3,3,338,309,1,1
XL_MS,1,7,4,233,139,1,1
XL_MS,1,7,3,186,203,1,1
XL_MS,1,7,5,336,294,1,2
XL_MS,1,2,3,273,348,2,2
XL_MS,1,2,3,273,304,1,1
XL_MS,1,2,3,273,30,1,1
XL_MS,1,2,4,273,350,1,1
XL_MS,1,2,6,273,178,1,1
XL_MS,1,2,1,273,342,1,1
XL_MS,1,2,8,273,236,1,1
XL_MS,1,2,6,273,257,1,1
XL_MS,1,2,5,273,193,1,1
XL_MS,1,2,4,273,238,1,1
XL_MS,1,2,2,273,267,1,1
XL_MS,1,2,3,273,33,1,1
XL_MS,1,2,3,273,254,1,1
XL_MS,1,2,3,273,333,1,1
XL_MS,1,2,3,273,310,1,1
XL_MS,1,1,2,130,232,1,1
XL_MS,1,1,1,230,177,1,1
XL_MS,1,4,4,341,337,1,1
XL_MS,1,5,3,286,304,1,1
XL_MS,1,5,2,292,328,1,1
XL_MS,1,5,5,294,111,1,2
XL_MS,1,5,2,328,148,1,1
XL_MS,1,5,4,328,350,1,1
XL_MS,1,5,2,328,142,1,1
XL_MS,1,3,11,328,204,1,1
XL_MS,1,3,1,328,106,1,1
XL_MS,1,3,1,31,64,1,1
XL_MS,1,1,4,289,248,1,1
XL_MS,1,1,3,289,302,2,2
XL_MS,1,1,1,289,334,3,3
XL_MS,1,1,9,160,218,1,1
XL_MS,1,2,10,267,292,1,1
XL_MS,1,2,3,233,93,1,1
XL_MS,1,2,6,233,304,1,1
XL_MS,1,2,8,238,350,1,1
XL_MS,1,2,2,233,332,1,1
XL_MS,1,2,4,233,323,1,1
XL_MS,1,2,6,233,296,1,1
XL_MS,1,2,1,238,337,1,1
XL_MS,1,2,2,233,298,1,1
XL_MS,1,2,2,233,241,3,5
XL_MS,1,2,8,238,61,1,1
XL_MS,1,2,2,233,333,1,1
XL_MS,1,2,7,233,350,1,1
XL_MS,1,5,1,350,120,1,1
XL_MS,1,5,1,350,184,1,1
XL_MS,1,5,2,350,311,2,2
XL_MS,1,1,3,305,238,1,1
XL_MS,1,1,3,305,215,1,1
XL_MS,1,1,4,331,339,1,1
XL_MS,1,1,2,331,225,1,1
XL_MS,1,1,5,331,350,1,1
XL_MS,1,1,5,331,266,1,1
XL_MS,1,1,4,331,319,1,1
XL_MS,1,1,4,331,273,1,1
XL_MS,1,3,3,280,270,1,1
XL_MS,1,3,2,311,204,1,1
XL_MS,1,1,1,201,227,1,1
XL_MS,1,2,2,273,282,6,6
XL_MS,1,2,3,273,338,1,1
XL_MS,1,2,6,282,350,1,1
XL_MS,1,2,8,282,295,1,1
XL_MS,1,2,1,282,217,1,1
XL_MS,1,2,2,282,345,1,1
XL_MS,1,1,3,145,316,1,1
XL_MS,1,1,4,145,317,1,1
XL_MS,1,1,2,145,323,1,1
XL_MS,1,1,3,145,181,1,1
XL_MS,1,1,10,145,350,1,1
XL_MS,1,1,5,145,350,1,1
XL_MS,1,1,1,145,55,1,1
XL_MS,1,1,1,145,253,1,1
XL_MS,1,4,2,350,223,2,2
XL_MS,1,6,1,350,110,3,3
XL_MS,1,6,1,350,86,1,2
XL_MS,1,4,2,339,339,1,1
XL_MS,1,1,6,277,259,1,1
XL_MS,1,1,3,329,283,1,1
XL_MS,1,6,6,101,350,1,1
XL_MS,1,6,2,101,297,1,1
XL_MS,1,6,9,101,165,1,1
XL_MS,1,6,2,101,180,2,2
XL_MS,1,6,3,350,270,1,1
XL_MS,1,6,5,101,350,1,1
XL_MS,1,6,3,101,323,1,1
XL_MS,1,6,4,350,261,1,1
XL_MS,1,2,4,286,349,3,3
XL_MS,1,2,3,286,278,1,1
XL_MS,1,2,4,286,187,1,1
XL_MS,1,2,2,286,333,1,1
XL_MS,1,2,6,286,314,1,1
XL_MS,1,2,4,286,338,1,1
XL_MS,1,2,10,286,324,1,1
XL_MS,1,5,2,245,291,1,1
XL_MS,1,5,4,269,345,1,1
XL_MS,1,2,4,303,30,1,1
XL_MS,1,2,5,253,134,1,1
XL_MS,1,2,2,253,256,1,1
XL_MS,1,4,6,349,277,1,1
XL_MS,1,4,1,349,141,1,1
XL_MS,1,4,2,349,215,1,1
XL_MS,1,4,3,349,209,1,1
XL_MS,1,4,2,349,331,1,1
XL_MS,1,4,3,349,285,1,1
XL_MS,1,4,1,349,206,1,1
XL_MS,1,4,2,349,332,1,1
XL_MS,1,1,1,300,299,1,1
XL_MS,1,1,4,349,298,1,1
XL_MS,1,1,5,299,350,1,1
XL_MS,1,1,3,299,230,1,1
XL_MS,1,1,3,299,225,1,1
XL_MS,1,1,5,312,285,1,1
XL_MS,1,1,1,228,290,1,1
XL_MS,1,3,3,268,257,1,1
XL_MS,1,2,6,327,212,1,1
XL_MS,1,9,1,325,132,1,1
XL_MS,1,9,1,325,312,1,1
XL_MS,1,9,7,185,293,1,1
XL_MS,1,9,1,325,306,1,1
XL_MS,1,2,2,100,184,1,1
XL_MS,1,8,1,350,307,1,1
XL_MS,1,8,1,349,270,1,1
XL_MS,1,3,4,350,224,1,1
XL_MS,1,1,2,99,31,1,1
XL_MS,1,1,1,99,149,2,2
XL_MS,1,1,2,99,279,1,1
XL_MS,1,1,3,99,280,1,1
XL_MS,1,1,12,99,350,1,1
XL_MS,1,1,1,99,303,1,1
XL_MS,1,1,7,99,299,1,1
XL_MS,1,13,1,350,257,1,1
XL_MS,1,5,1,268,245,1,1
XL_MS,1,1,6,268,319,1,1
XL_MS,1,1,6,268,285,1,1
XL_MS,1,1,1,268,281,1,1
XL_MS,1,3,3,341,31,1,1
XL_MS,1,3,6,344,309,3,5
XL_MS,1,7,2,343,323,1,1
XL_MS,1,7,4,271,235,1,2
XL_MS,1,3,1,350,312,1,1
XL_MS,1,2,7,306,250,1,1
XL_MS,1,2,2,306,344,1,1
XL_MS,1,2,2,306,107,1,1
XL_MS,1,2,1,306,331,1,1
XL_MS,1,2,2,306,82,1,1
XL_MS,1,1,2,309,338,1,1
XL_MS,1,1,1,293,245,1,1
XL_MS,1,7,5,231,294,1,1
XL_MS,1,7,5,336,350,5,6
XL_MS,1,8,1,218,298,1,1
XL_MS,1,11,6,328,313,1,1
XL_MS,1,2,4,232,288,1,1
XL_MS,1,2,3,333,170,1,1
XL_MS,1,2,10,333,350,1,1
XL_MS,1,2,1,333,139,2,2
XL_MS,1,1,6,218,327,1,1
XL_MS,1,4,2,350,347,1,1
XL_MS,1,4,4,350,190,1,1
XL_MS,1,4,3,350,293,1,1
XL_MS,1,4,1,296,299,2,2
XL_MS,1,2,3,191,340,1,1
XL_MS,1,2,8,329,334,1,1
XL_MS,1,2,2,191,246,8,10
XL_MS,1,2,3,329,304,1,1
XL_MS,1,2,2,191,195,10,11
XL_MS,1,2,1,191,199,1,1
XL_MS,1,2,2,191,195,1,1
XL_MS,1,2,2,191,254,1,1
XL_MS,1,2,2,329,327,3,4
XL_MS,1,2,2,329,317,2,2
XL_MS,1,3,6,30,313,1,1
XL_MS,1,3,4,325,228,1,1
XL_MS,1,3,3,342,327,1,1
XL_MS,1,6,5,341,302,1,1
XL_MS,1,6,9,314,182,1,1
XL_MS,1,2,2,347,326,1,1
XL_MS,1,4,4,322,350,3,3
XL_MS,1,4,7,322,52,2,2
XL_MS,1,2,2,309,256,1,1
XL_MS,1,1,3,288,307,1,1
XL_MS,1,2,2,324,266,1,1
XL_MS,1,2,1,322,280,1,1
XL_MS,1,4,1,350,134,2,2
XL_MS,1,4,4,350,160,2,2
XL_MS,1,4,2,350,30,1,1
XL_MS,1,4,2,350,320,2,2
XL_MS,1,4,1,350,314,2,2
XL_MS,1,4,3,350,160,2,2
XL_MS,1,4,3,350,333,2,2
XL_MS,1,4,7,350,318,2,2
XL_MS,1,4,5,350,216,2,2
XL_MS,1,1,2,247,317,1,1
XL_MS,1,3,6,30,350,1,1
XL_MS,1,4,2,273,314,1,1
XL_MS,1,4,2,220,218,1,1
XL_MS,1,2,2,263,298,1,1
XL_MS,1,3,1,139,306,1,1
XL_MS,1,1,2,116,270,1,1
XL_MS,1,1,3,116,349,1,1
XL_MS,1,5,2,209,149,1,1
XL_MS,1,1,3,308,344,1,1
XL_MS,1,2,10,347,263,1,1
XL_MS,1,2,3,347,313,1,1
XL_MS,1,2,5,347,350,1,1
XL_MS,1,2,2,347,339,1,1
XL_MS,1,2,10,347,267,1,1
XL_MS,1,2,1,347,153,3,3
XL_MS,1,2,1,347,103,1,1
XL_MS,1,1,6,314,234,1,1
XL_MS,1,1,5,314,350,1,1
XL_MS,1,1,9,350,165,1,1
XL_MS,1,2,1,241,204,1,1
XL_MS,1,1,1,119,247,1,1
XL_MS,1,4,1,350,78,1,1
XL_MS,1,4,9,187,336,1,1
XL_MS,1,4,6,350,308,1,1
XL_MS,1,4,2,187,304,1,1
XL_MS,1,4,10,187,298,2,2
XL_MS,1,4,6,187,176,1,1
XL_MS,1,4,2,187,306,1,1
XL_MS,1,4,4,187,350,1,1
XL_MS,1,4,7,350,249,1,1
XL_MS,1,4,2,187,195,1,1
XL_MS,1,4,2,187,278,1,2
XL_MS,1,1,4,274,337,1,1
XL_MS,1,4,1,249,336,1,1
XL_MS,1,1,1,349,244,1,1
XL_MS,1,3,4,65,222,1,1
XL_MS,1,3,1,322,166,1,1
XL_MS,1,2,5,289,328,1,1
XL_MS,1,3,7,282,350,2,2
XL_MS,1,3,2,330,291,1,1
XL_MS,1,6,4,253,326,1,1
XL_MS,1,7,7,350,350,1,1
XL_MS,1,2,4,323,235,1,1
XL_MS,1,14,1,350,247,1,1
XL_MS,1,14,1,350,189,1,1
XL_MS,1,14,1,350,204,1,1
XL_MS,1,4,2,349,272,1,1
XL_MS,1,3,1,333,267,1,1
XL_MS,1,5,4,271,293,1,1
XL_MS,1,2,4,228,277,1,1
XL_MS,1,1,1,263,134,1,1
XL_MS,1,4,6,330,350,1,1
XL_MS,1,2,3,341,324,1,1
XL_MS,1,4,4,31,350,1,1
XL_MS,1,2,2,306,347,1,1
XL_MS,1,5,7,318,294,1,1
XL_MS,1,7,1,350,350,1,1
XL_MS,1,7,1,350,293,1,1
XL_MS,1,6,4,316,238,1,1
XL_MS,1,1,7,113,323,1,1
XL_MS,1,1,3,113,263,1,1
XL_MS,1,3,2,320,266,1,1
XL_MS,1,1,9,220,285,1,1
XL_MS,1,1,4,320,333,1,1
XL_MS,1,1,1,320,326,5,5
XL_MS,1,1,4,320,265,1,1
XL_MS,1,1,8,320,299,1,1
XL_MS,1,1,3,320,323,1,1
XL_MS,1,1,1,320,252,1,1
XL_MS,1,1,1,320,299,1,1
XL_MS,1,1,3,320,208,5,5
XL_MS,1,10,1,263,240,1,1
XL_MS,1,5,2,334,243,1,1
XL_MS,1,2,4,346,238,1,1
XL_MS,1,3,2,316,271,1,1
XL_MS,1,3,6,337,297,1,1
XL_MS,1,2,9,311,347,1,1
XL_MS,1,2,1,311,300,1,1
XL_MS,1,2,4,311,346,1,1
XL_MS,1,2,6,206,350,1,1
XL_MS,1,2,2,291,285,1,1
XL_MS,1,2,2,291,350,1,1
XL_MS,1,2,2,291,324,2,2
XL_MS,1,5,1,277,225,1,1
XL_MS,1,10,4,299,256,1,1
XL_MS,1,2,1,162,288,1,1
XL_MS,1,2,5,162,189,1,1
XL_MS,1,2,3,162,201,1,1
XL_MS,1,3,10,257,310,1,1
XL_MS,1,3,7,257,335,1,1
XL_MS,1,2,3,322,215,1,1
XL_MS,1,2,3,212,284,1,1
XL_MS,1,4,3,303,340,1,1
XL_MS,1,1,2,106,344,1,1
XL_MS,1,5,1,350,340,1,1
XL_MS,1,5,4,350,190,1,1
XL_MS,1,5,6,350,350,1,1
XL_MS,1,10,2,280,248,1,1
XL_MS,1,3,2,324,327,1,1
XL_MS,1,5,1,342,106,1,1
XL_MS,1,7,1,294,306,2,2
XL_MS,1,5,5,179,243,1,1
XL_MS,1,7,1,270,318,1,1
XL_MS,1,5,1,350,178,1,1
XL_MS,1,5,7,350,293,1,1
XL_MS,1,5,4,350,267,1,1
XL_MS,1,5,1,350,243,1,1
XL_MS,1,5,3,350,333,1,1
XL_MS,1,1,1,144,92,3,3
XL_MS,1,1,1,144,163,1,1
XL_MS,1,5,6,311,350,1,1
XL_MS,1,6,10,246,297,1,1
XL_MS,1,2,3,340,279,1,2
XL_MS,1,2,3,296,344,2,2
XL_MS,1,2,1,296,244,7,10
XL_MS,1,3,1,343,195,1,1
XL_MS,1,3,6,316,343,1,1
XL_MS,1,3,6,316,309,1,1
XL_MS,1,2,4,329,190,1,1
XL_MS,1,1,5,312,350,1,1
XL_MS,1,1,4,312,247,1,1
XL_MS,1,1,2,312,113,2,2
XL_MS,1,3,10,327,220,1,1
XL_MS,1,2,3,337,325,1,1
XL_MS,1,6,8,246,73,1,1
XL_MS,1,7,1,349,166,1,1
XL_MS,1,2,5,346,343,2,2
XL_MS,1,2,2,346,345,2,2
XL_MS,1,2,2,346,345,1,1
XL_MS,1,2,3,346,340,1,1
XL_MS,1,2,4,346,342,4,4
XL_MS,1,2,8,346,271,1,1
XL_MS,1,5,3,350,262,1,1
XL_MS,1,5,3,350,323,1,1
XL_MS,1,1,1,140,139,1,1
XL_MS,1,1,3,140,343,1,1
XL_MS,1,1,2,154,263,1,1
XL_MS,1,1,5,154,339,1,1
XL_MS,1,1,3,154,104,1,1
XL_MS,1,1,3,154,327,1,1
XL_MS,1,1,7,154,335,1,1
XL_MS,1,1,3,154,245,1,1
XL_MS,1,1,1,154,291,1,1
XL_MS,1,1,1,154,346,1,1
XL_MS,1,1,3,154,262,1,1
XL_MS,1,1,6,154,348,1,1
XL_MS,1,1,1,154,256,1,1
XL_MS,1,1,4,154,224,1,1
XL_MS,1,3,10,334,206,3,3
XL_MS,1,3,3,334,340,1,1
XL_MS,1,3,3,334,310,1,1
XL_MS,1,3,4,334,156,1,1
XL_MS,1,3,4,334,326,1,1
XL_MS,1,3,4,334,150,1,1
XL_MS,1,3,2,334,338,1,1
XL_MS,1,2,3,322,329,2,3
XL_MS,1,2,2,322,244,4,5
XL_MS,1,2,1,322,334,1,1
XL_MS,1,2,7,322,285,1,1
XL_MS,1,2,10,183,350,1,1
XL_MS,1,3,2,329,244,8,9
XL_MS,1,3,1,337,334,4,5
XL_MS,1,3,1,337,134,1,1
XL_MS,1,3,11,329,197,1,1
XL_MS,1,3,4,337,217,1,1
XL_MS,1,3,10,329,350,1,1
XL_MS,1,3,3,337,204,1,1
XL_MS,1,3,2,337,30,1,1
XL_MS,1,3,4,329,224,1,1
XL_MS,1,2,1,244,334,3,3
XL_MS,1,2,3,244,341,1,1
XL_MS,1,2,11,244,197,1,1
XL_MS,1,2,3,137,342,1,1
XL_MS,1,1,3,334,341,1,1
XL_MS,1,1,11,334,197,1,1
XL_MS,1,1,1,51,51,2,2
XL_MS,1,3,2,267,301,1,1
XL_MS,1,2,1,244,66,1,1
XL_MS,1,5,3,226,330,1,1
XL_MS,1,1,2,88,269,1,1
XL_MS,1,3,1,300,198,1,1
XL_MS,1,3,1,300,227,4,4
XL_MS,1,3,2,300,327,1,1
XL_MS,1,2,2,263,208,1,1
XL_MS,1,4,1,350,350,1,1
XL_MS,1,1,1,206,200,1,1
XL_MS,1,3,6,317,350,1,1
XL_MS,1,9,8,93,30,1,1
XL_MS,1,9,1,325,331,1,1
XL_MS,1,4,5,249,328,2,2
XL_MS,1,10,4,350,219,1,1
XL_MS,1,10,7,350,265,2,3
XL_MS,1,10,4,320,267,1,1
XL_MS,1,4,3,200,346,1,1
XL_MS,1,10,6,324,320,1,1
XL_MS,1,10,4,350,337,1,1
XL_MS,1,10,1,238,134,1,1
XL_MS,1,10,1,238,102,1,1
XL_MS,1,10,2,350,201,1,1
XL_MS,1,10,3,238,345,1,1
XL_MS,1,10,5,268,309,1,1
XL_MS,1,4,1,324,299,1,1
XL_MS,1,4,1,324,149,1,1
XL_MS,1,6,7,269,168,1,1
XL_MS,1,6,4,350,285,1,1
XL_MS,1,2,11,218,350,1,1
XL_MS,1,6,4,286,248,3,3
XL_MS,1,2,2,143,314,1,1
XL_MS,1,6,2,306,265,1,1
XL_MS,1,5,6,287,321,1,1
XL_MS,1,5,5,302,184,1,1
XL_MS,1,2,5,315,243,1,1
XL_MS,1,1,6,323,326,1,1
XL_MS,1,7,4,295,350,1,1
XL_MS,1,5,9,350,183,1,1
XL_MS,1,5,1,289,306,1,1
XL_MS,1,1,4,134,333,1,1
XL_MS,1,1,3,134,313,1,1
XL_MS,1,1,10,134,350,1,1
XL_MS,1,1,4,134,285,1,1
XL_MS,1,1,3,134,176,1,1
XL_MS,1,1,5,134,285,1,1
XL_MS,1,1,1,134,129,1,1
XL_MS,1,1,3,134,257,1,1
XL_MS,1,1,2,134,294,1,1
XL_MS,1,1,3,134,325,1,1
XL_MS,1,1,5,134,246,1,1
XL_MS,1,1,1,134,179,1,1
XL_MS,1,1,1,134,228,1,1
XL_MS,1,1,3,134,337,1,1
XL_MS,1,1,6,134,350,1,1
XL_MS,1,3,3,210,284,1,1
XL_MS,1,4,3,311,236,1,1
XL_MS,1,1,7,118,267,1,1
XL_MS,1,6,4,326,337,1,1
XL_MS,1,6,4,326,333,1,1
XL_MS,1,6,3,326,258,1,1
XL_MS,1,2,3,305,180,1,1
XL_MS,1,2,2,248,309,1,1
XL_MS,1,2,1,305,139,1,1
XL_MS,1,5,1,197,289,1,1
XL_MS,1,5,2,302,344,1,1
XL_MS,1,5,2,350,179,1,1
XL_MS,1,7,3,334,258,1,1
XL_MS,1,4,7,235,350,1,1
XL_MS,1,1,1,233,298,1,1
XL_MS,1,1,6,233,350,1,1
XL_MS,1,1,2,233,298,1,1
XL_MS,1,1,6,233,225,1,1
XL_MS,1,1,4,233,261,1,1
XL_MS,1,1,4,233,248,1,1
XL_MS,1,1,1,233,64,1,1
XL_MS,1,1,3,233,269,1,1
XL_MS,1,1,4,233,265,1,1
XL_MS,1,1,4,233,253,1,1
XL_MS,1,1,4,233,252,1,1
XL_MS,1,1,4,233,254,1,1
XL_MS,1,1,4,233,254,1,1
XL_MS,1,1,4,233,255,1,1
XL_MS,1,1,4,233,256,1,1
XL_MS,1,1,4,233,256,1,1
XL_MS,1,1,4,233,254,1,1
XL_MS,1,1,5,233,254,1,1
XL_MS,1,1,4,233,256,1,1
XL_MS,1,1,4,233,255,1,1
XL_MS,1,1,4,233,257,1,1
XL_MS,1,1,4,233,255,1,1
XL_MS,1,1,4,233,254,1,1
XL_MS,1,4,5,303,334,1,1
XL_MS,1,3,5,344,329,1,1
XL_MS,1,13,3,297,320,1,1
XL_MS,1,9,1,350,259,1,1
XL_MS,1,9,1,249,306,1,1
XL_MS,1,9,1,174,166,1,1
XL_MS,1,2,6,208,324,1,1
XL_MS,1,2,2,208,314,1,1
XL_MS,1,2,2,208,328,1,1
XL_MS,1,2,3,107,215,1,1
XL_MS,1,2,3,107,215,2,4
XL_MS,1,2,2,302,219,1,1
XL_MS,1,4,8,332,68,1,1
XL_MS,1,5,2,294,272,1,1
XL_MS,1,5,1,321,324,1,1
XL_MS,1,5,3,321,30,1,1
XL_MS,1,5,5,294,208,1,1
XL_MS,1,3,2,348,184,1,1
XL_MS,1,9,5,317,209,1,1
XL_MS,1,3,10,265,310,1,1
XL_MS,1,3,7,265,335,1,1
XL_MS,1,3,4,265,56,1,1
XL_MS,1,3,1,342,299,1,1
XL_MS,1,7,2,303,226,1,1
XL_MS,1,7,6,57,233,1,1
XL_MS,1,4,8,350,288,1,1
XL_MS,1,3,1,215,224,1,1
XL_MS,1,3,3,215,215,21,30
XL_MS,1,6,10,164,297,1,1
XL_MS,1,6,1,313,101,1,1
XL_MS,1,6,2,164,331,2,2
XL_MS,1,6,1,313,106,2,2
XL_MS,1,6,8,164,347,1,1
XL_MS,1,4,1,337,311,1,1
XL_MS,1,4,1,337,253,1,1
XL_MS,1,4,3,337,258,1,1
XL_MS,1,6,8,268,258,1,1
XL_MS,1,6,2,190,271,2,2
XL_MS,1,6,1,190,166,1,1
XL_MS,1,7,1,229,131,1,1
XL_MS,1,2,5,204,311,1,1
XL_MS,1,2,3,314,327,1,1
XL_MS,1,5,1,350,185,1,1
XL_MS,1,12,1,252,283,1,1
XL_MS,1,4,5,210,340,1,1
XL_MS,1,8,2,350,110,1,1
XL_MS,1,8,7,325,308,1,1
XL_MS,1,6,1,329,154,1,1
XL_MS,1,2,11,236,328,1,1
XL_MS,1,2,3,226,310,1,1
XL_MS,1,2,1,236,123,1,1
XL_MS,1,2,10,236,350,1,1
XL_MS,1,2,2,226,344,1,1
XL_MS,1,2,2,236,318,1,1
XL_MS,1,2,9,226,286,1,1
XL_MS,1,2,2,226,133,1,1
XL_MS,1,2,10,236,255,2,2
XL_MS,1,2,1,301,178,1,1
XL_MS,1,4,2,302,122,1,1
XL_MS,1,4,3,312,344,1,1
XL_MS,1,1,1,51,58,1,1
XL_MS,1,11,4,215,326,1,1
XL_MS,1,11,1,350,307,1,1
XL_MS,1,8,4,207,274,1,1
XL_MS,1,4,1,303,209,1,1
XL_MS,1,2,2,306,233,1,1
XL_MS,1,2,1,105,199,1,1
XL_MS,1,8,2,332,330,1,1
XL_MS,1,4,7,150,350,1,1
XL_MS,1,4,14,326,350,1,1
XL_MS,1,4,12,150,315,1,1
XL_MS,1,4,3,326,327,1,1
XL_MS,1,4,1,335,250,1,1
XL_MS,1,4,3,266,274,1,1
XL_MS,1,7,7,323,341,1,1
XL_MS,1,7,6,341,336,1,1
XL_MS,1,5,4,212,350,1,1
XL_MS,1,5,5,212,328,1,1
XL_MS,1,3,1,324,106,1,1
XL_MS,1,2,7,303,266,1,1
XL_MS,1,2,2,303,320,1,1
XL_MS,1,2,2,303,324,4,4
XL_MS,1,5,4,279,207,1,1
XL_MS,1,2,3,303,332,1,1
XL_MS,1,5,2,338,205,1,1
XL_MS,1,1,1,302,260,1,1
XL_MS,1,7,1,350,84,1,1
XL_MS,1,7,3,314,296,1,1
XL_MS,1,7,2,314,324,1,1
XL_MS,1,1,4,311,333,1,1
XL_MS,1,1,3,311,258,1,1
XL_MS,1,1,2,278,306,1,1
XL_MS,1,5,11,311,204,1,1
XL_MS,1,5,1,311,106,2,2
XL_MS,1,7,2,280,299,1,1
XL_MS,1,4,2,312,233,2,2
XL_MS,1,4,9,176,350,1,1
XL_MS,1,4,2,312,350,1,1
XL_MS,1,6,4,185,330,1,1
XL_MS,1,2,2,274,329,1,1
XL_MS,1,3,2,313,251,1,1
XL_MS,1,4,2,339,212,1,1
XL_MS,1,5,3,261,315,1,1
XL_MS,1,5,1,261,309,1,1
XL_MS,1,5,7,350,322,1,1
XL_MS,1,5,6,261,348,1,1
XL_MS,1,5,3,261,321,1,1
XL_MS,1,5,3,261,222,1,1
XL_MS,1,5,7,261,350,1,1
XL_MS,1,2,6,317,350,1,1
XL_MS,1,7,6,331,280,1,1
XL_MS,1,4,8,273,304,1,1
XL_MS,1,4,2,280,223,2,2
XL_MS,1,3,5,187,66,1,1
XL_MS,1,7,3,329,264,1,1
XL_MS,1,7,1,329,153,1,1
XL_MS,1,1,1,255,293,1,1
XL_MS,1,1,2,255,293,1,1
XL_MS,1,4,6,203,350,1,1
XL_MS,1,1,6,333,176,1,1
XL_MS,1,6,5,151,273,1,1
XL_MS,1,3,7,315,341,1,1
XL_MS,1,1,5,161,315,1,1
XL_MS,1,1,1,161,124,4,4
XL_MS,1,1,2,161,129,1,1
XL_MS,1,1,2,325,193,1,1
XL_MS,1,1,2,325,245,1,1
XL_MS,1,1,9,325,323,1,1
XL_MS,1,1,4,288,286,1,1
XL_MS,1,3,1,299,318,1,1
XL_MS,1,1,1,244,318,1,1
XL_MS,1,5,5,303,300,1,1
XL_MS,1,6,1,350,331,1,1
XL_MS,1,4,2,316,314,1,1
XL_MS,1,3,6,265,128,1,1
XL_MS,1,3,4,265,174,3,3
XL_MS,1,3,1,329,289,1,1
XL_MS,1,1,10,222,347,1,1
XL_MS,1,2,1,154,188,1,1
XL_MS,1,2,3,299,280,1,1
XL_MS,1,2,2,178,308,1,1
XL_MS,1,4,1,247,226,1,1
XL_MS,1,4,1,350,117,1,1
XL_MS,1,1,2,102,282,1,1
XL_MS,1,1,1,102,232,1,1
XL_MS,1,1,6,102,289,1,1
XL_MS,1,1,1,102,323,1,1
XL_MS,1,5,1,350,117,1,1
XL_MS,1,5,1,350,117,1,1
XL_MS,1,3,1,30,224,1,1
XL_MS,1,4,2,320,331,1,1
XL_MS,1,3,9,329,260,1,1
XL_MS,1,3,7,329,300,1,1
XL_MS,1,3,6,329,173,1,1
XL_MS,1,3,3,329,210,1,1
XL_MS,1,6,4,339,238,1,1
XL_MS,1,6,5,339,304,1,1
XL_MS,1,3,3,139,282,2,2
XL_MS,1,4,2,326,134,1,1
XL_MS,1,4,3,326,342,1,1
XL_MS,1,4,2,326,304,1,1
XL_MS,1,2,1,125,228,1,1
XL_MS,1,4,8,350,335,1,1
XL_MS,1,6,3,316,346,1,1
XL_MS,1,10,5,347,323,1,1
XL_MS,1,10,5,265,233,1,1
XL_MS,1,10,2,323,312,1,1
XL_MS,1,10,3,265,284,1,1
XL_MS,1,10,4,220,342,1,1
XL_MS,1,7,3,350,264,1,1
XL_MS,1,3,1,333,248,1,1
XL_MS,1,4,1,350,229,1,1
XL_MS,1,5,5,313,270,1,1
XL_MS,1,1,3,221,278,1,1
XL_MS,1,2,6,338,280,1,1
XL_MS,1,2,1,301,238,1,1
XL_MS,1,3,1,290,106,1,1
XL_MS,1,1,1,258,299,1,1
XL_MS,1,3,3,284,181,1,1
XL_MS,1,3,6,274,317,1,1
XL_MS,1,3,6,284,350,1,1
XL_MS,1,3,1,216,318,1,1
XL_MS,1,2,1,263,291,1,1
XL_MS,1,3,3,336,276,1,1
XL_MS,1,3,4,336,334,1,1
XL_MS,1,1,3,304,38,1,1
XL_MS,1,3,2,336,205,1,1
XL_MS,1,1,5,289,289,1,1
XL_MS,1,1,3,289,269,1,1
XL_MS,1,1,11,289,201,1,1
XL_MS,1,5,1,251,280,1,1
XL_MS,1,1,7,134,219,1,1
XL_MS,1,1,6,134,320,1,1
XL_MS,1,11,1,30,106,1,1
XL_MS,1,7,1,250,331,1,1
XL_MS,1,7,2,250,82,1,1
XL_MS,1,5,2,343,345,1,1
XL_MS,1,2,1,321,298,1,1
XL_MS,1,2,6,321,225,1,1
XL_MS,1,8,4,350,320,1,1
XL_MS,1,8,2,350,276,1,1
XL_MS,1,8,1,73,282,1,1
XL_MS,1,9,4,315,88,1,1
XL_MS,1,14,1,350,185,1,1
XL_MS,1,14,1,350,64,1,1
XL_MS,1,5,1,171,318,1,1
XL_MS,1,3,3,342,327,1,1
XL_MS,1,1,3,235,183,1,1
XL_MS,1,2,3,239,327,1,1
XL_MS,1,2,7,285,297,1,1
XL_MS,1,3,2,177,276,1,1
XL_MS,1,1,3,331,333,1,1
XL_MS,1,1,1,268,227,1,1
XL_MS,1,8,1,350,248,1,1
XL_MS,1,1,6,221,350,1,1
XL_MS,1,2,1,237,239,1,1
XL_MS,1,3,1,340,228,1,1
XL_MS,1,2,1,309,328,1,1
XL_MS,1,5,5,229,329,1,1
XL_MS,1,1,1,198,299,1,1
XL_MS,1,1,3,198,327,1,1
XL_MS,1,1,1,254,109,1,1
XL_MS,1,1,1,254,308,2,2
XL_MS,1,6,6,267,230,1,1
XL_MS,1,6,2,299,304,1,1
XL_MS,1,6,5,299,249,1,1
XL_MS,1,6,2,282,215,1,1
XL_MS,1,4,7,302,184,1,1
XL_MS,1,8,2,324,312,1,1
XL_MS,1,2,1,273,171,1,1
XL_MS,1,2,1,273,213,1,1
XL_MS,1,4,4,256,190,1,1
XL_MS,1,3,1,233,273,1,1
XL_MS,1,4,3,317,246,1,1
XL_MS,1,4,6,279,346,1,1
XL_MS,1,2,2,211,329,1,1
XL_MS,1,1,4,339,299,1,1
XL_MS,1,3,4,292,239,1,1
XL_MS,1,6,5,350,328,1,1
XL_MS,1,6,1,338,145,1,1
XL_MS,1,3,8,294,350,1,1
XL_MS,1,1,4,110,278,1,1
XL_MS,1,6,1,328,235,2,2
XL_MS,1,8,2,347,110,1,1
XL_MS,1,6,3,340,345,2,2
XL_MS,1,4,2,274,231,1,1
XL_MS,1,4,3,274,350,1,1
XL_MS,1,4,1,349,206,1,1
XL_MS,1,4,1,349,246,1,1
XL_MS,1,4,1,349,139,1,1
XL_MS,1,4,9,349,260,1,1
XL_MS,1,4,1,349,186,1,1
XL_MS,1,4,2,274,319,1,1
XL_MS,1,5,8,350,350,1,1
XL_MS,1,6,2,128,347,1,1
XL_MS,1,6,1,128,234,1,1
XL_MS,1,6,4,289,174,3,4
XL_MS,1,6,1,128,322,1,1
XL_MS,1,4,8,268,350,1,1
XL_MS,1,4,4,88,333,1,1
XL_MS,1,1,2,350,314,1,1
XL_MS,1,1,3,350,277,1,1
XL_MS,1,1,4,350,261,1,1
XL_MS,1,2,5,310,350,1,1
XL_MS,1,2,3,310,327,1,1
XL_MS,1,2,1,310,283,1,1
XL_MS,1,1,1,315,89,1,1
XL_MS,1,7,4,350,298,1,1
XL_MS,1,3,2,38,308,1,1
XL_MS,1,3,2,38,332,1,1
XL_MS,1,3,1,75,244,1,1
XL_MS,1,3,3,67,67,2,2
XL_MS,1,1,4,84,313,1,1
XL_MS,1,1,3,84,323,1,1
XL_MS,1,6,1,350,307,1,1
XL_MS,1,2,4,249,350,1,1
XL_MS,1,8,6,228,268,1,1
XL_MS,1,8,1,264,341,1,1
XL_MS,1,3,1,330,310,1,1
XL_MS,1,3,1,334,205,1,1
XL_MS,1,3,8,330,253,1,1
XL_MS,1,4,2,277,332,1,1
XL_MS,1,4,1,335,331,1,1
XL_MS,1,3,2,305,152,1,1
XL_MS,1,3,1,305,265,1,2
XL_MS,1,3,4,305,288,1,1
XL_MS,1,3,1,137,226,1,1
XL_MS,1,2,1,230,261,5,5
XL_MS,1,2,4,248,285,1,1
XL_MS,1,2,2,248,250,2,2
XL_MS,1,6,3,335,341,1,1
XL_MS,1,2,5,344,194,1,1
XL_MS,1,3,2,260,90,1,1
XL_MS,1,1,1,313,166,1,1
XL_MS,1,5,2,309,273,1,1
XL_MS,1,5,5,309,325,2,2
XL_MS,1,1,3,327,156,1,1
XL_MS,1,3,5,337,350,1,1
XL_MS,1,2,2,333,95,1,1
XL_MS,1,2,2,333,328,1,1
XL_MS,1,3,1,31,211,1,1
XL_MS,1,1,10,216,344,1,1
XL_MS,1,10,7,340,341,1,1
XL_MS,1,2,2,301,324,2,2
XL_MS,1,1,1,110,86,3,3
XL_MS,1,1,1,205,161,1,1
XL_MS,1,1,1,205,332,3,3
XL_MS,1,11,1,311,64,1,1
XL_MS,1,1,2,74,162,1,1
XL_MS,1,2,10,220,337,2,2
XL_MS,1,2,4,220,350,3,3
XL_MS,1,2,1,220,171,1,1
XL_MS,1,8,8,135,135,2,4
XL_MS,1,10,1,310,125,1,1
XL_MS,1,10,2,310,148,1,1
XL_MS,1,10,1,310,241,1,1
XL_MS,1,10,3,300,137,1,1
XL_MS,1,10,3,310,327,1,1
XL_MS,1,10,4,310,334,1,1
XL_MS,1,9,6,165,298,1,1
XL_MS,1,9,1,165,334,1,1
XL_MS,1,9,3,165,302,1,1
XL_MS,1,9,5,343,350,1,1
XL_MS,1,4,1,350,105,1,1
XL_MS,1,1,4,152,343,1,1
XL_MS,1,11,1,281,307,1,1
XL_MS,1,7,2,201,212,1,1
XL_MS,1,2,11,231,206,1,1
XL_MS,1,1,2,309,110,1,1
XL_MS,1,3,6,296,316,1,1
XL_MS,1,3,9,296,274,1,1
XL_MS,1,3,4,310,313,1,1
XL_MS,1,3,2,310,312,1,1
XL_MS,1,9,3,279,321,1,1
XL_MS,1,9,5,279,251,1,1
XL_MS,1,3,3,216,280,1,1
XL_MS,1,2,6,332,350,1,1
XL_MS,1,3,2,144,266,1,1
XL_MS,1,2,2,296,321,2,2
XL_MS,1,7,3,350,250,1,1
XL_MS,1,6,6,305,309,1,1
XL_MS,1,2,4,289,325,1,1
XL_MS,1,2,3,253,263,1,1
XL_MS,1,2,1,343,247,1,1
XL_MS,1,3,2,234,234,2,2
XL_MS,1,7,10,317,350,1,1
XL_MS,1,2,2,323,285,1,1
XL_MS,1,2,2,323,324,2,2
XL_MS,1,9,2,325,296,1,1
XL_MS,1,5,7,328,318,1,1
XL_MS,1,5,2,335,331,2,2
XL_MS,1,5,8,335,347,1,1
XL_MS,1,1,1,128,212,1,1
XL_MS,1,1,1,128,279,2,2
XL_MS,1,1,1,261,192,1,1
XL_MS,1,1,1,298,248,1,1
XL_MS,1,1,6,298,263,1,1
XL_MS,1,1,3,298,331,1,1
XL_MS,1,1,9,291,328,1,1
XL_MS,1,1,1,291,306,2,2
XL_MS,1,1,1,291,283,1,1
XL_MS,1,6,4,268,207,1,1
XL_MS,1,1,10,157,281,1,1
XL_MS,1,1,1,158,140,1,1
XL_MS,1,1,1,123,161,1,1
XL_MS,1,1,2,123,349,5,5
XL_MS,1,3,2,306,313,1,1
XL_MS,1,2,4,337,335,1,1
XL_MS,1,4,2,350,266,1,1
XL_MS,1,4,7,350,265,1,1
XL_MS,1,4,4,350,350,1,1
XL_MS,1,1,1,302,165,1,1
XL_MS,1,6,1,217,185,1,1
XL_MS,1,6,3,320,280,1,1
XL_MS,1,6,1,217,126,1,1
XL_MS,1,6,1,217,153,1,1
XL_MS,1,6,2,320,301,1,1
XL_MS,1,6,5,320,350,1,1
XL_MS,1,6,6,320,201,1,1
XL_MS,1,6,1,217,337,1,1
XL_MS,1,6,6,320,321,1,1
XL_MS,1,6,1,320,254,1,1
XL_MS,1,6,7,320,167,1,1
XL_MS,1,6,8,320,324,1,1
XL_MS,1,6,1,217,185,1,1
XL_MS,1,8,3,182,350,1,1
XL_MS,1,8,8,182,177,1,1
XL_MS,1,5,5,343,201,1,1
XL_MS,1,9,6,297,338,1,1
XL_MS,1,3,1,51,197,1,1
XL_MS,1,5,1,350,228,1,1
XL_MS,1,5,4,350,339,1,1
XL_MS,1,2,2,301,326,1,1
XL_MS,1,1,1,257,248,1,1
XL_MS,1,8,1,347,335,1,1
XL_MS,1,7,5,230,341,1,1
XL_MS,1,5,3,343,320,1,1
XL_MS,1,3,1,281,145,1,1
XL_MS,1,2,5,317,294,1,1
XL_MS,1,3,6,343,259,1,1
XL_MS,1,5,2,350,331,1,1
XL_MS,1,5,8,350,347,1,1
XL_MS,1,2,7,135,341,1,1
XL_MS,1,1,6,208,350,1,1
XL_MS,1,5,4,350,307,2,2
XL_MS,1,5,1,30,283,1,1
XL_MS,1,2,3,335,298,1,1
XL_MS,1,1,1,199,202,1,1
XL_MS,1,3,1,329,125,1,1
XL_MS,1,4,5,280,350,1,1
XL_MS,1,5,1,300,306,1,1
XL_MS,1,4,3,171,284,1,1
XL_MS,1,4,7,297,256,1,1
XL_MS,1,4,1,188,280,1,1
XL_MS,1,4,2,188,327,1,1
XL_MS,1,3,4,158,319,1,1
XL_MS,1,2,1,349,213,1,1
XL_MS,1,2,4,336,330,1,1
XL_MS,1,4,4,350,30,1,1
XL_MS,1,2,2,292,324,2,2
XL_MS,1,5,3,350,178,1,1
XL_MS,1,1,3,276,193,1,1
XL_MS,1,10,5,188,284,1,1
XL_MS,1,5,2,350,179,1,1
XL_MS,1,4,2,239,350,1,1
XL_MS,1,2,2,223,214,4,4
XL_MS,1,3,5,320,215,1,1
XL_MS,1,5,2,294,314,1,1
XL_MS,1,14,1,350,261,1,1
XL_MS,1,5,1,336,250,1,1
XL_MS,1,1,1,349,299,1,1
XL_MS,1,2,1,297,256,1,1
XL_MS,1,3,8,294,350,1,1
XL_MS,1,13,2,302,214,1,1
XL_MS,1,3,6,315,330,1,1
XL_MS,1,3,1,341,306,1,1
XL_MS,1,1,3,242,152,1,1
XL_MS,1,5,4,44,300,1,1
XL_MS,1,7,5,255,328,1,1
XL_MS,1,11,2,307,302,1,1
XL_MS,1,4,3,303,324,1,1
XL_MS,1,4,4,156,252,1,1
XL_MS,1,3,3,332,262,3,3
XL_MS,1,5,1,350,161,1,1
XL_MS,1,5,2,350,312,1,1
XL_MS,1,4,3,343,334,1,1
XL_MS,1,4,3,348,320,1,1
XL_MS,1,4,1,348,295,1,1
XL_MS,1,4,6,343,279,1,1
XL_MS,1,4,4,319,350,1,1
XL_MS,1,4,4,343,267,1,1
XL_MS,1,6,3,265,340,1,1
XL_MS,1,2,1,116,255,1,1
XL_MS,1,4,7,350,265,1,1
XL_MS,1,4,4,350,350,1,1
XL_MS,1,3,2,238,286,1,1
XL_MS,1,3,4,238,30,1,1
XL_MS,1,3,1,238,198,1,1
XL_MS,1,3,1,202,320,1,1
XL_MS,1,4,1,350,292,3,3
XL_MS,1,1,1,164,332,1,1
XL_MS,1,1,1,262,307,1,1
XL_MS,1,1,1,340,326,1,1
XL_MS,1,1,6,340,350,2,2
XL_MS,1,2,5,288,336,1,1
XL_MS,1,4,4,323,307,1,1
XL_MS,1,3,7,337,341,1,1
XL_MS,1,3,6,252,197,1,1
XL_MS,1,3,3,252,316,1,1
XL_MS,1,5,4,347,339,1,1
XL_MS,1,5,5,333,337,1,1
XL_MS,1,4,2,336,222,1,1
XL_MS,1,4,1,336,105,1,1
XL_MS,1,2,1,321,259,1,1
XL_MS,1,4,1,350,213,1,1
XL_MS,1,4,2,333,230,1,1
XL_MS,1,4,2,333,314,1,1
XL_MS,1,4,11,333,265,1,1
XL_MS,1,4,6,333,168,1,1
XL_MS,1,4,3,190,321,1,1
XL_MS,1,4,5,333,317,1,1
XL_MS,1,4,7,190,251,1,1
XL_MS,1,4,8,333,350,1,1
XL_MS,1,10,3,350,323,1,1
XL_MS,1,3,2,266,328,1,1
XL_MS,1,3,4,325,248,1,1
XL_MS,1,3,1,218,129,1,1
XL_MS,1,2,1,325,313,1,1
XL_MS,1,2,11,325,320,1,1
XL_MS,1,3,1,299,318,1,1
XL_MS,1,4,3,326,304,1,1
XL_MS,1,3,1,306,89,1,1
XL_MS,1,3,1,298,105,1,1
XL_MS,1,3,1,297,306,1,1
XL_MS,1,2,6,111,277,1,1
XL_MS,1,8,4,318,322,1,1
XL_MS,1,7,1,251,306,2,2
XL_MS,1,4,2,309,167,3,4
XL_MS,1,2,5,273,310,1,1
XL_MS,1,2,5,273,96,1,1
XL_MS,1,1,2,240,296,7,7
XL_MS,1,1,2,240,320,1,1
XL_MS,1,1,2,240,323,1,1
XL_MS,1,3,2,329,290,1,1
XL_MS,1,10,7,231,300,1,1
XL_MS,1,3,10,170,350,1,1
XL_MS,1,3,1,170,139,1,1
XL_MS,1,4,2,350,310,1,1
XL_MS,1,1,1,149,108,6,6
XL_MS,1,2,2,322,326,4,4
XL_MS,1,2,2,322,317,1,1
XL_MS,1,2,7,218,184,1,1
XL_MS,1,4,2,312,269,1,1
XL_MS,1,1,1,169,175,1,1
XL_MS,1,1,4,295,291,1,1
XL_MS,1,3,7,346,275,1,1
XL_MS,1,3,2,346,315,1,1
XL_MS,1,3,6,346,170,1,1
XL_MS,1,3,3,346,327,1,1
XL_MS,1,2,9,193,323,1,1
XL_MS,1,1,1,194,101,1,1
XL_MS,1,5,3,324,209,1,1
XL_MS,1,1,6,340,259,1,1
XL_MS,1,10,5,343,230,1,1
XL_MS,1,2,1,89,227,4,4
XL_MS,1,3,6,46,297,2,2
XL_MS,1,7,1,350,185,1,1
XL_MS,1,4,4,321,224,1,1
XL_MS,1,7,1,346,198,1,1
XL_MS,1,2,4,347,174,3,3
XL_MS,1,1,3,334,320,1,1
XL_MS,1,2,1,340,197,1,1
XL_MS,1,2,3,340,309,1,1
XL_MS,1,2,2,340,337,1,1
XL_MS,1,2,3,340,325,1,1
XL_MS,1,2,2,340,213,1,1
XL_MS,1,2,3,340,169,1,1
XL_MS,1,4,5,296,243,1,1
XL_MS,1,3,3,277,347,1,1
XL_MS,1,3,4,284,272,1,1
XL_MS,1,9,3,348,345,1,1
XL_MS,1,9,2,232,301,1,1
XL_MS,1,5,5,232,232,2,3
XL_MS,1,4,3,210,253,1,1
XL_MS,1,3,1,301,237,1,1
XL_MS,1,5,6,248,350,1,1
XL_MS,1,1,1,51,55,1,1
XL_MS,1,3,3,109,348,1,1
XL_MS,1,1,3,131,350,1,1
XL_MS,1,1,3,131,239,1,1
XL_MS,1,1,3,131,30,1,1
XL_MS,1,1,8,208,280,1,1
XL_MS,1,1,4,208,347,1,1
XL_MS,1,1,1,108,259,1,1
XL_MS,1,1,2,108,224,1,1
XL_MS,1,3,7,323,341,1,1
XL_MS,1,3,4,296,288,1,1
XL_MS,1,3,1,334,306,1,1
XL_MS,1,1,1,135,152,1,1
XL_MS,1,1,1,171,331,3,3
XL_MS,1,4,1,320,329,1,1
XL_MS,1,3,2,310,141,1,1
XL_MS,1,1,1,190,183,1,1
XL_MS,1,7,3,304,331,1,1
XL_MS,1,1,2,288,332,1,1
XL_MS,1,1,1,65,66,2,2
XL_MS,1,2,3,279,297,1,1
XL_MS,1,4,1,337,83,1,1
XL_MS,1,3,2,302,320,2,2
XL_MS,1,3,6,300,350,1,1
XL_MS,1,6,2,335,306,1,1
XL_MS,1,6,1,350,239,1,1
XL_MS,1,2,6,261,341,1,1
XL_MS,1,3,1,254,228,1,1
XL_MS,1,3,3,171,215,1,1
XL_MS,1,4,6,270,309,1,1
XL_MS,1,1,1,215,102,1,1
XL_MS,1,2,5,267,189,1,1
XL_MS,1,3,5,326,326,1,1
XL_MS,1,8,1,326,332,1,1
XL_MS,1,3,6,330,216,1,1
XL_MS,1,4,1,319,148,1,1
XL_MS,1,1,1,312,199,1,1
XL_MS,1,6,1,282,209,3,3
XL_MS,1,6,4,282,285,1,1
XL_MS,1,5,4,315,285,1,1
XL_MS,1,3,5,338,164,1,1
XL_MS,1,3,3,249,304,1,1
XL_MS,1,2,12,332,263,1,1
XL_MS,1,3,3,331,271,1,1
XL_MS,1,4,2,295,160,1,1
XL_MS,1,2,4,122,249,1,1
XL_MS,1,2,9,329,312,1,1
XL_MS,1,2,2,329,271,1,1
XL_MS,1,2,1,329,86,1,1
XL_MS,1,2,5,329,235,1,1
XL_MS,1,2,3,329,290,1,1
XL_MS,1,2,1,298,243,1,1
XL_MS,1,2,4,110,336,1,1
XL_MS,1,3,2,326,301,1,1
XL_MS,1,3,1,344,244,4,4
XL_MS,1,3,3,344,306,1,1
XL_MS,1,3,11,307,209,1,1
XL_MS,1,1,2,313,271,1,1
XL_MS,1,1,3,226,345,1,1
XL_MS,1,1,3,226,333,1,1
XL_MS,1,4,6,286,285,2,2
XL_MS,1,2,2,216,314,1,1
XL_MS,1,4,1,315,325,1,1
XL_MS,1,1,1,341,307,1,1
XL_MS,1,1,2,293,167,1,1
XL_MS,1,7,3,218,284,1,1
XL_MS,1,7,1,182,228,1,1
XL_MS,1,7,1,199,213,1,1
XL_MS,1,5,7,349,341,1,1
XL_MS,1,11,1,350,166,1,1
XL_MS,1,5,4,344,283,1,1
XL_MS,1,2,2,174,267,1,1
XL_MS,1,1,3,315,332,5,5
XL_MS,1,3,9,340,328,1,1
XL_MS,1,3,1,340,283,1,1
XL_MS,1,6,2,350,298,1,1
XL_MS,1,11,2,335,306,1,1
XL_MS,1,11,4,338,175,1,1
XL_MS,1,11,2,335,177,2,2
XL_MS,1,2,2,325,329,1,1
XL_MS,1,1,5,326,274,1,1
XL_MS,1,1,7,326,328,1,1
XL_MS,1,1,3,326,304,1,1
XL_MS,1,2,2,296,323,2,2
XL_MS,1,3,1,324,101,1,1
XL_MS,1,7,3,184,30,1,1
XL_MS,1,11,1,350,239,1,1
XL_MS,1,1,6,309,330,1,1
XL_MS,1,1,1,324,306,1,1
XL_MS,1,1,2,311,231,1,1
XL_MS,1,1,3,311,350,1,1
XL_MS,1,1,2,311,319,1,1
XL_MS,1,1,2,311,231,1,1
XL_MS,1,1,3,311,350,1,1
XL_MS,1,1,2,311,319,1,1
XL_MS,1,1,3,330,333,1,1
XL_MS,1,1,4,330,322,1,1
XL_MS,1,2,1,317,213,1,1
XL_MS,1,3,2,321,344,1,1
XL_MS,1,3,2,321,307,1,1
XL_MS,1,3,4,331,291,1,1
XL_MS,1,3,2,238,350,1,1
XL_MS,1,7,2,285,271,1,1
XL_MS,1,7,1,323,147,1,1
XL_MS,1,7,3,323,344,1,1
XL_MS,1,4,3,330,104,1,1
XL_MS,1,4,2,330,311,1,1
XL_MS,1,3,3,343,255,1,1
XL_MS,1,1,1,256,247,1,1
XL_MS,1,3,1,311,206,1,1
XL_MS,1,3,1,311,246,1,1
XL_MS,1,3,1,311,139,1,1
XL_MS,1,3,9,311,260,1,1
XL_MS,1,3,1,311,186,1,1
XL_MS,1,1,4,253,333,1,1
XL_MS,1,1,3,253,258,1,1
XL_MS,1,6,6,296,331,4,7
XL_MS,1,6,2,242,306,1,1
XL_MS,1,6,3,242,350,1,1
XL_MS,1,6,1,350,227,1,1
XL_MS,1,6,4,296,256,1,1
XL_MS,1,3,1,275,307,1,1
XL_MS,1,1,6,307,350,1,1
XL_MS,1,1,2,291,256,1,1
XL_MS,1,2,1,228,185,1,1
XL_MS,1,3,5,340,189,1,1
XL_MS,1,4,4,234,328,1,1
XL_MS,1,4,3,240,305,1,1
XL_MS,1,1,1,318,316,1,1
XL_MS,1,2,2,347,329,1,1
XL_MS,1,1,3,184,320,1,1
XL_MS,1,1,1,161,102,1,1
XL_MS,1,1,1,161,251,2,2
XL_MS,1,2,1,232,117,1,1
XL_MS,1,2,1,232,117,1,1
XL_MS,1,2,6,310,350,1,1
XL_MS,1,4,2,299,340,1,1
XL_MS,1,4,1,299,318,1,1
XL_MS,1,4,2,299,262,1,1
XL_MS,1,4,2,299,335,1,1
XL_MS,1,4,6,299,341,1,1
XL_MS,1,4,2,299,339,2,2
XL_MS,1,4,3,299,57,1,1
XL_MS,1,4,2,152,242,2,2
XL_MS,1,3,3,320,326,1,1
XL_MS,1,2,1,348,178,1,1
XL_MS,1,8,1,317,249,1,1
XL_MS,1,3,4,348,339,1,1
XL_MS,1,3,1,348,198,1,1
XL_MS,1,3,2,340,348,2,2
XL_MS,1,4,6,307,315,1,1
XL_MS,1,4,3,307,327,1,1
XL_MS,1,4,3,307,199,1,1
XL_MS,1,4,4,307,325,1,1
XL_MS,1,2,1,293,332,1,1
XL_MS,1,3,1,272,276,1,1
XL_MS,1,2,1,319,306,2,2
XL_MS,1,3,3,309,183,1,1
XL_MS,1,4,1,250,306,1,1
XL_MS,1,4,5,350,113,1,1
XL_MS,1,2,2,194,311,1,1
XL_MS,1,1,2,209,348,2,2
XL_MS,1,1,5,209,326,1,1
XL_MS,1,1,2,209,275,1,1
XL_MS,1,1,4,209,260,1,1
XL_MS,1,8,2,320,232,1,1
XL_MS,1,6,2,266,345,1,1
XL_MS,1,6,3,298,291,1,1
XL_MS,1,6,6,350,261,1,1
XL_MS,1,1,6,326,350,1,1
XL_MS,1,5,1,189,106,1,1
XL_MS,1,5,7,189,339,1,1
XL_MS,1,3,1,174,117,1,1
XL_MS,1,3,1,174,117,1,1
XL_MS,1,4,1,325,180,1,1
XL_MS,1,4,4,306,198,1,1
XL_MS,1,2,4,342,185,1,1
XL_MS,1,2,4,342,248,1,1
XL_MS,1,7,3,322,230,1,1
XL_MS,1,7,3,322,225,1,1
XL_MS,1,3,3,304,341,1,1
XL_MS,1,3,3,345,338,1,1
XL_MS,1,3,5,345,285,1,1
XL_MS,1,1,4,234,174,3,3
XL_MS,1,1,6,341,332,1,1
XL_MS,1,1,2,269,216,1,1
XL_MS,1,1,4,137,165,1,1
XL_MS,1,1,1,266,304,2,2
XL_MS,1,3,3,180,214,1,1
XL_MS,1,1,4,157,222,1,1
XL_MS,1,5,1,298,213,1,1
XL_MS,1,2,1,324,335,3,3
XL_MS,1,5,6,350,350,1,1
XL_MS,1,3,2,190,327,1,1
XL_MS,1,2,1,96,198,2,2
XL_MS,1,8,3,265,160,1,1
XL_MS,1,7,6,196,336,1,1
XL_MS,1,1,3,57,345,1,1
XL_MS,1,4,5,348,335,1,1
XL_MS,1,1,4,261,239,1,1
XL_MS,1,7,6,328,128,1,1
XL_MS,1,7,2,235,113,1,1
XL_MS,1,7,6,237,350,1,1
XL_MS,1,5,2,134,256,1,1
XL_MS,1,5,5,345,319,1,1
XL_MS,1,1,1,260,230,1,1
XL_MS,1,6,1,350,334,1,1
XL_MS,1,1,3,251,276,1,1
XL_MS,1,3,5,154,340,1,1
XL_MS,1,10,4,343,208,1,1
XL_MS,1,2,1,309,310,1,1
XL_MS,1,6,2,158,257,1,1
XL_MS,1,9,1,276,106,1,1
XL_MS,1,4,2,263,304,1,1
XL_MS,1,4,1,314,335,1,1
XL_MS,1,2,12,266,316,2,2
XL_MS,1,3,3,276,72,1,1
XL_MS,1,3,1,276,244,3,4
XL_MS,1,3,3,119,306,3,6
XL_MS,1,2,3,298,209,1,1
XL_MS,1,1,6,213,350,1,1
XL_MS,1,3,1,293,108,1,1
XL_MS,1,3,3,209,342,1,1
XL_MS,1,3,1,209,349,1,1
XL_MS,1,3,3,209,333,1,1
XL_MS,1,3,2,209,302,1,1
XL_MS,1,3,1,209,314,1,1
XL_MS,1,3,5,209,286,1,1
XL_MS,1,2,2,292,171,2,2
XL_MS,1,4,5,350,303,2,4
XL_MS,1,1,2,330,345,2,3
XL_MS,1,1,5,330,209,1,1
XL_MS,1,2,1,301,124,1,1
XL_MS,1,11,1,350,293,1,1
XL_MS,1,4,6,350,328,1,1
XL_MS,1,2,2,320,327,5,5
XL_MS,1,2,2,320,317,2,2
XL_MS,1,2,2,246,195,1,1
XL_MS,1,9,1,312,105,1,1
XL_MS,1,10,1,278,254,1,1
XL_MS,1,10,3,297,164,1,1
XL_MS,1,7,2,350,232,1,1
XL_MS,1,2,4,335,309,3,3
XL_MS,1,2,3,335,187,1,1
XL_MS,1,2,1,335,106,1,1
XL_MS,1,5,2,304,244,1,1
XL_MS,1,1,1,232,273,1,1
XL_MS,1,2,4,280,336,1,1
XL_MS,1,2,5,314,285,1,1
XL_MS,1,2,1,314,129,1,1
XL_MS,1,2,3,318,344,1,1
XL_MS,1,1,6,325,350,1,2
XL_MS,1,4,2,30,220,1,1
XL_MS,1,3,6,288,335,1,1
XL_MS,1,7,3,217,225,1,1
XL_MS,1,9,4,321,224,1,1
XL_MS,1,4,9,350,312,1,1
XL_MS,1,4,6,329,31,1,1
XL_MS,1,3,4,284,328,1,1
XL_MS,1,5,1,294,329,1,1
XL_MS,1,5,2,201,349,1,1
XL_MS,1,3,6,350,350,1,1
XL_MS,1,5,6,186,280,1,1
XL_MS,1,1,1,334,331,1,1
XL_MS,1,6,2,350,332,1,1
XL_MS,1,2,2,306,349,1,1
XL_MS,1,1,1,201,201,6,6
XL_MS,1,3,3,280,267,5,5
XL_MS,1,3,2,280,348,1,1
XL_MS,1,5,2,350,171,1,1
XL_MS,1,5,3,348,215,1,1
XL_MS,1,4,2,185,296,1,1
XL_MS,1,4,4,185,319,1,1
XL_MS,1,4,1,350,245,1,1
XL_MS,1,1,1,179,189,1,1
XL_MS,1,1,1,179,227,1,1
XL_MS,1,4,1,288,198,1,1
XL_MS,1,4,2,288,348,1,2
XL_MS,1,8,1,307,121,2,2
XL_MS,1,1,1,173,138,1,1
XL_MS,1,1,1,173,289,1,1
XL_MS,1,1,2,173,184,1,1
XL_MS,1,1,2,173,307,1,1
XL_MS,1,1,3,173,342,1,1
XL_MS,1,3,4,273,271,1,1
XL_MS,1,2,3,320,323,1,1
XL_MS,1,2,1,320,185,1,1
XL_MS,1,1,2,106,330,1,1
XL_MS,1,4,5,332,137,1,1
XL_MS,1,1,1,261,259,1,1
XL_MS,1,3,1,342,189,1,1
XL_MS,1,1,7,125,335,1,1
XL_MS,1,1,5,125,322,1,1
XL_MS,1,2,1,333,280,1,1
XL_MS,1,2,3,271,291,1,1
XL_MS,1,2,3,271,309,1,1
XL_MS,1,2,4,271,350,1,1
XL_MS,1,2,1,271,239,1,1
XL_MS,1,2,4,271,314,2,2
XL_MS,1,2,1,271,331,1,1
XL_MS,1,1,1,216,250,2,2
XL_MS,1,1,1,216,206,1,1
XL_MS,1,4,3,349,339,1,1
XL_MS,1,1,1,148,174,1,1
XL_MS,1,4,7,341,341,1,1
XL_MS,1,1,3,307,329,1,1
XL_MS,1,1,1,307,241,1,1
XL_MS,1,1,3,307,245,1,1
XL_MS,1,1,4,307,310,1,1
XL_MS,1,1,6,307,187,1,1
XL_MS,1,1,6,307,120,1,1
XL_MS,1,1,1,307,163,1,1
XL_MS,1,2,1,328,254,1,1
XL_MS,1,2,5,298,350,1,1
XL_MS,1,1,6,292,332,1,1
XL_MS,1,1,1,186,186,2,2
XL_MS,1,1,1,335,251,1,1
XL_MS,1,2,1,186,185,1,1
XL_MS,1,1,1,231,250,1,1
XL_MS,1,1,3,231,268,1,1
XL_MS,1,2,3,348,239,1,1
XL_MS,1,1,1,243,249,1,1
XL_MS,1,1,4,247,164,1,1
XL_MS,1,2,1,334,230,1,1
XL_MS,1,2,1,232,257,1,1
XL_MS,1,2,4,232,341,1,1
XL_MS,1,3,1,291,331,1,1
XL_MS,1,2,3,212,310,1,1
XL_MS,1,2,2,349,312,1,1
XL_MS,1,1,1,116,125,1,1
XL_MS,1,1,3,110,321,1,1
XL_MS,1,2,6,312,185,1,1
XL_MS,1,2,1,349,180,2,2
XL_MS,1,5,2,324,102,1,1
XL_MS,1,3,5,349,335,1,1
XL_MS,1,2,10,178,312,1,1
XL_MS,1,2,4,329,310,1,1
XL_MS,1,1,3,215,164,1,1
XL_MS,1,1,1,167,106,2,2
XL_MS,1,1,1,112,196,3,3
XL_MS,1,1,1,112,192,1,1
XL_MS,1,1,1,259,332,1,1
XL_MS,1,1,2,259,339,1,1
XL_MS,1,5,3,303,108,1,1
XL_MS,1,5,5,310,333,2,3
XL_MS,1,5,3,310,262,3,3
XL_MS,1,1,2,170,166,1,1
XL_MS,1,1,1,89,328,1,1
XL_MS,1,1,2,89,324,1,1
XL_MS,1,1,4,201,344,1,1
XL_MS,1,1,1,268,117,2,2
XL_MS,1,2,1,280,332,1,1
XL_MS,1,2,2,332,306,1,1
XL_MS,1,1,1,329,227,1,1
XL_MS,1,1,1,212,206,1,1
XL_MS,1,1,1,212,148,1,1
XL_MS,1,2,2,344,82,1,1
XL_MS,1,4,4,231,218,1,1
XL_MS,1,4,1,222,344,1,1
XL_MS,1,6,2,292,293,1,1
XL_MS,1,3,6,323,350,1,1
XL_MS,1,1,6,342,335,1,1
XL_MS,1,3,1,329,55,1,1
XL_MS,1,3,1,210,296,1,1
XL_MS,1,3,2,315,195,1,1
XL_MS,1,1,1,206,237,1,1
XL_MS,1,3,1,309,101,1,1
XL_MS,1,1,2,281,320,2,2
XL_MS,1,2,6,220,350,1,1
XL_MS,1,4,1,331,249,1,1
XL_MS,1,4,3,255,303,1,1
XL_MS,1,5,4,338,250,1,1
XL_MS,1,1,5,322,324,1,1
XL_MS,1,6,1,200,124,1,1
XL_MS,1,2,1,162,105,1,1
XL_MS,1,11,3,333,323,1,1
XL_MS,1,7,6,307,313,1,1
XL_MS,1,7,1,307,105,1,1
XL_MS,1,7,1,350,271,1,1
XL_MS,1,7,1,307,258,1,1
XL_MS,1,1,1,118,227,4,4
XL_MS,1,3,6,181,350,1,1
XL_MS,1,2,7,158,136,1,1
XL_MS,1,1,1,166,175,1,1
XL_MS,1,2,1,350,301,1,1
XL_MS,1,3,3,250,333,1,1
XL_MS,1,3,4,250,322,1,1
XL_MS,1,6,8,308,288,1,1
XL_MS,1,2,4,345,272,1,1
XL_MS,1,1,3,296,335,1,1
XL_MS,1,2,1,265,164,1,1
XL_MS,1,1,1,204,281,1,1
XL_MS,1,3,4,344,330,1,1
XL_MS,1,4,2,108,312,1,1
XL_MS,1,3,5,323,310,1,1
XL_MS,1,3,6,323,279,1,1
XL_MS,1,3,1,323,157,1,1
XL_MS,1,2,5,327,280,1,1
XL_MS,1,9,2,312,327,1,1
XL_MS,1,9,1,293,207,1,1
XL_MS,1,3,4,282,284,1,1
XL_MS,1,7,6,350,266,1,1
XL_MS,1,2,2,130,335,1,1
XL_MS,1,1,1,312,326,1,1
XL_MS,1,3,3,323,245,1,1
XL_MS,1,7,4,265,350,1,1
XL_MS,1,10,1,318,241,1,1
XL_MS,1,5,1,346,127,1,1
XL_MS,1,6,2,309,166,1,1
XL_MS,1,2,4,350,315,1,1
XL_MS,1,7,5,277,350,1,1
XL_MS,1,8,2,241,321,1,1
XL_MS,1,1,1,318,248,1,1
XL_MS,1,3,2,214,298,1,1
XL_MS,1,9,1,350,239,1,1
XL_MS,1,3,1,337,228,1,1
XL_MS,1,4,1,298,336,1,1
XL_MS,1,2,1,294,337,1,1
XL_MS,1,2,4,267,350,1,1
XL_MS,1,2,4,294,306,1,1
XL_MS,1,4,4,350,262,1,1
XL_MS,1,6,1,243,280,1,1
XL_MS,1,6,2,243,337,1,1
XL_MS,1,1,3,309,263,1,1
XL_MS,1,3,2,323,323,2,2
XL_MS,1,8,1,282,198,1,1
XL_MS,1,8,4,219,272,1,1
XL_MS,1,1,1,244,192,3,3
XL_MS,1,1,6,244,332,1,1
XL_MS,1,3,3,327,263,1,1
XL_MS,1,2,2,285,324,3,3
XL_MS,1,2,3,297,321,1,1
XL_MS,1,2,5,297,251,1,1
XL_MS,1,3,4,292,336,1,1
XL_MS,1,3,2,297,321,1,1
XL_MS,1,6,3,313,260,1,1
XL_MS,1,6,5,350,321,1,1
XL_MS,1,10,1,350,306,1,1
XL_MS,1,1,10,154,311,1,1
XL_MS,1,5,2,285,166,1,1
XL_MS,1,1,9,336,323,1,1
XL_MS,1,5,1,350,253,1,1
XL_MS,1,2,2,303,263,1,1
XL_MS,1,1,1,160,275,1,1
XL_MS,1,5,7,323,298,4,4
XL_MS,1,6,1,350,239,1,1
XL_MS,1,1,2,98,340,1,1
XL_MS,1,4,1,308,284,1,1
XL_MS,1,3,4,350,175,1,1
XL_MS,1,1,5,299,318,1,1
XL_MS,1,1,3,299,205,1,1
XL_MS,1,1,1,299,153,1,1
XL_MS,1,1,5,299,338,1,1
XL_MS,1,1,1,299,219,1,1
XL_MS,1,4,1,318,259,1,1
XL_MS,1,2,2,327,317,3,3
XL_MS,1,1,1,332,319,1,1
XL_MS,1,1,7,332,273,1,1
XL_MS,1,1,6,332,242,1,1
XL_MS,1,1,2,332,340,1,1
XL_MS,1,1,2,332,316,1,1
XL_MS,1,1,3,332,300,1,1
XL_MS,1,1,1,312,298,2,2
XL_MS,1,5,1,350,106,1,1
XL_MS,1,5,2,350,291,2,2
XL_MS,1,5,3,350,71,1,1
XL_MS,1,2,2,347,166,1,1
XL_MS,1,2,1,80,221,1,1
XL_MS,1,3,9,263,340,2,2
XL_MS,1,3,2,263,88,3,3
XL_MS,1,3,11,263,176,1,1
XL_MS,1,3,5,263,324,1,1
XL_MS,1,3,11,263,222,1,1
XL_MS,1,1,3,306,276,1,1
XL_MS,1,1,2,306,343,1,1
XL_MS,1,2,1,328,235,1,1
XL_MS,1,2,2,218,90,1,1
XL_MS,1,2,2,293,266,2,2
XL_MS,1,3,3,333,324,1,1
XL_MS,1,3,4,333,322,3,6
XL_MS,1,1,1,325,235,2,2
XL_MS,1,3,1,346,327,1,1
XL_MS,1,1,1,102,296,1,1
XL_MS,1,3,1,309,124,1,1
XL_MS,1,6,3,330,321,1,1
XL_MS,1,6,3,330,222,1,1
XL_MS,1,6,7,330,350,1,1
XL_MS,1,4,7,315,178,1,1
XL_MS,1,3,4,318,299,1,1
XL_MS,1,3,1,318,166,2,2
XL_MS,1,4,4,350,350,1,1
XL_MS,1,1,3,194,311,1,1
XL_MS,1,1,1,235,227,10,10
XL_MS,1,2,2,309,328,1,1
XL_MS,1,2,7,309,114,1,1
XL_MS,1,2,3,309,302,1,1
XL_MS,1,2,7,309,229,1,1
XL_MS,1,1,1,126,299,1,1
XL_MS,1,1,1,126,63,1,1
XL_MS,1,3,4,320,30,1,1
XL_MS,1,1,1,269,247,1,1
XL_MS,1,2,1,273,250,1,1
XL_MS,1,5,1,125,324,1,1
XL_MS,1,2,4,250,310,1,1
XL_MS,1,1,10,278,286,1,1
XL_MS,1,1,4,309,346,1,1
XL_MS,1,2,1,277,90,1,1
XL_MS,1,2,1,197,306,1,1
XL_MS,1,2,3,197,104,1,1
XL_MS,1,1,6,302,321,1,1
XL_MS,1,3,6,284,292,1,1
XL_MS,1,3,1,284,273,1,1
XL_MS,1,3,1,348,55,1,1
XL_MS,1,1,1,198,227,1,1
XL_MS,1,2,4,167,330,1,1
XL_MS,1,11,1,204,190,1,1
XL_MS,1,11,1,204,106,4,4
XL_MS,1,2,2,340,257,1,1
XL_MS,1,1,1,110,261,1,1
XL_MS,1,1,3,232,320,1,1
XL_MS,1,1,2,232,326,1,1
XL_MS,1,1,1,232,244,1,1
XL_MS,1,4,3,333,258,1,1
XL_MS,1,4,2,333,278,2,2
XL_MS,1,1,1,235,229,1,1
XL_MS,1,2,2,305,329,1,1
XL_MS,1,2,3,305,164,1,1
XL_MS,1,3,2,108,271,1,1
XL_MS,1,3,1,350,283,1,1
XL_MS,1,1,4,189,281,1,1
XL_MS,1,1,4,189,164,1,1
XL_MS,1,1,5,86,328,1,1
XL_MS,1,2,2,172,152,1,1
XL_MS,1,5,6,113,280,1,1
XL_MS,1,10,1,350,139,1,1
XL_MS,1,8,6,350,297,1,1
XL_MS,1,2,5,269,312,1,1
XL_MS,1,6,1,321,331,5,5
XL_MS,1,2,3,206,40,1,1
XL_MS,1,4,10,302,264,1,1
XL_MS,1,1,7,117,313,1,1
XL_MS,1,1,2,257,269,1,1
XL_MS,1,2,1,240,248,1,1
XL_MS,1,9,1,305,227,1,1
XL_MS,1,1,1,188,175,1,1
XL_MS,1,1,1,267,325,1,1
XL_MS,1,1,1,293,335,1,1
XL_MS,1,2,2,236,234,2,2
XL_MS,1,9,2,350,321,1,1
XL_MS,1,6,7,130,162,1,1
XL_MS,1,1,1,109,308,1,1
XL_MS,1,2,2,342,295,1,1
XL_MS,1,1,4,327,261,1,1
XL_MS,1,1,4,327,248,1,1
XL_MS,1,1,3,327,269,1,1
XL_MS,1,1,4,327,265,1,1
XL_MS,1,1,4,327,254,1,1
XL_MS,1,1,4,327,253,1,1
XL_MS,1,1,4,327,252,1,1
XL_MS,1,1,4,327,254,1,1
XL_MS,1,1,3,327,254,1,1
XL_MS,1,1,4,327,254,1,1
XL_MS,1,1,4,327,255,1,1
XL_MS,1,1,4,327,255,1,1
XL_MS,1,1,4,327,256,1,1
XL_MS,1,1,4,327,256,1,1
XL_MS,1,1,4,327,254,1,1
XL_MS,1,1,5,327,254,1,1
XL_MS,1,1,4,327,256,1,1
XL_MS,1,1,4,327,255,1,1
XL_MS,1,1,4,327,255,1,1
XL_MS,1,1,4,327,254,1,1
XL_MS,1,4,2,336,248,1,1
XL_MS,1,4,1,336,163,1,1
XL_MS,1,2,1,258,106,2,2
XL_MS,1,6,3,259,178,1,1
XL_MS,1,6,4,259,224,1,1
XL_MS,1,1,2,259,332,1,1
XL_MS,1,2,7,148,335,1,1
XL_MS,1,2,2,306,294,1,1
XL_MS,1,2,3,306,75,1,2
XL_MS,1,2,1,218,106,1,1
XL_MS,1,6,1,170,206,1,1
XL_MS,1,6,1,170,246,1,1
XL_MS,1,6,1,170,139,1,1
XL_MS,1,6,9,170,260,1,1
XL_MS,1,6,1,170,186,1,1
XL_MS,1,7,2,256,340,1,1
XL_MS,1,6,1,318,314,1,1
XL_MS,1,2,1,178,124,1,1
XL_MS,1,1,1,125,121,2,2
XL_MS,1,4,2,347,327,1,1
XL_MS,1,2,1,335,166,1,1
XL_MS,1,4,2,204,341,1,1
XL_MS,1,4,2,309,149,1,1
XL_MS,1,4,3,243,304,1,1
XL_MS,1,4,3,335,308,1,1
XL_MS,1,6,5,69,111,1,1
XL_MS,1,3,3,315,344,1,1
XL_MS,1,2,1,298,283,1,1
XL_MS,1,1,1,323,324,3,3
XL_MS,1,1,7,117,313,1,1
XL_MS,1,1,2,335,336,1,1
XL_MS,1,1,1,335,217,1,1
XL_MS,1,1,1,315,323,2,2
XL_MS,1,2,6,329,350,1,1
XL_MS,1,2,6,324,350,1,1
XL_MS,1,2,2,296,294,1,1
XL_MS,1,2,9,245,323,1,1
XL_MS,1,10,1,153,335,1,1
XL_MS,1,3,3,345,215,1,1
XL_MS,1,3,4,342,301,1,1
XL_MS,1,6,1,292,273,1,1
XL_MS,1,1,1,198,306,1,1
XL_MS,1,5,2,283,269,1,1
XL_MS,1,5,6,327,350,2,2
XL_MS,1,5,2,327,332,1,1
XL_MS,1,5,4,150,345,1,1
XL_MS,1,1,1,279,206,1,1
XL_MS,1,3,5,320,286,2,2
XL_MS,1,3,9,320,321,1,1
XL_MS,1,3,1,320,329,1,1
XL_MS,1,2,4,243,346,1,1
XL_MS,1,1,2,280,330,1,1
XL_MS,1,1,6,247,216,1,1
XL_MS,1,1,6,224,350,1,1
XL_MS,1,1,1,285,298,1,1
XL_MS,1,1,4,255,174,1,1
XL_MS,1,2,2,241,241,3,6
XL_MS,1,5,1,300,166,1,1
XL_MS,1,2,2,329,318,1,1
XL_MS,1,2,1,329,239,2,2
XL_MS,1,6,2,341,327,1,1
XL_MS,1,5,1,304,280,2,2
XL_MS,1,3,1,238,250,1,1
XL_MS,1,3,3,132,178,1,1
XL_MS,1,1,5,306,322,1,1
XL_MS,1,3,1,350,64,1,1
XL_MS,1,6,1,350,308,2,2
XL_MS,1,2,3,328,302,1,1
XL_MS,1,2,2,308,328,1,1
XL_MS,1,2,1,313,327,1,1
XL_MS,1,1,1,190,106,1,1
XL_MS,1,2,1,220,326,1,1
XL_MS,1,6,5,350,272,1,1
XL_MS,1,2,3,169,30,1,1
XL_MS,1,1,3,264,345,1,1
XL_MS,1,1,2,337,291,1,1
XL_MS,1,4,1,297,186,1,1
XL_MS,1,1,3,139,343,1,1
XL_MS,1,1,12,228,168,2,2
XL_MS,1,1,1,299,241,1,1
XL_MS,1,1,2,224,182,1,1
XL_MS,1,2,3,345,333,1,1
XL_MS,1,1,1,313,227,1,1
XL_MS,1,2,1,107,331,1,1
XL_MS,1,2,2,107,82,1,1
XL_MS,1,1,2,221,327,1,1
XL_MS,1,1,1,250,240,1,1
XL_MS,1,1,4,204,164,1,1
XL_MS,1,1,3,331,333,1,1
XL_MS,1,5,1,288,329,1,1
XL_MS,1,1,3,241,327,1,1
XL_MS,1,1,7,241,335,1,1
XL_MS,1,1,6,101,281,1,1
XL_MS,1,1,1,197,209,1,1
XL_MS,1,1,3,197,221,1,1
XL_MS,1,1,1,64,153,3,3
XL_MS,1,6,6,338,333,1,1
XL_MS,1,2,1,223,139,2,2
XL_MS,1,1,2,323,269,1,1
XL_MS,1,2,2,298,288,1,1
XL_MS,1,1,1,198,183,1,1
XL_MS,1,2,3,334,238,1,1
XL_MS,1,3,1,320,239,1,1
XL_MS,1,1,1,275,195,2,2
XL_MS,1,3,7,350,350,1,1
XL_MS,1,3,3,295,300,1,1
XL_MS,1,8,1,304,227,1,1
XL_MS,1,2,10,350,324,1,1
XL_MS,1,4,6,174,251,1,1
XL_MS,1,4,1,174,343,1,1
XL_MS,1,4,7,174,305,1,1
XL_MS,1,4,5,174,349,1,1
XL_MS,1,4,1,174,322,3,3
XL_MS,1,4,6,174,198,1,1
XL_MS,1,1,1,198,198,1,1
XL_MS,1,2,3,266,323,1,1
XL_MS,1,6,6,225,263,1,1
XL_MS,1,3,1,311,291,1,1
XL_MS,1,2,1,210,63,1,1
XL_MS,1,2,2,326,328,1,1
XL_MS,1,2,2,347,345,1,1
XL_MS,1,2,4,345,321,1,1
XL_MS,1,2,1,332,130,1,1
XL_MS,1,2,3,324,263,1,1
XL_MS,1,3,2,296,241,1,1
XL_MS,1,3,2,219,176,1,2
XL_MS,1,3,2,344,312,1,1
XL_MS,1,5,4,167,63,1,1
XL_MS,1,5,5,227,335,1,1
XL_MS,1,7,2,136,267,1,1
XL_MS,1,5,7,328,350,1,1
XL_MS,1,5,6,328,345,1,1
XL_MS,1,5,1,328,242,1,1
XL_MS,1,5,1,321,247,1,1
XL_MS,1,2,3,320,327,1,1
XL_MS,1,1,2,307,149,1,1
XL_MS,1,3,4,331,281,1,1
XL_MS,1,2,5,330,286,1,2
XL_MS,1,5,6,259,128,1,1
XL_MS,1,3,1,134,191,2,2
XL_MS,1,3,7,302,229,1,1
XL_MS,1,3,1,231,229,1,1
XL_MS,1,2,1,216,229,1,1
XL_MS,1,2,4,249,314,1,1
XL_MS,1,1,1,206,142,5,5
XL_MS,1,1,1,153,179,2,2
XL_MS,1,1,1,251,192,1,1
XL_MS,1,2,6,90,303,2,2
XL_MS,1,2,7,328,350,1,1
XL_MS,1,7,2,344,291,1,1
XL_MS,1,7,2,313,340,1,1
XL_MS,1,3,7,308,349,1,1
XL_MS,1,3,5,350,96,1,1
XL_MS,1,6,6,350,350,1,1
XL_MS,1,1,1,338,142,1,1
XL_MS,1,3,3,228,332,1,1
XL_MS,1,6,6,344,336,1,2
XL_MS,1,6,5,333,317,2,2
XL_MS,1,6,3,333,346,1,1
XL_MS,1,1,1,308,103,1,1
XL_MS,1,1,1,308,131,1,1
XL_MS,1,6,4,346,240,1,1
XL_MS,1,4,1,325,185,1,1
XL_MS,1,2,2,338,299,3,3
XL_MS,1,2,1,304,256,1,1
XL_MS,1,2,6,331,350,1,1
XL_MS,1,2,8,331,347,2,2
XL_MS,1,1,3,249,290,1,1
XL_MS,1,1,4,55,306,1,1
XL_MS,1,1,8,344,347,1,1
XL_MS,1,10,5,243,309,1,1
XL_MS,1,2,1,309,258,1,1
XL_MS,1,12,1,331,106,1,1
XL_MS,1,2,6,281,280,1,1
XL_MS,1,6,8,350,341,1,1
XL_MS,1,6,6,350,350,1,1
XL_MS,1,3,3,342,225,1,1
XL_MS,1,5,3,255,333,1,1
XL_MS,1,3,2,267,288,1,1
XL_MS,1,2,1,291,339,1,1
XL_MS,1,5,4,341,314,1,1
XL_MS,1,5,4,341,164,1,1
XL_MS,1,1,3,346,316,6,6
XL_MS,1,4,4,322,322,2,2
XL_MS,1,1,3,275,345,1,1
XL_MS,1,4,4,347,272,1,1
XL_MS,1,3,7,327,335,1,1
XL_MS,1,2,1,330,145,1,1
XL_MS,1,2,2,327,317,1,1
XL_MS,1,1,2,332,243,1,1
XL_MS,1,2,2,328,334,2,2
XL_MS,1,2,2,243,315,1,1
XL_MS,1,1,6,241,266,1,1
XL_MS,1,5,5,297,259,1,1
XL_MS,1,1,3,106,291,1,1
XL_MS,1,1,4,106,316,1,1
XL_MS,1,3,4,302,198,1,1
XL_MS,1,5,4,234,255,1,1
XL_MS,1,9,1,340,250,1,1
XL_MS,1,6,1,347,324,1,1
XL_MS,1,1,3,164,341,1,1
XL_MS,1,1,1,225,194,1,1
XL_MS,1,1,4,225,256,1,1
XL_MS,1,6,8,199,191,2,2
XL_MS,1,7,4,335,334,1,1
XL_MS,1,4,8,224,234,1,1
XL_MS,1,6,2,330,340,1,1
XL_MS,1,4,1,330,185,2,2
XL_MS,1,4,4,261,236,1,1
XL_MS,1,4,4,248,236,1,1
XL_MS,1,1,3,303,345,1,1
XL_MS,1,2,5,333,243,1,1
XL_MS,1,1,3,185,281,2,2
XL_MS,1,1,2,185,338,1,1
XL_MS,1,5,5,259,297,1,1
XL_MS,1,9,2,256,312,1,1
XL_MS,1,3,5,283,333,1,1
XL_MS,1,4,1,216,247,1,1
XL_MS,1,2,1,166,331,2,2
XL_MS,1,1,3,244,306,2,3
XL_MS,1,3,3,329,333,4,10
XL_MS,1,1,2,185,113,2,2
XL_MS,1,1,1,219,145,1,1
XL_MS,1,2,1,31,64,1,1
XL_MS,1,3,1,331,83,1,1
XL_MS,1,1,1,187,296,2,2
XL_MS,1,1,1,187,190,4,4
XL_MS,1,1,1,296,190,1,1
XL_MS,1,1,1,280,258,1,1
XL_MS,1,1,1,105,258,1,1
XL_MS,1,2,4,327,272,1,1
XL_MS,1,6,2,316,324,1,1
XL_MS,1,1,1,194,89,2,2
XL_MS,1,3,4,269,236,1,1
XL_MS,1,4,4,265,236,1,1
XL_MS,1,4,4,254,236,1,1
XL_MS,1,4,4,253,236,1,1
XL_MS,1,4,4,252,236,1,1
XL_MS,1,4,4,254,236,1,1
XL_MS,1,3,4,254,236,1,1
XL_MS,1,4,4,254,236,1,1
XL_MS,1,4,4,255,236,1,1
XL_MS,1,4,4,255,236,1,1
XL_MS,1,4,4,236,256,1,1
XL_MS,1,4,4,236,254,1,1
XL_MS,1,4,5,236,254,1,1
XL_MS,1,4,4,236,256,1,1
XL_MS,1,4,4,236,255,1,1
XL_MS,1,4,4,236,257,1,1
XL_MS,1,4,4,236,255,1,1
XL_MS,1,4,4,236,254,1,1
XL_MS,1,1,1,83,95,8,8
XL_MS,1,9,2,274,324,1,1
XL_MS,1,1,1,339,339,1,1
XL_MS,1,2,2,337,337,1,1
XL_MS,1,1,1,223,223,1,1
XL_MS,1,4,4,305,305,1,2
XL_MS,1,1,1,298,298,1,1
XL_MS,1,2,2,226,226,1,1
XL_MS,1,2,2,341,341,1,1
XL_MS,1,2,2,335,335,1,1
XL_MS,1,1,1,82,82,1,1
XL_MS,1,4,4,317,317,1,1
XL_MS,1,1,1,133,133,1,1
XL_MS,1,1,1,329,329,1,1
XL_MS,1,1,1,178,178,1,1
XL_MS,1,2,2,241,241,1,1
XL_MS,1,3,3,339,339,1,1
XL_MS,1,3,3,333,333,1,1
XL_MS,1,2,2,284,284,1,1
XL_MS,1,4,4,257,257,1,2
XL_MS,1,1,1,137,137,1,1
XL_MS,1,3,3,264,264,2,3
XL_MS,1,5,5,298,298,1,1
XL_MS,1,6,6,343,343,2,2
XL_MS,1,1,1,286,286,1,1
XL_MS,1,1,1,108,108,3,3
XL_MS,1,2,2,345,345,1,1
XL_MS,1,3,3,30,30,1,2
XL_MS,1,5,5,261,261,1,1
XL_MS,1,1,1,207,207,1,1
XL_MS,1,2,2,267,267,1,1
XL_MS,1,6,6,350,350,1,1
XL_MS,1,3,3,301,301,1,1
XL_MS,1,5,5,350,350,1,1
XL_MS,1,3,3,56,56,1,1
XL_MS,1,1,1,103,103,1,1
XL_MS,1,2,2,313,313,1,1
XL_MS,1,1,1,339,339,3,3
XL_MS,1,3,3,267,267,1,1
XL_MS,1,1,1,243,243,4,4
XL_MS,1,2,2,243,243,1,1
XL_MS,1,1,1,258,258,1,1
XL_MS,1,3,3,214,214,1,1
XL_MS,1,1,1,134,134,1,1
XL_MS,1,3,3,350,350,1,1
XL_MS,1,4,4,350,350,3,5
XL_MS,1,1,1,289,289,1,1
XL_MS,1,2,2,237,237,1,1
XL_MS,1,1,1,175,175,1,1
XL_MS,1,1,1,317,317,1,1
XL_MS,1,1,1,304,304,3,3
XL_MS,1,5,5,234,234,1,1
XL_MS,1,4,4,274,274,1,1
XL_MS,1,2,2,333,333,3,3
XL_MS,1,3,3,350,350,2,2
XL_MS,1,1,1,234,234,1,1
XL_MS,1,1,1,205,205,2,2
XL_MS,1,3,3,350,350,1,1
XL_MS,1,1,1,298,298,3,3
XL_MS,1,2,2,234,234,5,9
XL_MS,1,4,4,350,350,2,2
XL_MS,1,1,1,294,294,4,4
XL_MS,1,1,1,285,285,1,1
XL_MS,1,3,3,335,335,1,1
XL_MS,1,2,2,294,294,1,1
XL_MS,1,5,5,323,323,4,6
XL_MS,1,2,2,271,271,1,1
XL_MS,1,1,1,339,339,1,1
XL_MS,1,8,8,310,310,1,1
XL_MS,1,3,3,340,340,1,1
XL_MS,1,2,2,323,323,1,1
XL_MS,1,1,1,313,313,1,1
XL_MS,1,3,3,325,325,2,2
XL_MS,1,1,1,325,325,1,1
XL_MS,1,1,1,195,195,1,1
XL_MS,1,2,2,223,223,1,1
XL_MS,1,1,1,320,320,1,1
XL_MS,1,2,2,313,313,2,2
XL_MS,1,1,1,75,75,1,1
XL_MS,1,2,2,333,333,2,2
XL_MS,1,1,1,149,149,1,1
XL_MS,1,1,1,184,184,1,1
XL_MS,1,1,1,219,219,7,7
XL_MS,1,3,3,325,325,2,2
XL_MS,1,4,4,350,350,1,1
XL_MS,1,2,2,216,216,1,1
XL_MS,1,3,3,350,350,1,1
XL_MS,1,5,5,322,322,1,1
XL_MS,1,4,4,249,249,1,1
XL_MS,1,2,2,324,324,1,1
XL_MS,1,6,6,350,350,1,1
XL_MS,1,2,2,283,283,3,4
XL_MS,1,2,2,349,349,2,2
XL_MS,1,3,3,349,349,2,2
XL_MS,1,4,4,253,253,1,1
XL_MS,1,1,1,169,169,2,2
XL_MS,1,5,5,350,350,2,2
XL_MS,1,5,5,30,30,1,3
XL_MS,1,2,2,263,263,1,1
XL_MS,1,3,3,270,270,1,1
XL_MS,1,3,3,206,206,1,1
XL_MS,1,3,3,345,345,2,2
XL_MS,1,2,2,315,315,2,3
XL_MS,1,2,2,241,241,2,2
XL_MS,1,1,1,152,152,1,1
XL_MS,1,1,1,274,274,1,1
XL_MS,1,1,1,221,221,2,2
XL_MS,1,5,5,307,307,2,3
XL_MS,1,1,1,149,149,1,1
XL_MS,1,4,4,169,169,3,3
XL_MS,1,3,3,332,332,1,1
XL_MS,1,1,1,254,254,1,1
XL_MS,1,1,1,108,108,1,1
XL_MS,1,6,6,75,75,1,2
XL_MS,1,6,6,336,336,1,1
XL_MS,1,1,1,150,150,1,1
XL_MS,1,4,4,350,350,6,7
XL_MS,1,1,1,283,283,1,1
XL_MS,1,5,5,185,185,1,1
XL_MS,1,1,1,152,152,1,1
XL_MS,1,2,2,249,249,2,2
XL_MS,1,4,4,30,30,1,1
XL_MS,1,3,3,350,350,1,1
XL_MS,1,1,1,166,166,2,2
XL_MS,1,1,1,118,118,1,1
XL_MS,1,1,1,80,80,1,1
XL_MS,1,1,1,256,256,1,1
XL_MS,1,3,3,350,350,4,4
XL_MS,1,3,3,268,268,1,1
XL_MS,1,1,1,263,263,1,1
XL_MS,1,1,1,255,255,1,1
XL_MS,1,3,3,261,261,1,1
XL_MS,1,2,2,306,306,1,1
XL_MS,1,1,1,211,211,1,1
XL_MS,1,3,3,204,204,1,1
XL_MS,1,2,2,205,205,3,3
XL_MS,1,4,4,270,270,1,1
XL_MS,1,1,1,318,318,1,1
XL_MS,1,1,1,260,260,1,1
XL_MS,1,2,2,280,280,1,1
XL_MS,1,6,6,350,350,1,1
XL_MS,1,1,1,264,264,1,1
XL_MS,1,3,3,350,350,1,1
XL_MS,1,3,3,350,350,1,2
XL_MS,1,6,6,333,333,1,1
XL_MS,1,2,2,288,288,1,1
XL_MS,1,1,1,281,281,1,1
XL_MS,1,1,1,224,224,1,1
XL_MS,1,1,1,214,214,1,1
XL_MS,1,1,1,256,256,3,3
XL_MS,1,1,1,290,290,5,5
XL_MS,1,3,3,350,350,2,2
XL_MS,1,3,3,328,328,1,1
XL_MS,1,2,2,265,265,1,1
XL_MS,1,3,3,350,350,1,1
XL_MS,1,1,1,246,246,1,1
XL_MS,1,1,1,198,198,1,1
XL_MS,1,1,1,192,192,2,2
XL_MS,1,4,4,333,333,1,3
XL_MS,1,4,4,164,164,2,2
XL_MS,1,3,3,350,350,1,1
XL_MS,1,1,1,272,272,2,2
XL_MS,1,1,1,121,121,1,1
XL_MS,1,2,2,346,346,4,4
XL_MS,1,2,2,318,318,1,1
XL_MS,1,2,2,281,281,1,1
XL_MS,1,1,1,140,140,1,1
XL_MS,1,1,1,145,145,1,1
XL_MS,1,2,2,281,281,2,2
XL_MS,1,2,2,349,349,1,1
XL_MS,1,4,4,296,296,1,1
XL_MS,1,2,2,228,228,1,1
XL_MS,1,1,1,334,334,1,1
XL_MS,1,3,3,341,341,2,2
XL_MS,1,3,3,277,277,1,1
XL_MS,1,1,1,302,302,2,2
XL_MS,1,3,3,288,288,1,1
XL_MS,1,4,4,296,296,2,2
XL_MS,1,4,4,325,325,2,3
XL_MS,1,1,1,277,277,1,1
XL_MS,1,6,6,339,339,1,1
XL_MS,1,2,2,236,236,2,3
XL_MS,1,2,2,86,86,1,1
XL_MS,1,4,4,335,335,1,2
XL_MS,1,3,3,301,301,1,1
XL_MS,1,1,1,313,313,1,1
XL_MS,1,3,3,53,53,1,1
XL_MS,1,3,3,283,283,1,1
XL_MS,1,1,1,160,160,1,1
XL_MS,1,1,1,165,165,1,1
XL_MS,1,2,2,245,245,1,1
XL_MS,1,1,1,159,159,1,1
XL_MS,1,1,1,213,213,5,5
XL_MS,1,4,4,255,255,1,1
XL_MS,1,4,4,322,322,1,1
XL_MS,1,2,2,187,187,1,1
XL_MS,1,4,4,305,305,1,1
XL_MS,1,4,4,350,350,2,2
XL_MS,1,1,1,126,126,1,1
XL_MS,1,2,2,328,328,1,1
XL_MS,1,2,2,336,336,1,1
XL_MS,1,2,2,296,296,3,3
XL_MS,1,4,4,302,302,1,1
XL_MS,1,1,1,215,215,3,3
XL_MS,1,2,2,244,244,1,1
XL_MS,1,5,5,149,149,1,2
XL_MS,1,2,2,328,328,1,1
XL_MS,1,1,1,324,324,1,1
XL_MS,1,1,1,278,278,5,5
XL_MS,1,2,2,220,220,1,1
XL_MS,1,1,1,198,198,1,1
XL_MS,1,5,5,279,279,2,3
XL_MS,1,2,2,239,239,1,1
XL_MS,1,1,1,127,127,2,2
XL_MS,1,5,5,308,308,1,1
XL_MS,1,4,4,334,334,2,4
XL_MS,1,2,2,261,261,1,1
XL_MS,1,1,1,323,323,2,2
XL_MS,1,5,5,269,269,1,1
XL_MS,1,2,2,242,242,1,1
XL_MS,1,1,1,58,58,1,1
XL_MS,1,1,1,69,69,3,3
XL_MS,1,1,1,249,249,1,1
XL_MS,1,1,1,277,277,1,1
XL_MS,1,2,2,282,282,1,1
XL_MS,1,2,2,243,243,2,2
XL_MS,1,1,1,206,206,2,2
XL_MS,1,1,1,264,264,1,1
XL_MS,1,1,1,254,254,4,4
XL_MS,1,1,1,136,136,1,1
XL_MS,1,1,1,104,104,1,1
XL_MS,1,2,2,248,248,1,1
XL_MS,1,1,1,247,247,1,1
XL_MS,1,1,1,130,130,1,1
XL_MS,1,1,1,255,255,1,1
XL_MS,1,1,1,158,158,1,1
XL_MS,1,1,1,76,76,1,1
XL_MS,1,1,1,126,126,1,1
XL_MS,1,1,1,266,266,1,1
XL_MS,1,1,1,263,263,1,1
XL_MS,1,1,1,249,249,1,1
XL_MS,1,1,1,178,178,1,1
XL_MS,1,1,1,165,165,1,1
XL_MS,1,1,1,108,108,1,1
XL_MS,1,1,1,156,156,1,1
XL_MS,1,1,1,89,89,1,1
XL_MS,1,1,1,68,68,1,1
XL_MS,1,2,2,347,347,1,1
XL_MS,1,1,1,154,154,1,1
XL_MS,1,3,3,311,311,2,2
XL_MS,1,1,1,229,229,1,1
XL_MS,1,3,3,258,258,1,1
XL_MS,1,3,3,329,329,2,3
XL_MS,1,2,2,323,323,2,2
XL_MS,1,4,4,222,222,1,1
XL_MS,1,1,1,104,104,1,1
XL_MS,1,1,1,105,105,4,4
XL_MS,1,2,2,331,331,1,1
XL_MS,1,6,6,324,324,1,1
XL_MS,1,4,4,341,341,1,1
XL_MS,1,1,1,290,290,2,2
XL_MS,1,1,1,221,221,1,1
XL_MS,1,2,2,303,303,1,1
XL_MS,1,4,4,30,30,1,1
XL_MS,1,4,4,300,300,1,1
XL_MS,1,6,6,302,302,1,2
XL_MS,1,4,4,346,346,1,1
XL_MS,1,5,5,271,271,2,3
XL_MS,1,2,2,203,203,1,1
XL_MS,1,4,4,350,350,2,2
XL_MS,1,1,1,184,184,1,1
XL_MS,1,1,1,148,148,1,1
XL_MS,1,4,4,301,301,1,1
XL_MS,1,1,1,249,249,1,1
XL_MS,1,1,1,199,199,5,5
XL_MS,1,1,1,188,188,1,1
XL_MS,1,2,2,279,279,4,6
XL_MS,1,1,1,329,329,3,3
XL_MS,1,7,7,255,255,1,1
XL_MS,1,4,4,314,314,1,2
XL_MS,1,4,4,302,302,1,1
XL_MS,1,1,1,328,328,1,1
XL_MS,1,3,3,254,254,1,1
XL_MS,1,2,2,343,343,2,3
XL_MS,1,1,1,271,271,4,4
XL_MS,1,6,6,342,342,2,2
XL_MS,1,2,2,336,336,1,1
XL_MS,1,7,7,188,188,1,1
XL_MS,1,6,6,299,299,1,1
XL_MS,1,2,2,319,319,3,3
XL_MS,1,2,2,316,316,1,1
XL_MS,1,3,3,318,318,1,1
XL_MS,1,2,2,329,329,1,1
XL_MS,1,5,5,265,265,1,1
XL_MS,1,7,7,250,250,1,1
XL_MS,1,4,4,257,257,1,1
XL_MS,1,5,5,104,104,2,2
XL_MS,1,7,7,333,333,1,4
XL_MS,1,2,2,273,273,1,1
XL_MS,1,1,1,289,289,1,1
XL_MS,1,2,2,273,273,1,1
XL_MS,1,2,2,282,282,1,1
XL_MS,1,1,1,268,268,1,1
XL_MS,1,7,7,208,208,1,1
XL_MS,1,2,2,329,329,1,1
XL_MS,1,2,2,254,254,3,5
XL_MS,1,1,1,247,247,2,2
XL_MS,1,1,1,277,277,2,2
XL_MS,1,2,2,347,347,1,1
XL_MS,1,2,2,286,286,1,2
XL_MS,1,1,1,101,101,1,1
XL_MS,1,1,1,128,128,1,1
XL_MS,1,5,5,350,350,1,1
XL_MS,1,5,5,311,311,1,2
XL_MS,1,2,2,312,312,1,1
XL_MS,1,3,3,316,316,1,1
XL_MS,1,1,1,154,154,1,1
XL_MS,1,3,3,334,334,1,1
XL_MS,1,5,5,216,216,1,1
XL_MS,1,7,7,225,225,1,1
XL_MS,1,4,4,324,324,1,1
XL_MS,1,7,7,350,350,1,1
XL_MS,1,3,3,215,215,7,7
XL_MS,1,4,4,245,245,1,1
XL_MS,1,6,6,251,251,1,1
XL_MS,1,2,2,283,283,1,1
XL_MS,1,4,4,330,330,2,2
XL_MS,1,2,2,337,337,1,1
XL_MS,1,3,3,334,334,1,1
XL_MS,1,2,2,178,178,1,1
XL_MS,1,6,6,237,237,2,2
XL_MS,1,3,3,162,162,1,1
XL_MS,1,2,2,344,344,1,1
XL_MS,1,3,3,75,75,1,1
XL_MS,1,3,3,334,334,1,1
XL_MS,1,1,1,244,244,1,1
XL_MS,1,1,1,306,306,1,1
XL_MS,1,2,2,332,332,1,1
XL_MS,1,5,5,252,252,1,1
XL_MS,1,1,1,257,257,1,1
XL_MS,1,1,1,347,347,1,1
XL_MS,1,4,4,289,289,1,1
XL_MS,1,1,1,271,271,1,1
XL_MS,1,3,3,181,181,1,1
XL_MS,1,1,1,240,240,1,1
XL_MS,1,1,1,343,343,1,1
XL_MS,1,1,1,149,149,1,1
XL_MS,1,2,2,322,322,2,2
XL_MS,1,2,2,326,326,1,1
XL_MS,1,2,2,227,227,2,3
XL_MS,1,1,1,135,135,1,1
XL_MS,1,1,1,220,220,1,1
XL_MS,1,3,3,340,340,1,2
XL_MS,1,3,3,334,334,1,1
XL_MS,1,3,3,185,185,3,3
XL_MS,1,6,6,261,261,1,1
XL_MS,1,1,1,208,208,1,1
XL_MS,1,9,9,350,350,1,1
XL_MS,1,3,3,293,293,1,1
XL_MS,1,4,4,239,239,2,2
XL_MS,1,2,2,246,246,1,1
XL_MS,1,3,3,329,329,1,2
XL_MS,1,4,4,314,314,1,1
XL_MS,1,6,6,172,172,1,1
XL_MS,1,2,2,313,313,1,1
XL_MS,1,1,1,118,118,1,1
XL_MS,1,1,1,260,260,1,1
XL_MS,1,2,2,348,348,1,1
XL_MS,1,1,1,320,320,3,3
XL_MS,1,3,3,170,170,1,1
XL_MS,1,2,2,347,347,3,3
XL_MS,1,5,5,343,343,1,1
XL_MS,1,1,1,89,89,1,1
XL_MS,1,1,1,289,289,1,1
XL_MS,1,1,1,314,314,1,1
XL_MS,1,4,4,342,342,1,1
XL_MS,1,3,3,335,335,1,1
XL_MS,1,1,1,312,312,1,1
XL_MS,1,6,6,309,309,2,2
XL_MS,1,1,1,189,189,2,2
XL_MS,1,1,1,98,98,1,1
XL_MS,1,1,1,261,261,1,1
XL_MS,1,2,2,327,327,2,3
XL_MS,1,2,2,171,171,1,1
XL_MS,1,2,2,334,334,1,1
XL_MS,1,3,3,333,333,1,1
XL_MS,1,3,3,309,309,2,2
XL_MS,1,6,6,323,323,1,1
XL_MS,1,3,3,327,327,1,1
XL_MS,1,1,1,245,245,1,1
XL_MS,1,1,1,243,243,1,1
XL_MS,1,3,3,296,296,1,1
XL_MS,1,2,2,174,174,1,1
XL_MS,1,2,2,206,206,1,1
XL_MS,1,6,6,304,304,1,1
XL_MS,1,5,5,315,315,1,2
XL_MS,1,1,1,254,254,1,1
XL_MS,1,1,1,334,334,1,1
XL_MS,1,5,5,146,146,1,1
XL_MS,1,3,3,320,320,1,1
XL_MS,1,2,2,197,197,1,1
XL_MS,1,2,2,331,331,1,1
XL_MS,1,1,1,179,179,2,2
XL_MS,1,1,1,170,170,1,1
XL_MS,1,2,2,326,326,1,1
XL_MS,1,1,1,228,228,1,1
XL_MS,1,2,2,345,345,1,1
XL_MS,1,2,2,298,298,1,1
XL_MS,1,3,3,350,350,1,1
XL_MS,1,1,1,328,328,1,1
XL_MS,1,6,6,251,251,1,1
XL_MS,1,2,2,140,140,1,1
XL_MS,1,3,3,219,219,1,1
XL_MS,1,3,3,310,310,1,1
XL_MS,1,3,3,215,215,10,15
XL_MS,1,2,2,337,337,1,1
XL_MS,1,1,1,227,227,8,8
XL_MS,1,4,4,225,225,1,1
XL_MS,1,4,4,265,265,1,1
XL_MS,1,1,1,249,249,2,2
XL_MS,1,3,3,335,335,1,1
XL_MS,1,2,2,347,347,1,1
XL_MS,1,6,6,350,350,9,17
XL_MS,1,5,5,255,255,1,1
XL_MS,1,8,8,45,45,1,1
XL_MS,1,2,2,291,291,2,2
XL_MS,1,1,1,348,348,1,1
XL_MS,1,1,1,72,72,1,1
XL_MS,1,1,1,328,328,3,3
XL_MS,1,5,5,332,332,1,1
XL_MS,1,1,1,287,287,1,1
XL_MS,1,5,5,108,108,1,1
XL_MS,1,1,1,167,167,1,1
XL_MS,1,2,2,269,269,1,1
XL_MS,1,1,1,241,241,1,1
XL_MS,1,3,3,302,302,1,2
XL_MS,1,3,3,302,302,2,2
XL_MS,1,4,4,121,121,1,1
XL_MS,1,3,3,208,208,1,1
XL_MS,1,2,2,323,323,8,8
XL_MS,1,3,3,251,251,1,1
XL_MS,1,1,1,219,219,1,1
XL_MS,1,2,2,287,287,2,2
XL_MS,1,4,4,224,224,1,1
XL_MS,1,1,1,99,99,1,1
XL_MS,1,2,2,331,331,1,1
XL_MS,1,4,4,230,230,1,1
XL_MS,1,3,3,327,327,1,1
XL_MS,1,2,2,312,312,8,10
XL_MS,1,2,2,269,269,1,1
XL_MS,1,2,2,176,176,1,1
XL_MS,1,2,2,31,31,1,1
XL_MS,1,5,5,315,315,1,1
XL_MS,1,1,1,226,226,3,3
XL_MS,1,2,2,191,191,2,3
XL_MS,1,1,1,137,137,1,1
XL_MS,1,1,1,179,179,1,1
XL_MS,1,6,6,301,301,1,1
XL_MS,1,4,4,313,313,1,1
XL_MS,1,4,4,322,322,1,1
XL_MS,1,1,1,89,89,1,1
XL_MS,1,1,1,329,329,1,1
XL_MS,1,2,2,30,30,1,1
XL_MS,1,3,3,335,335,1,1
XL_MS,1,3,3,334,334,1,1
XL_MS,1,3,3,278,278,1,1
XL_MS,1,4,1,169,126,2,2
XL_MS,1,1,1,128,246,1,1
XL_MS,1,1,1,156,136,1,1
XL_MS,1,1,1,130,130,6,6
XL_MS,1,1,1,136,136,31,31
XL_MS,1,1,1,130,126,1,1
XL_MS,1,6,1,278,136,1,1
XL_MS,1,1,7,126,349,1,1
XL_MS,1,1,1,145,128,1,1
XL_MS,1,1,1,128,310,1,1
XL_MS,1,1,2,127,168,1,1
XL_MS,1,3,1,302,136,3,3
XL_MS,1,1,6,126,263,1,1
XL_MS,1,1,4,136,102,1,1
XL_MS,1,5,1,350,126,1,1
XL_MS,1,1,3,128,318,1,1
XL_MS,1,1,5,126,175,1,1
XL_MS,1,4,1,329,193,1,1
XL_MS,1,1,11,130,263,1,1
XL_MS,1,1,12,126,252,1,1
XL_MS,1,6,1,339,126,1,1
XL_MS,1,7,1,349,126,1,1
XL_MS,1,1,1,218,136,1,1
XL_MS,1,2,1,214,136,2,2
XL_MS,1,1,4,128,350,1,1
XL_MS,1,7,1,348,193,1,1
XL_MS,1,2,1,305,135,1,1
XL_MS,1,1,1,183,126,1,1
XL_MS,1,3,1,350,128,1,1
XL_MS,1,1,1,198,128,1,1
XL_MS,1,1,7,128,267,1,1
XL_MS,1,1,1,143,128,1,1
XL_MS,1,1,1,126,127,2,2
XL_MS,1,1,3,126,260,1,1
XL_MS,1,1,1,243,127,1,1
XL_MS,1,1,1,100,128,1,1
XL_MS,1,1,5,126,167,1,1
XL_MS,1,1,7,128,148,1,1
XL_MS,1,1,1,204,130,1,1
XL_MS,1,1,1,313,130,2,2
XL_MS,1,1,3,130,262,1,1
XL_MS,1,1,3,126,313,1,1
XL_MS,1,1,6,126,350,1,1
XL_MS,1,1,2,126,317,1,1
XL_MS,1,1,1,130,130,2,2
XL_MS,1,1,1,157,126,1,1
XL_MS,1,7,1,289,126,1,1
XL_MS,1,8,1,55,126,1,1
XL_MS,1,1,1,126,128,1,1
XL_MS,1,10,1,350,135,1,1
XL_MS,1,1,1,194,130,1,1
XL_MS,1,1,1,126,128,1,1
XL_MS,1,1,1,130,298,1,1
XL_MS,1,1,2,130,314,1,1
XL_MS,1,1,1,126,100,1,1
XL_MS,1,1,1,128,127,3,3
XL_MS,1,1,1,203,126,1,1
XL_MS,1,1,1,126,144,1,1
XL_MS,1,5,1,279,126,1,1
XL_MS,1,1,3,136,171,1,1
XL_MS,1,10,1,338,128,1,1
XL_MS,1,1,1,100,130,1,1
XL_MS,1,1,1,126,130,2,2
XL_MS,1,1,3,126,318,1,1
XL_MS,1,10,1,323,127,1,1
XL_MS,1,4,1,340,126,1,1
XL_MS,1,1,7,126,350,1,1
XL_MS,1,1,6,130,259,1,1
XL_MS,1,2,3,169,350,1,1
XL_MS,1,5,1,350,193,2,2
XL_MS,1,1,1,143,127,1,1
XL_MS,1,2,1,298,126,1,1
XL_MS,1,1,1,126,157,2,2
XL_MS,1,1,2,130,320,1,1
XL_MS,1,1,12,126,350,1,1
XL_MS,1,1,1,126,183,1,1
XL_MS,1,3,1,318,128,1,1
XL_MS,1,1,1,126,171,1,1
XL_MS,1,1,4,136,242,1,1
XL_MS,1,1,1,126,130,2,2
XL_MS,1,1,2,126,147,1,1
XL_MS,1,2,1,343,126,1,1
XL_MS,1,1,7,126,339,1,1
XL_MS,1,10,1,350,136,1,1
XL_MS,1,1,1,130,213,3,3
XL_MS,1,1,6,128,326,2,2
XL_MS,1,1,1,130,337,1,1
XL_MS,1,1,5,126,280,1,1
XL_MS,1,4,1,290,127,1,1
XL_MS,1,2,1,313,126,1,1
XL_MS,1,2,1,318,126,1,1
XL_MS,1,1,6,193,257,1,1
XL_MS,1,1,1,136,98,1,1
XL_MS,1,1,1,128,128,2,2
XL_MS,1,1,1,313,136,1,1
XL_MS,1,1,6,130,277,1,1
XL_MS,1,1,3,193,318,1,1
XL_MS,1,1,1,136,140,1,1
XL_MS,1,1,1,126,141,1,1
XL_MS,1,9,1,297,127,1,1
XL_MS,1,1,4,130,150,1,1
XL_MS,1,1,1,144,126,2,2
XL_MS,1,1,1,130,126,3,3
XL_MS,1,1,1,130,213,1,1
XL_MS,1,1,1,126,128,1,1
XL_MS,1,1,2,126,295,1,1
XL_MS,1,1,1,126,148,1,1
XL_MS,1,1,1,278,136,1,1
XL_MS,1,1,1,126,64,1,1
XL_MS,1,1,5,136,313,1,1
XL_MS,1,1,1,128,174,1,1
XL_MS,1,1,3,128,323,1,1
XL_MS,1,1,1,126,136,2,2
XL_MS,1,1,5,136,225,1,1
XL_MS,1,1,1,126,101,1,1
XL_MS,1,1,5,193,347,1,1
XL_MS,1,7,1,196,126,1,1
XL_MS,1,6,1,288,130,3,3
XL_MS,1,2,1,214,130,1,1
XL_MS,1,1,1,215,135,7,7
XL_MS,1,4,1,304,126,1,1
XL_MS,1,1,1,145,126,1,1
XL_MS,1,1,1,272,128,1,1
XL_MS,1,2,1,337,130,1,1
XL_MS,1,1,1,158,126,1,1
